# Name  Dist  Rad  Vobs  e_Vobs  Vgas  Vdisk  Vbulge  SBdisk  SBbulge
Z000001      0.000000   0.0000   0.12903606   0.000000   0.03484159   0.09419447   0.000000   0.27001439   0.35712487
Z000002      6.887314   0.0003   0.19221052   0.000000   0.06870860   0.12350192   0.000000   0.35746534   0.53196880
Z000003      3.988818   0.0006   0.21986189   0.000000   0.08569265   0.13416924   0.000000   0.38975672   0.60849771
Z000004     12.575321   0.0009   0.28468989   0.000000   0.12939828   0.15529161   0.000000   0.45452363   0.78791804
Z000005      3.332541   0.0012   0.29821030   0.000000   0.13908639   0.15912391   0.000000   0.46640371   0.82533762
Z000006      2.408354   0.0014   0.30731238   0.000000   0.14570480   0.16160758   0.000000   0.47412602   0.85052887
Z000007      9.643248   0.0017   0.33929522   0.000000   0.16952503   0.16977019   0.000000   0.49963872   0.93904573
Z000008      7.861457   0.0020   0.36131916   0.000000   0.18639254   0.17492662   0.000000   0.51586674   1.00000000
Z000009      4.280766   0.0023   0.37214248   0.000000   0.19480782   0.17733466   0.000000   0.52347643   1.02995500
Z000010      1.967266   0.0026   0.37687987   0.000000   0.19851594   0.17836393   0.000000   0.52673532   1.04306637
Z000011      2.466591   0.0029   0.38262712   0.000000   0.20303413   0.17959300   0.000000   0.53063182   1.05897268
Z000012      2.520756   0.0032   0.38829371   0.000000   0.20750948   0.18078424   0.000000   0.53441369   1.07465574
Z000013      7.270217   0.0035   0.40359024   0.000000   0.21968860   0.18390164   0.000000   0.54433576   1.11699096
Z000014     16.533259   0.0038   0.43371674   0.000000   0.24406644   0.18965030   0.000000   0.56273235   1.20037016
Z000015      2.960560   0.0040   0.43855721   0.000000   0.24802844   0.19052877   0.000000   0.56555549   1.21376681
Z000016      2.486657   0.0043   0.44251210   0.000000   0.25127439   0.19123772   0.000000   0.56783619   1.22471252
Z000017      2.407687   0.0046   0.44624998   0.000000   0.25434938   0.19190059   0.000000   0.56997063   1.23505759
Z000018      1.721085   0.0049   0.44886911   0.000000   0.25650813   0.19236098   0.000000   0.57145418   1.24230641
Z000019      1.721988   0.0052   0.45144719   0.000000   0.25863629   0.19281090   0.000000   0.57290487   1.24944158
Z000020     11.622172   0.0055   0.46783385   0.000000   0.27223665   0.19559720   0.000000   0.58190883   1.29479389
Z000021      2.579342   0.0058   0.47125264   0.000000   0.27508968   0.19616297   0.000000   0.58374139   1.30425588
Z000022      1.576704   0.0061   0.47330689   0.000000   0.27680648   0.19650041   0.000000   0.58483509   1.30994129
Z000023      1.309989   0.0064   0.47499371   0.000000   0.27821760   0.19677610   0.000000   0.58572903   1.31460978
Z000024      3.259865   0.0066   0.47911529   0.000000   0.28167080   0.19744449   0.000000   0.58789775   1.32601682
Z000025      2.062020   0.0069   0.48166833   0.000000   0.28381352   0.19785481   0.000000   0.58923018   1.33308272
Z000026      1.508984   0.0072   0.48351103   0.000000   0.28536180   0.19814924   0.000000   0.59018673   1.33818264
Z000027      2.410049   0.0075   0.48641052   0.000000   0.28780094   0.19860959   0.000000   0.59168320   1.34620738
Z000028      1.258773   0.0078   0.48790419   0.000000   0.28905884   0.19884536   0.000000   0.59244999   1.35034131
Z000029      3.359532   0.0081   0.49182333   0.000000   0.29236379   0.19945954   0.000000   0.59444880   1.36118807
Z000030      1.620167   0.0084   0.49367943   0.000000   0.29393123   0.19974821   0.000000   0.59538884   1.36632507
Z000031      1.387498   0.0087   0.49525195   0.000000   0.29526029   0.19999166   0.000000   0.59618198   1.37067724
Z000032      1.988138   0.0090   0.49747847   0.000000   0.29714382   0.20033465   0.000000   0.59729987   1.37683942
Z000033      9.912848   0.0092   0.50813753   0.000000   0.30618835   0.20194917   0.000000   0.60256985   1.40633982
Z000034      3.088215   0.0095   0.51131748   0.000000   0.30889526   0.20242222   0.000000   0.60411638   1.41514076
Z000035      1.484683   0.0098   0.51282394   0.000000   0.31017898   0.20264496   0.000000   0.60484498   1.41931010
Z000036      1.252396   0.0101   0.51408371   0.000000   0.31125316   0.20283056   0.000000   0.60545228   1.42279669
Z000037      2.338976   0.0104   0.51641009   0.000000   0.31323838   0.20317171   0.000000   0.60656905   1.42923527
Z000038      1.841746   0.0107   0.51821829   0.000000   0.31478281   0.20343547   0.000000   0.60743286   1.43423969
Z000039      6.063806   0.0110   0.52403050   0.000000   0.31975547   0.20427504   0.000000   0.61018484   1.45032579
Z000040      0.817461   0.0113   0.52479806   0.000000   0.32041308   0.20438498   0.000000   0.61054548   1.45245011
Z000041      3.499560   0.0116   0.52804276   0.000000   0.32319540   0.20484736   0.000000   0.61206294   1.46143027
Z000042      1.342655   0.0118   0.52927029   0.000000   0.32424900   0.20502129   0.000000   0.61263404   1.46482762
Z000043      1.687243   0.0121   0.53079955   0.000000   0.32556233   0.20523722   0.000000   0.61334327   1.46906006
Z000044      1.935973   0.0124   0.53253634   0.000000   0.32705490   0.20548144   0.000000   0.61414570   1.47386686
Z000045      1.539076   0.0127   0.53390367   0.000000   0.32823073   0.20567295   0.000000   0.61477518   1.47765113
Z000046      2.290594   0.0130   0.53591715   0.000000   0.32996340   0.20595375   0.000000   0.61569852   1.48322371
Z000047      5.021844   0.0133   0.54024429   0.000000   0.33369187   0.20655242   0.000000   0.61766848   1.49519966
Z000048      2.187236   0.0136   0.54209279   0.000000   0.33528660   0.20680618   0.000000   0.61850408   1.50031562
Z000049      5.849238   0.0139   0.54693319   0.000000   0.33946806   0.20746513   0.000000   0.62067555   1.51371210
Z000050      1.611085   0.0142   0.54824095   0.000000   0.34059915   0.20764180   0.000000   0.62125814   1.51733150
Z000051      1.138828   0.0144   0.54915892   0.000000   0.34139346   0.20776546   0.000000   0.62166605   1.51987212
Z000052      3.249442   0.0147   0.55174947   0.000000   0.34363654   0.20811293   0.000000   0.62281263   1.52704181
Z000053      1.228843   0.0150   0.55271825   0.000000   0.34447595   0.20824230   0.000000   0.62323969   1.52972304
Z000054      1.696077   0.0153   0.55404577   0.000000   0.34562670   0.20841907   0.000000   0.62382338   1.53339714
Z000055      1.205025   0.0156   0.55498227   0.000000   0.34643885   0.20854342   0.000000   0.62423409   1.53598901
Z000056      2.511562   0.0159   0.55691661   0.000000   0.34811725   0.20879935   0.000000   0.62507967   1.54134256
Z000057      1.670251   0.0162   0.55819010   0.000000   0.34922291   0.20896719   0.000000   0.62563437   1.54486712
Z000058      2.114353   0.0165   0.55978772   0.000000   0.35061073   0.20917699   0.000000   0.62632801   1.54928875
Z000059      1.657057   0.0168   0.56102869   0.000000   0.35168930   0.20933938   0.000000   0.62686510   1.55272330
Z000060      1.199125   0.0170   0.56192071   0.000000   0.35246490   0.20945581   0.000000   0.62725024   1.55519211
Z000061      1.622494   0.0173   0.56311978   0.000000   0.35350787   0.20961191   0.000000   0.62776674   1.55851070
Z000062      2.898058   0.0176   0.56523930   0.000000   0.35535259   0.20988672   0.000000   0.62867636   1.56437676
Z000063      1.647322   0.0179   0.56643162   0.000000   0.35639094   0.21004068   0.000000   0.62918617   1.56767667
Z000064      0.715787   0.0182   0.56694693   0.000000   0.35683985   0.21010708   0.000000   0.62940609   1.56910286
Z000065      5.990739   0.0185   0.57119560   0.000000   0.36054422   0.21065138   0.000000   0.63120973   1.58086163
Z000066      1.915969   0.0188   0.57253083   0.000000   0.36170955   0.21082127   0.000000   0.63177306   1.58455704
Z000067      1.912775   0.0191   0.57385274   0.000000   0.36286381   0.21098893   0.000000   0.63232914   1.58821563
Z000068      0.737047   0.0194   0.57435920   0.000000   0.36330618   0.21105302   0.000000   0.63254176   1.58961732
Z000069      1.706169   0.0196   0.57552543   0.000000   0.36432513   0.21120031   0.000000   0.63303046   1.59284503
Z000070      2.830825   0.0199   0.57744176   0.000000   0.36600035   0.21144141   0.000000   0.63383075   1.59814873
Z000071      1.245591   0.0202   0.57827771   0.000000   0.36673147   0.21154624   0.000000   0.63417881   1.60046232
Z000072      1.785657   0.0205   0.57946850   0.000000   0.36777330   0.21169520   0.000000   0.63467350   1.60375800
Z000073      1.493680   0.0208   0.58045778   0.000000   0.36863916   0.21181863   0.000000   0.63508349   1.60649598
Z000074      1.774114   0.0211   0.58162487   0.000000   0.36966101   0.21196386   0.000000   0.63556604   1.60972605
Z000075      1.247627   0.0214   0.58244051   0.000000   0.37037540   0.21206511   0.000000   0.63590254   1.61198346
Z000076      3.066092   0.0217   0.58442741   0.000000   0.37211648   0.21231093   0.000000   0.63671975   1.61748247
Z000077      0.965000   0.0220   0.58504766   0.000000   0.37266023   0.21238743   0.000000   0.63697414   1.61919908
Z000078      1.471700   0.0222   0.58598895   0.000000   0.37348564   0.21250331   0.000000   0.63735953   1.62180423
Z000079      1.441258   0.0225   0.58690541   0.000000   0.37428953   0.21261587   0.000000   0.63773400   1.62434065
Z000080      2.055039   0.0228   0.58820309   0.000000   0.37542825   0.21277484   0.000000   0.63826296   1.62793217
Z000081      5.540453   0.0231   0.59164987   0.000000   0.37845518   0.21319469   0.000000   0.63966072   1.63747160
Z000082      1.263967   0.0234   0.59242585   0.000000   0.37913712   0.21328873   0.000000   0.63997396   1.63961923
Z000083      0.930678   0.0237   0.59299481   0.000000   0.37963723   0.21335757   0.000000   0.64020330   1.64119390
Z000084      2.768809   0.0240   0.59467555   0.000000   0.38111516   0.21356040   0.000000   0.64087914   1.64584559
Z000085      1.983958   0.0243   0.59586905   0.000000   0.38216512   0.21370393   0.000000   0.64135756   1.64914875
Z000086      1.057122   0.0246   0.59650135   0.000000   0.38272154   0.21377981   0.000000   0.64161052   1.65089873
Z000087      1.306941   0.0248   0.59727962   0.000000   0.38340657   0.21387304   0.000000   0.64192141   1.65305269
Z000088      2.048534   0.0251   0.59849189   0.000000   0.38447396   0.21401793   0.000000   0.64240463   1.65640782
Z000089      1.523607   0.0254   0.59938757   0.000000   0.38526286   0.21412471   0.000000   0.64276085   1.65888674
Z000090      1.965554   0.0257   0.60053566   0.000000   0.38627441   0.21426125   0.000000   0.64321644   1.66206425
Z000091      2.127883   0.0260   0.60176931   0.000000   0.38736176   0.21440755   0.000000   0.64370474   1.66547853
Z000092      0.864557   0.0263   0.60226782   0.000000   0.38780127   0.21446655   0.000000   0.64390169   1.66685823
Z000093      1.798694   0.0266   0.60329998   0.000000   0.38871150   0.21458849   0.000000   0.64430881   1.66971488
Z000094      0.978507   0.0269   0.60385869   0.000000   0.38920433   0.21465437   0.000000   0.64452881   1.67126118
Z000095      3.235864   0.0272   0.60569246   0.000000   0.39082248   0.21486998   0.000000   0.64524904   1.67633639
Z000096      0.746071   0.0274   0.60611228   0.000000   0.39119307   0.21491922   0.000000   0.64541353   1.67749830
Z000097      1.624778   0.0277   0.60702274   0.000000   0.39199693   0.21502582   0.000000   0.64576975   1.68001812
Z000098      1.831481   0.0280   0.60804283   0.000000   0.39289784   0.21514498   0.000000   0.64616804   1.68284134
Z000099      1.244475   0.0283   0.60873225   0.000000   0.39350689   0.21522536   0.000000   0.64643674   1.68474942
Z000100      1.667934   0.0286   0.60965161   0.000000   0.39431927   0.21533234   0.000000   0.64679443   1.68729387
Z000101      2.266436   0.0289   0.61089241   0.000000   0.39541605   0.21547636   0.000000   0.64727609   1.69072795
Z000102      1.712143   0.0292   0.61182338   0.000000   0.39623923   0.21558414   0.000000   0.64763664   1.69330453
Z000103      4.420843   0.0295   0.61420230   0.000000   0.39834381   0.21585849   0.000000   0.64855473   1.69988853
Z000104      1.861049   0.0298   0.61519322   0.000000   0.39922090   0.21597232   0.000000   0.64893579   1.70263104
Z000105      1.808999   0.0300   0.61615055   0.000000   0.40006851   0.21608204   0.000000   0.64930318   1.70528058
Z000106      1.047424   0.0303   0.61670223   0.000000   0.40055707   0.21614516   0.000000   0.64951455   1.70680743
Z000107      4.522747   0.0306   0.61906266   0.000000   0.40264836   0.21641430   0.000000   0.65041617   1.71334023
Z000108      2.889967   0.0309   0.62055281   0.000000   0.40396936   0.21658344   0.000000   0.65098306   1.71746442
Z000109      1.055678   0.0312   0.62109368   0.000000   0.40444899   0.21664469   0.000000   0.65118838   1.71896137
Z000110      1.262660   0.0315   0.62173820   0.000000   0.40502062   0.21671758   0.000000   0.65143275   1.72074516
Z000111      1.557485   0.0318   0.62252964   0.000000   0.40572271   0.21680693   0.000000   0.65173236   1.72293556
Z000112      1.490330   0.0321   0.62328328   0.000000   0.40639142   0.21689186   0.000000   0.65201720   1.72502137
Z000113      7.991353   0.0324   0.62726464   0.000000   0.40992655   0.21733809   0.000000   0.65351452   1.73604032
Z000114      1.395896   0.0326   0.62794998   0.000000   0.41053549   0.21741448   0.000000   0.65377101   1.73793710
Z000115      2.581035   0.0329   0.62920947   0.000000   0.41165490   0.21755457   0.000000   0.65424142   1.74142291
Z000116      1.589170   0.0332   0.62998002   0.000000   0.41233995   0.21764007   0.000000   0.65452861   1.74355551
Z000117      0.920168   0.0335   0.63042449   0.000000   0.41273516   0.21768933   0.000000   0.65469405   1.74478564
Z000118      1.521228   0.0338   0.63115658   0.000000   0.41338624   0.21777034   0.000000   0.65496622   1.74681179
Z000119      5.367383   0.0341   0.63371304   0.000000   0.41566088   0.21805216   0.000000   0.65591340   1.75388716
Z000120      1.498142   0.0344   0.63441933   0.000000   0.41628960   0.21812973   0.000000   0.65617420   1.75584191
Z000121      1.518224   0.0347   0.63513191   0.000000   0.41692404   0.21820787   0.000000   0.65643693   1.75781406
Z000122      1.184044   0.0350   0.63568543   0.000000   0.41741696   0.21826847   0.000000   0.65664075   1.75934601
Z000123      1.012616   0.0352   0.63615729   0.000000   0.41783721   0.21832007   0.000000   0.65681431   1.76065194
Z000124      2.606825   0.0355   0.63736562   0.000000   0.41891365   0.21845197   0.000000   0.65725800   1.76399617
Z000125      1.686168   0.0358   0.63814235   0.000000   0.41960579   0.21853655   0.000000   0.65754262   1.76614586
Z000126      0.924807   0.0361   0.63856675   0.000000   0.41998404   0.21858271   0.000000   0.65769795   1.76732046
Z000127      2.043583   0.0364   0.63950058   0.000000   0.42081647   0.21868411   0.000000   0.65803924   1.76990496
Z000128      1.092158   0.0367   0.63999741   0.000000   0.42125944   0.21873797   0.000000   0.65822054   1.77128000
Z000129      1.470230   0.0370   0.64066379   0.000000   0.42185368   0.21881011   0.000000   0.65846343   1.77312430
Z000130      1.610251   0.0373   0.64139044   0.000000   0.42250179   0.21888866   0.000000   0.65872791   1.77513542
Z000131      2.528674   0.0376   0.64252490   0.000000   0.42351388   0.21901102   0.000000   0.65914003   1.77827519
Z000132      3.726180   0.0379   0.64418201   0.000000   0.42499282   0.21918919   0.000000   0.65974028   1.78286145
Z000133      1.545607   0.0381   0.64486434   0.000000   0.42560198   0.21926236   0.000000   0.65998685   1.78474989
Z000134      2.041969   0.0384   0.64576133   0.000000   0.42640296   0.21935837   0.000000   0.66031046   1.78723244
Z000135      1.404694   0.0387   0.64637546   0.000000   0.42695147   0.21942400   0.000000   0.66053167   1.78893213
Z000136      1.476686   0.0390   0.64701852   0.000000   0.42752591   0.21949261   0.000000   0.66076302   1.79071189
Z000137      1.780865   0.0393   0.64779061   0.000000   0.42821574   0.21957486   0.000000   0.66104037   1.79284874
Z000138      0.974863   0.0396   0.64821167   0.000000   0.42859201   0.21961966   0.000000   0.66119144   1.79401409
Z000139      1.082481   0.0399   0.64867792   0.000000   0.42900870   0.21966921   0.000000   0.66135857   1.79530449
Z000140      3.011009   0.0402   0.64996768   0.000000   0.43016166   0.21980602   0.000000   0.66182008   1.79887408
Z000141      0.802946   0.0405   0.65030986   0.000000   0.43046761   0.21984225   0.000000   0.66194231   1.79982112
Z000142      1.961039   0.0407   0.65114250   0.000000   0.43121221   0.21993029   0.000000   0.66223939   1.80212555
Z000143      2.610767   0.0410   0.65224428   0.000000   0.43219776   0.22004653   0.000000   0.66263173   1.80517490
Z000144      1.436295   0.0413   0.65284719   0.000000   0.43273717   0.22011001   0.000000   0.66284604   1.80684351
Z000145      1.611493   0.0416   0.65352092   0.000000   0.43334007   0.22018085   0.000000   0.66308523   1.80870817
Z000146      1.959061   0.0419   0.65433615   0.000000   0.43406972   0.22026643   0.000000   0.66337420   1.81096443
Z000147      1.512587   0.0422   0.65496274   0.000000   0.43463065   0.22033210   0.000000   0.66359598   1.81269860
Z000148      0.905184   0.0425   0.65533654   0.000000   0.43496531   0.22037123   0.000000   0.66372816   1.81373314
Z000149      1.361589   0.0428   0.65589716   0.000000   0.43546731   0.22042985   0.000000   0.66392620   1.81528473
Z000150      1.623238   0.0431   0.65656294   0.000000   0.43606357   0.22049938   0.000000   0.66416110   1.81712738
Z000151      4.581615   0.0433   0.65842724   0.000000   0.43773373   0.22069351   0.000000   0.66481716   1.82228707
Z000152      4.490992   0.0436   0.66023371   0.000000   0.43935286   0.22088084   0.000000   0.66545052   1.82728672
Z000153      2.066384   0.0439   0.66105806   0.000000   0.44009198   0.22096608   0.000000   0.66573877   1.82956822
Z000154      1.854109   0.0442   0.66179411   0.000000   0.44075206   0.22104205   0.000000   0.66599574   1.83160534
Z000155      1.022689   0.0445   0.66219865   0.000000   0.44111489   0.22108375   0.000000   0.66613681   1.83272495
Z000156      1.374524   0.0448   0.66274074   0.000000   0.44160117   0.22113958   0.000000   0.66632567   1.83422527
Z000157      0.897946   0.0451   0.66309389   0.000000   0.44191798   0.22117590   0.000000   0.66644859   1.83520265
Z000158      2.447073   0.0454   0.66405232   0.000000   0.44277796   0.22127435   0.000000   0.66678174   1.83785523
Z000159      1.365785   0.0457   0.66458474   0.000000   0.44325579   0.22132895   0.000000   0.66696654   1.83932880
Z000160      1.566624   0.0459   0.66519328   0.000000   0.44380200   0.22139128   0.000000   0.66717752   1.84101301
Z000161      1.458399   0.0462   0.66575770   0.000000   0.44430868   0.22144901   0.000000   0.66737296   1.84257510
Z000162      1.290468   0.0465   0.66625546   0.000000   0.44475559   0.22149986   0.000000   0.66754514   1.84395272
Z000163      1.756074   0.0468   0.66693032   0.000000   0.44536160   0.22156872   0.000000   0.66777831   1.84582050
Z000164      3.368896   0.0471   0.66821704   0.000000   0.44651732   0.22169972   0.000000   0.66822199   1.84938166
Z000165      1.473659   0.0474   0.66877663   0.000000   0.44702006   0.22175657   0.000000   0.66841459   1.85093042
Z000166      0.782463   0.0477   0.66907296   0.000000   0.44728631   0.22178665   0.000000   0.66851650   1.85175055
Z000167      1.432882   0.0480   0.66961418   0.000000   0.44777265   0.22184153   0.000000   0.66870246   1.85324846
Z000168      1.639870   0.0483   0.67023134   0.000000   0.44832731   0.22190403   0.000000   0.66891427   1.85495653
Z000169      1.353303   0.0485   0.67073885   0.000000   0.44878349   0.22195537   0.000000   0.66908825   1.85636114
Z000170      7.068759   0.0488   0.67336378   0.000000   0.45114382   0.22221996   0.000000   0.66998528   1.86362598
Z000171      1.750577   0.0491   0.67400721   0.000000   0.45172263   0.22228458   0.000000   0.67020445   1.86540675
Z000172      2.271788   0.0494   0.67483835   0.000000   0.45247043   0.22236791   0.000000   0.67048714   1.86770705
Z000173      1.420692   0.0497   0.67535591   0.000000   0.45293618   0.22241973   0.000000   0.67066294   1.86913948
Z000174      1.040040   0.0500   0.67573374   0.000000   0.45327622   0.22245752   0.000000   0.67079116   1.87018518
Z000175      1.296704   0.0503   0.67620356   0.000000   0.45369909   0.22250447   0.000000   0.67095046   1.87148546
Z000176      1.764757   0.0506   0.67684074   0.000000   0.45427268   0.22256806   0.000000   0.67116627   1.87324895
Z000177      1.221347   0.0509   0.67728023   0.000000   0.45466836   0.22261187   0.000000   0.67131497   1.87446530
Z000178      1.414790   0.0511   0.67778782   0.000000   0.45512540   0.22266242   0.000000   0.67148654   1.87587011
Z000179      4.829209   0.0514   0.67950831   0.000000   0.45667498   0.22283333   0.000000   0.67206681   1.88063179
Z000180      0.978400   0.0517   0.67985462   0.000000   0.45698697   0.22286765   0.000000   0.67218337   1.88159027
Z000181      1.276363   0.0520   0.68030528   0.000000   0.45739300   0.22291227   0.000000   0.67233493   1.88283752
Z000182      2.583429   0.0523   0.68121354   0.000000   0.45821146   0.22300208   0.000000   0.67263998   1.88535127
Z000183      0.987946   0.0526   0.68155951   0.000000   0.45852327   0.22303624   0.000000   0.67275603   1.88630878
Z000184      1.353743   0.0529   0.68203236   0.000000   0.45894948   0.22308288   0.000000   0.67291452   1.88761746
Z000185      1.575466   0.0532   0.68258090   0.000000   0.45944396   0.22313694   0.000000   0.67309818   1.88913560
Z000186      1.609522   0.0535   0.68313934   0.000000   0.45994744   0.22319190   0.000000   0.67328496   1.89068118
Z000187      0.574529   0.0537   0.68333821   0.000000   0.46012676   0.22321145   0.000000   0.67335142   1.89123157
Z000188      1.977423   0.0540   0.68402078   0.000000   0.46074227   0.22327851   0.000000   0.67357935   1.89312067
Z000189      1.991920   0.0543   0.68470541   0.000000   0.46135974   0.22334567   0.000000   0.67380765   1.89501547
Z000190      1.614252   0.0546   0.68525807   0.000000   0.46185827   0.22339981   0.000000   0.67399172   1.89654506
Z000191      3.864465   0.0549   0.68657340   0.000000   0.46304501   0.22352839   0.000000   0.67442900   1.90018541
Z000192      1.237651   0.0552   0.68699237   0.000000   0.46342310   0.22356927   0.000000   0.67456804   1.90134495
Z000193      4.826684   0.0555   0.68861582   0.000000   0.46488850   0.22372732   0.000000   0.67510575   1.90583808
Z000194      1.168676   0.0558   0.68900643   0.000000   0.46524116   0.22376527   0.000000   0.67523486   1.90691914
Z000195      1.306249   0.0561   0.68944188   0.000000   0.46563435   0.22380753   0.000000   0.67537869   1.90812432
Z000196      0.866918   0.0563   0.68973023   0.000000   0.46589473   0.22383549   0.000000   0.67547385   1.90892235
Z000197      2.888158   0.0566   0.69068709   0.000000   0.46675893   0.22392816   0.000000   0.67578928   1.91157061
Z000198      1.004443   0.0569   0.69101853   0.000000   0.46705832   0.22396021   0.000000   0.67589840   1.91248790
Z000199      1.016644   0.0572   0.69135329   0.000000   0.46736072   0.22399256   0.000000   0.67600854   1.91341439
Z000200      1.687721   0.0575   0.69190747   0.000000   0.46786140   0.22404607   0.000000   0.67619071   1.91494817
Z000201      0.989570   0.0578   0.69223151   0.000000   0.46815419   0.22407732   0.000000   0.67629714   1.91584500
Z000202      1.851849   0.0581   0.69283614   0.000000   0.46870056   0.22413558   0.000000   0.67649554   1.91751840
Z000203      1.281194   0.0584   0.69325312   0.000000   0.46907741   0.22417571   0.000000   0.67663223   1.91867243
Z000204      1.737060   0.0587   0.69381672   0.000000   0.46958682   0.22422990   0.000000   0.67681681   1.92023227
Z000205      1.915620   0.0589   0.69443594   0.000000   0.47014659   0.22428936   0.000000   0.67701937   1.92194606
Z000206      0.643556   0.0592   0.69464343   0.000000   0.47033417   0.22430926   0.000000   0.67708719   1.92252032
Z000207      1.400831   0.0595   0.69509415   0.000000   0.47074168   0.22435247   0.000000   0.67723441   1.92376773
Z000208      1.070867   0.0598   0.69543784   0.000000   0.47105245   0.22438539   0.000000   0.67734659   1.92471894
Z000209      2.151086   0.0601   0.69612598   0.000000   0.47167476   0.22445123   0.000000   0.67757097   1.92662348
Z000210      1.728303   0.0604   0.69667673   0.000000   0.47217288   0.22450385   0.000000   0.67775033   1.92814775
Z000211      1.295362   0.0607   0.69708827   0.000000   0.47254514   0.22454313   0.000000   0.67788422   1.92928674
Z000212      0.671823   0.0610   0.69730129   0.000000   0.47273785   0.22456345   0.000000   0.67795349   1.92987631
Z000213      4.187882   0.0613   0.69862279   0.000000   0.47393351   0.22468929   0.000000   0.67838255   1.93353374
Z000214      2.336548   0.0615   0.69935536   0.000000   0.47459647   0.22475889   0.000000   0.67861991   1.93556122
Z000215      1.463528   0.0618   0.69981250   0.000000   0.47501024   0.22480226   0.000000   0.67876787   1.93682642
Z000216      1.298062   0.0621   0.70021686   0.000000   0.47537626   0.22484060   0.000000   0.67889863   1.93794554
Z000217      1.060855   0.0624   0.70054657   0.000000   0.47567474   0.22487183   0.000000   0.67900517   1.93885805
Z000218      1.045841   0.0627   0.70087094   0.000000   0.47596841   0.22490253   0.000000   0.67910992   1.93975579
Z000219      1.766072   0.0630   0.70141720   0.000000   0.47646301   0.22495419   0.000000   0.67928618   1.94126764
Z000220      4.671253   0.0633   0.70285308   0.000000   0.47776340   0.22508969   0.000000   0.67974859   1.94524164
Z000221      1.418883   0.0636   0.70328668   0.000000   0.47815616   0.22513052   0.000000   0.67988798   1.94644167
Z000222      0.931503   0.0639   0.70357069   0.000000   0.47841344   0.22515725   0.000000   0.67997921   1.94722772
Z000223      1.503835   0.0641   0.70402814   0.000000   0.47882788   0.22520026   0.000000   0.68012606   1.94849378
Z000224      1.116855   0.0644   0.70436703   0.000000   0.47913494   0.22523210   0.000000   0.68023475   1.94943170
Z000225      4.728841   0.0647   0.70579396   0.000000   0.48042807   0.22536589   0.000000   0.68069167   1.95338093
Z000226      1.060692   0.0650   0.70611228   0.000000   0.48071659   0.22539569   0.000000   0.68079342   1.95426191
Z000227      1.821265   0.0653   0.70665736   0.000000   0.48121071   0.22544665   0.000000   0.68096752   1.95577051
Z000228      1.091448   0.0656   0.70698313   0.000000   0.48150605   0.22547708   0.000000   0.68107148   1.95667211
Z000229      1.884683   0.0659   0.70754409   0.000000   0.48201465   0.22552944   0.000000   0.68125034   1.95822464
Z000230      1.405445   0.0662   0.70796112   0.000000   0.48239281   0.22556832   0.000000   0.68138319   1.95937884
Z000231      1.358767   0.0665   0.70836327   0.000000   0.48275750   0.22560577   0.000000   0.68151119   1.96049184
Z000232      1.784640   0.0667   0.70888992   0.000000   0.48323514   0.22565478   0.000000   0.68167867   1.96194942
Z000233      1.634271   0.0670   0.70937068   0.000000   0.48367121   0.22569947   0.000000   0.68183141   1.96327997
Z000234      2.476453   0.0673   0.71009642   0.000000   0.48432958   0.22576684   0.000000   0.68206171   1.96528856
Z000235      1.312943   0.0676   0.71047985   0.000000   0.48467746   0.22580239   0.000000   0.68218326   1.96634976
Z000236      1.374079   0.0679   0.71088015   0.000000   0.48504067   0.22583947   0.000000   0.68231005   1.96745763
Z000237      0.920701   0.0682   0.71114780   0.000000   0.48528355   0.22586425   0.000000   0.68239478   1.96819841
Z000238      1.565954   0.0685   0.71160201   0.000000   0.48569574   0.22590627   0.000000   0.68253846   1.96945548
Z000239      1.472442   0.0688   0.71202791   0.000000   0.48608228   0.22594563   0.000000   0.68267307   1.97063423
Z000240      1.079562   0.0691   0.71233945   0.000000   0.48636505   0.22597440   0.000000   0.68277147   1.97149646
Z000241      1.715400   0.0693   0.71283323   0.000000   0.48681328   0.22601996   0.000000   0.68292730   1.97286307
Z000242      3.799687   0.0696   0.71392155   0.000000   0.48780135   0.22612020   0.000000   0.68327024   1.97587514
Z000243      1.751578   0.0699   0.71442075   0.000000   0.48825465   0.22616610   0.000000   0.68342731   1.97725674
Z000244      0.924570   0.0702   0.71468362   0.000000   0.48849337   0.22619025   0.000000   0.68350995   1.97798427
Z000245      2.318400   0.0705   0.71534088   0.000000   0.48909030   0.22625058   0.000000   0.68371641   1.97980333
Z000246      1.601671   0.0708   0.71579337   0.000000   0.48950131   0.22629206   0.000000   0.68385840   1.98105565
Z000247      2.537909   0.0711   0.71650773   0.000000   0.49015026   0.22635747   0.000000   0.68408230   1.98303274
Z000248      1.032970   0.0714   0.71679757   0.000000   0.49041359   0.22638398   0.000000   0.68417306   1.98383492
Z000249      1.192197   0.0717   0.71713144   0.000000   0.49071694   0.22641450   0.000000   0.68427754   1.98475893
Z000250      1.127160   0.0719   0.71744645   0.000000   0.49100317   0.22644327   0.000000   0.68437606   1.98563076
Z000251      2.368869   0.0722   0.71810645   0.000000   0.49160296   0.22650349   0.000000   0.68458229   1.98745741
Z000252      1.194626   0.0725   0.71843826   0.000000   0.49190452   0.22653374   0.000000   0.68468586   1.98837573
Z000253      1.479275   0.0728   0.71884817   0.000000   0.49227710   0.22657107   0.000000   0.68481373   1.98951022
Z000254      0.713361   0.0731   0.71904546   0.000000   0.49245644   0.22658903   0.000000   0.68487524   1.99005626
Z000255      1.231756   0.0734   0.71938556   0.000000   0.49276560   0.22661997   0.000000   0.68498122   1.99099753
Z000256      4.907573   0.0737   0.72073341   0.000000   0.49399106   0.22674235   0.000000   0.68540053   1.99472789
Z000257      1.289512   0.0740   0.72108569   0.000000   0.49431140   0.22677428   0.000000   0.68550994   1.99570286
Z000258      1.325618   0.0743   0.72144701   0.000000   0.49464001   0.22680701   0.000000   0.68562209   1.99670288
Z000259      1.422857   0.0745   0.72183394   0.000000   0.49499191   0.22684202   0.000000   0.68574209   1.99777374
Z000260      0.758209   0.0748   0.72203973   0.000000   0.49517910   0.22686063   0.000000   0.68580589   1.99834331
Z000261      1.396891   0.0751   0.72241819   0.000000   0.49552335   0.22689484   0.000000   0.68592314   1.99939075
Z000262      2.520734   0.0754   0.72309886   0.000000   0.49614257   0.22695629   0.000000   0.68613380   2.00127460
Z000263      1.065461   0.0757   0.72338570   0.000000   0.49640354   0.22698216   0.000000   0.68622249   2.00206845
Z000264      0.845500   0.0760   0.72361295   0.000000   0.49661030   0.22700265   0.000000   0.68629272   2.00269739
Z000265      1.403356   0.0763   0.72398942   0.000000   0.49695286   0.22703656   0.000000   0.68640901   2.00373933
Z000266      1.753439   0.0766   0.72445856   0.000000   0.49737978   0.22707878   0.000000   0.68655380   2.00503774
Z000267      0.634615   0.0769   0.72462801   0.000000   0.49753399   0.22709402   0.000000   0.68660607   2.00550673
Z000268      5.239368   0.0771   0.72602017   0.000000   0.49880114   0.22721903   0.000000   0.68703483   2.00935971
Z000269      0.977031   0.0774   0.72627843   0.000000   0.49903626   0.22724218   0.000000   0.68711425   2.01007449
Z000270      1.046451   0.0777   0.72655459   0.000000   0.49928767   0.22726691   0.000000   0.68719912   2.01083878
Z000271      0.990600   0.0780   0.72681556   0.000000   0.49952528   0.22729028   0.000000   0.68727929   2.01156106
Z000272      1.767242   0.0783   0.72728008   0.000000   0.49994824   0.22733184   0.000000   0.68742188   2.01284667
Z000273      4.455703   0.0786   0.72844527   0.000000   0.50100937   0.22743590   0.000000   0.68777902   2.01607151
Z000274      0.935047   0.0789   0.72868871   0.000000   0.50123110   0.22745761   0.000000   0.68785353   2.01674527
Z000275      1.825569   0.0792   0.72916293   0.000000   0.50166307   0.22749986   0.000000   0.68799859   2.01805773
Z000276      1.046459   0.0795   0.72943413   0.000000   0.50191012   0.22752401   0.000000   0.68808148   2.01880831
Z000277      0.892325   0.0797   0.72966502   0.000000   0.50212046   0.22754456   0.000000   0.68815203   2.01944733
Z000278      2.574268   0.0800   0.73032924   0.000000   0.50272563   0.22760361   0.000000   0.68835479   2.02128565
Z000279      1.071651   0.0803   0.73060494   0.000000   0.50297684   0.22762810   0.000000   0.68843887   2.02204867
Z000280      1.088411   0.0806   0.73088445   0.000000   0.50323154   0.22765291   0.000000   0.68852408   2.02282228
Z000281      1.436401   0.0809   0.73125259   0.000000   0.50356703   0.22768557   0.000000   0.68863623   2.02384115
Z000282      0.665708   0.0812   0.73142292   0.000000   0.50372225   0.22770067   0.000000   0.68868809   2.02431256
Z000283      1.894897   0.0815   0.73190675   0.000000   0.50416322   0.22774353   0.000000   0.68883532   2.02565162
Z000284      1.749383   0.0818   0.73235212   0.000000   0.50456917   0.22778295   0.000000   0.68897073   2.02688426
Z000285      1.249113   0.0821   0.73266937   0.000000   0.50485837   0.22781101   0.000000   0.68906711   2.02776229
Z000286      1.057466   0.0823   0.73293746   0.000000   0.50510276   0.22783470   0.000000   0.68914851   2.02850424
Z000287      3.899279   0.0826   0.73392209   0.000000   0.50600048   0.22792161   0.000000   0.68944713   2.03122935
Z000288      1.321717   0.0829   0.73425447   0.000000   0.50630357   0.22795090   0.000000   0.68954781   2.03214926
Z000289      1.976942   0.0832   0.73475033   0.000000   0.50675576   0.22799457   0.000000   0.68969790   2.03352162
Z000290      3.404138   0.0835   0.73560056   0.000000   0.50753121   0.22806934   0.000000   0.68995491   2.03587474
Z000291      1.766856   0.0838   0.73604007   0.000000   0.50793213   0.22810794   0.000000   0.69008760   2.03709114
Z000292      1.250705   0.0841   0.73635045   0.000000   0.50821527   0.22813518   0.000000   0.69018125   2.03795017
Z000293      1.333384   0.0844   0.73668069   0.000000   0.50851655   0.22816414   0.000000   0.69028082   2.03886415
Z000294      1.711694   0.0847   0.73710362   0.000000   0.50890242   0.22820120   0.000000   0.69040825   2.04003467
Z000295      1.357613   0.0849   0.73743827   0.000000   0.50920777   0.22823050   0.000000   0.69050901   2.04096085
Z000296      1.413561   0.0852   0.73778596   0.000000   0.50952504   0.22826092   0.000000   0.69061363   2.04192313
Z000297      1.024648   0.0855   0.73803752   0.000000   0.50975460   0.22828291   0.000000   0.69068929   2.04261935
Z000298      1.411118   0.0858   0.73838330   0.000000   0.51007018   0.22831313   0.000000   0.69079322   2.04357637
Z000299      5.511944   0.0861   0.73972683   0.000000   0.51129651   0.22843032   0.000000   0.69119639   2.04729475
Z000300      1.254622   0.0864   0.74003106   0.000000   0.51157425   0.22845681   0.000000   0.69128754   2.04813676
Z000301      1.211530   0.0867   0.74032429   0.000000   0.51184197   0.22848233   0.000000   0.69137535   2.04894832
Z000302      1.488232   0.0870   0.74068376   0.000000   0.51217017   0.22851359   0.000000   0.69148293   2.04994319
Z000303      1.052887   0.0873   0.74093758   0.000000   0.51240194   0.22853565   0.000000   0.69155884   2.05064568
Z000304      1.579854   0.0875   0.74131769   0.000000   0.51274903   0.22856866   0.000000   0.69167246   2.05169768
Z000305      4.218561   0.0878   0.74232823   0.000000   0.51367193   0.22865629   0.000000   0.69197414   2.05449448
Z000306      0.633347   0.0881   0.74247939   0.000000   0.51381000   0.22866939   0.000000   0.69201921   2.05491284
Z000307      1.827354   0.0884   0.74291473   0.000000   0.51420766   0.22870707   0.000000   0.69214896   2.05611770
Z000308      1.347736   0.0887   0.74323504   0.000000   0.51450026   0.22873478   0.000000   0.69224436   2.05700421
Z000309      4.032313   0.0890   0.74418957   0.000000   0.51537234   0.22881723   0.000000   0.69252830   2.05964599
Z000310      1.783777   0.0893   0.74461000   0.000000   0.51575651   0.22885349   0.000000   0.69265321   2.06080960
Z000311      3.602524   0.0896   0.74545574   0.000000   0.51652939   0.22892635   0.000000   0.69290417   2.06315029
Z000312      4.271352   0.0899   0.74645270   0.000000   0.51744064   0.22901206   0.000000   0.69319950   2.06590953
Z000313      0.959080   0.0901   0.74667570   0.000000   0.51764449   0.22903121   0.000000   0.69326548   2.06652672
Z000314      1.190594   0.0904   0.74695210   0.000000   0.51789717   0.22905493   0.000000   0.69334723   2.06729168
Z000315      1.798320   0.0907   0.74736867   0.000000   0.51827802   0.22909066   0.000000   0.69347035   2.06844460
Z000316      1.407398   0.0910   0.74769393   0.000000   0.51857540   0.22911853   0.000000   0.69356642   2.06934480
Z000317      1.105794   0.0913   0.74794902   0.000000   0.51880865   0.22914038   0.000000   0.69364172   2.07005080
Z000318      4.059174   0.0916   0.74888193   0.000000   0.51966175   0.22922018   0.000000   0.69391680   2.07263274
Z000319      1.192427   0.0919   0.74915494   0.000000   0.51991144   0.22924350   0.000000   0.69399721   2.07338834
Z000320      0.899734   0.0922   0.74936063   0.000000   0.52009957   0.22926106   0.000000   0.69405777   2.07395762
Z000321      2.506026   0.0925   0.74993215   0.000000   0.52062232   0.22930982   0.000000   0.69422591   2.07553936
Z000322      1.164644   0.0927   0.75019705   0.000000   0.52086465   0.22933240   0.000000   0.69430378   2.07627252
Z000323      1.005004   0.0930   0.75042529   0.000000   0.52107344   0.22935185   0.000000   0.69437084   2.07690421
Z000324      0.925600   0.0933   0.75063521   0.000000   0.52126548   0.22936973   0.000000   0.69443250   2.07748519
Z000325      1.806496   0.0936   0.75104412   0.000000   0.52163959   0.22940453   0.000000   0.69455253   2.07861689
Z000326      1.091975   0.0939   0.75129078   0.000000   0.52186527   0.22942551   0.000000   0.69462489   2.07929956
Z000327      1.058841   0.0942   0.75152959   0.000000   0.52208378   0.22944581   0.000000   0.69469491   2.07996051
Z000328      6.564729   0.0945   0.75300227   0.000000   0.52343150   0.22957077   0.000000   0.69512606   2.08403635
Z000329      1.333388   0.0948   0.75329973   0.000000   0.52370377   0.22959597   0.000000   0.69521300   2.08485962
Z000330      2.029625   0.0951   0.75375145   0.000000   0.52411726   0.22963420   0.000000   0.69534494   2.08610982
Z000331      1.370173   0.0953   0.75405568   0.000000   0.52439576   0.22965992   0.000000   0.69543373   2.08695181
Z000332      1.260217   0.0956   0.75433498   0.000000   0.52465145   0.22968353   0.000000   0.69551521   2.08772482
Z000333      0.954314   0.0959   0.75454616   0.000000   0.52484479   0.22970137   0.000000   0.69557679   2.08830928
Z000334      1.654061   0.0962   0.75491152   0.000000   0.52517931   0.22973221   0.000000   0.69568326   2.08932047
Z000335      0.926343   0.0965   0.75511578   0.000000   0.52536633   0.22974945   0.000000   0.69574275   2.08988577
Z000336      1.568316   0.0968   0.75546098   0.000000   0.52568243   0.22977856   0.000000   0.69584325   2.09084117
Z000337      0.716793   0.0971   0.75561851   0.000000   0.52582668   0.22979183   0.000000   0.69588909   2.09127715
Z000338      2.493789   0.0974   0.75616535   0.000000   0.52632746   0.22983789   0.000000   0.69604811   2.09279059
Z000339      5.761649   0.0977   0.75742162   0.000000   0.52747813   0.22994349   0.000000   0.69641282   2.09626750
Z000340      4.234876   0.0979   0.75833871   0.000000   0.52831830   0.23002041   0.000000   0.69667853   2.09880567
Z000341      1.527492   0.0982   0.75866821   0.000000   0.52862019   0.23004801   0.000000   0.69677389   2.09971760
Z000342      1.329103   0.0985   0.75895435   0.000000   0.52888239   0.23007197   0.000000   0.69685665   2.10050955
Z000343      0.664284   0.0988   0.75909718   0.000000   0.52901326   0.23008392   0.000000   0.69689794   2.10090484
Z000344      1.183528   0.0991   0.75935132   0.000000   0.52924615   0.23010518   0.000000   0.69697139   2.10160822
Z000345      2.137678   0.0994   0.75980933   0.000000   0.52966588   0.23014346   0.000000   0.69710367   2.10287583
Z000346      1.449976   0.0997   0.76011925   0.000000   0.52994991   0.23016934   0.000000   0.69719312   2.10373357
Z000347      1.154316   0.1000   0.76036555   0.000000   0.53017565   0.23018990   0.000000   0.69726417   2.10441521
Z000348      4.156644   0.1003   0.76124929   0.000000   0.53098572   0.23026357   0.000000   0.69751884   2.10686110
Z000349      2.231671   0.1005   0.76172175   0.000000   0.53141885   0.23030291   0.000000   0.69765481   2.10816870
Z000350      1.434749   0.1008   0.76202476   0.000000   0.53169665   0.23032811   0.000000   0.69774196   2.10900731
Z000351      1.516939   0.1011   0.76234450   0.000000   0.53198980   0.23035469   0.000000   0.69783386   2.10989223
Z000352      0.928939   0.1014   0.76253998   0.000000   0.53216905   0.23037093   0.000000   0.69789002   2.11043326
Z000353      1.333481   0.1017   0.76282018   0.000000   0.53242597   0.23039420   0.000000   0.69797049   2.11120874
Z000354      0.798509   0.1020   0.76298773   0.000000   0.53257961   0.23040811   0.000000   0.69801859   2.11167246
Z000355      1.382129   0.1023   0.76327732   0.000000   0.53284518   0.23043214   0.000000   0.69810168   2.11247394
Z000356      2.417666   0.1026   0.76378262   0.000000   0.53330859   0.23047403   0.000000   0.69824656   2.11387244
Z000357      3.387507   0.1029   0.76448794   0.000000   0.53395551   0.23053243   0.000000   0.69844857   2.11582450
Z000358      1.130932   0.1031   0.76472272   0.000000   0.53417086   0.23055185   0.000000   0.69851575   2.11647428
Z000359      1.062990   0.1034   0.76494307   0.000000   0.53437300   0.23057007   0.000000   0.69857879   2.11708415
Z000360      1.411945   0.1037   0.76523530   0.000000   0.53464108   0.23059422   0.000000   0.69866233   2.11789293
Z000361      1.377432   0.1040   0.76551987   0.000000   0.53490215   0.23061772   0.000000   0.69874365   2.11868050
Z000362      3.977008   0.1043   0.76633864   0.000000   0.53565338   0.23068527   0.000000   0.69897738   2.12094658
Z000363      0.951865   0.1046   0.76653399   0.000000   0.53583262   0.23070136   0.000000   0.69903309   2.12148722
Z000364      1.300037   0.1049   0.76680040   0.000000   0.53607709   0.23072331   0.000000   0.69910904   2.12222454
Z000365      6.989074   0.1052   0.76822504   0.000000   0.53738459   0.23084045   0.000000   0.69951454   2.12616744
Z000366      1.450267   0.1055   0.76851907   0.000000   0.53765448   0.23086459   0.000000   0.69959810   2.12698120
Z000367      4.320003   0.1057   0.76939171   0.000000   0.53845558   0.23093613   0.000000   0.69984583   2.12939635
Z000368      0.772528   0.1060   0.76954726   0.000000   0.53859839   0.23094887   0.000000   0.69988994   2.12982685
Z000369      1.596087   0.1063   0.76986814   0.000000   0.53889301   0.23097514   0.000000   0.69998091   2.13071495
Z000370      2.056084   0.1066   0.77028056   0.000000   0.53927169   0.23100887   0.000000   0.70009775   2.13185638
Z000371      1.122804   0.1069   0.77050533   0.000000   0.53947808   0.23102725   0.000000   0.70016139   2.13247845
Z000372      1.656874   0.1072   0.77083643   0.000000   0.53978213   0.23105430   0.000000   0.70025509   2.13339482
Z000373      1.444100   0.1075   0.77112445   0.000000   0.54004664   0.23107781   0.000000   0.70033655   2.13419195
Z000374      0.946766   0.1078   0.77131300   0.000000   0.54021980   0.23109320   0.000000   0.70038986   2.13471378
Z000375      3.588760   0.1081   0.77202567   0.000000   0.54087437   0.23115130   0.000000   0.70059117   2.13668619
Z000376      1.519143   0.1084   0.77232639   0.000000   0.54115059   0.23117579   0.000000   0.70067604   2.13751848
Z000377      1.099397   0.1086   0.77254366   0.000000   0.54135018   0.23119348   0.000000   0.70073733   2.13811982
Z000378      2.290179   0.1089   0.77299532   0.000000   0.54176510   0.23123022   0.000000   0.70086465   2.13936985
Z000379      1.045968   0.1092   0.77320118   0.000000   0.54195422   0.23124696   0.000000   0.70092265   2.13993959
Z000380      0.884022   0.1095   0.77337496   0.000000   0.54211388   0.23126108   0.000000   0.70097160   2.14042054
Z000381      1.102554   0.1098   0.77359143   0.000000   0.54231276   0.23127866   0.000000   0.70103254   2.14101964
Z000382      1.586750   0.1101   0.77390244   0.000000   0.54259853   0.23130391   0.000000   0.70112006   2.14188043
Z000383      1.274805   0.1104   0.77415188   0.000000   0.54282773   0.23132415   0.000000   0.70119022   2.14257077
Z000384      0.824626   0.1107   0.77431302   0.000000   0.54297580   0.23133722   0.000000   0.70123553   2.14301675
Z000385      1.857198   0.1110   0.77467534   0.000000   0.54330875   0.23136659   0.000000   0.70133735   2.14401953
Z000386      1.652931   0.1112   0.77499712   0.000000   0.54360446   0.23139266   0.000000   0.70142772   2.14491010
Z000387      0.823973   0.1115   0.77515728   0.000000   0.54375166   0.23140563   0.000000   0.70147268   2.14535337
Z000388      1.517256   0.1118   0.77545178   0.000000   0.54402232   0.23142946   0.000000   0.70155532   2.14616843
Z000389      3.804395   0.1121   0.77618783   0.000000   0.54469887   0.23148896   0.000000   0.70176167   2.14820554
Z000390      1.512994   0.1124   0.77647961   0.000000   0.54496708   0.23151253   0.000000   0.70184339   2.14901308
Z000391      0.866524   0.1127   0.77664648   0.000000   0.54512048   0.23152600   0.000000   0.70189011   2.14947491
Z000392      1.434363   0.1130   0.77692231   0.000000   0.54537406   0.23154825   0.000000   0.70196730   2.15023832
Z000393      1.096837   0.1133   0.77713291   0.000000   0.54556768   0.23156524   0.000000   0.70202621   2.15082119
Z000394      1.458873   0.1136   0.77741260   0.000000   0.54582482   0.23158778   0.000000   0.70210442   2.15159526
Z000395      0.903894   0.1138   0.77758564   0.000000   0.54598392   0.23160172   0.000000   0.70215278   2.15207418
Z000396      1.203863   0.1141   0.77781582   0.000000   0.54619556   0.23162026   0.000000   0.70221709   2.15271123
Z000397      1.648274   0.1144   0.77813043   0.000000   0.54648485   0.23164558   0.000000   0.70230495   2.15358196
Z000398      3.597107   0.1147   0.77881487   0.000000   0.54711425   0.23170062   0.000000   0.70249590   2.15547624
Z000399      1.216373   0.1150   0.77904565   0.000000   0.54732650   0.23171916   0.000000   0.70256023   2.15611495
Z000400      1.570995   0.1153   0.77934322   0.000000   0.54760017   0.23174305   0.000000   0.70264315   2.15693851
Z000401      1.004964   0.1156   0.77953328   0.000000   0.54777498   0.23175830   0.000000   0.70269608   2.15746454
Z000402      4.153416   0.1159   0.78031639   0.000000   0.54849531   0.23182108   0.000000   0.70291399   2.15963190
Z000403      1.776948   0.1162   0.78065026   0.000000   0.54880244   0.23184782   0.000000   0.70300680   2.16055591
Z000404      0.517564   0.1164   0.78074737   0.000000   0.54889178   0.23185559   0.000000   0.70303378   2.16082468
Z000405      1.372993   0.1167   0.78100470   0.000000   0.54912851   0.23187618   0.000000   0.70310527   2.16153688
Z000406      0.783174   0.1170   0.78115130   0.000000   0.54926339   0.23188791   0.000000   0.70314597   2.16194261
Z000407      2.517664   0.1173   0.78162165   0.000000   0.54969615   0.23192551   0.000000   0.70327651   2.16324439
Z000408      0.932399   0.1176   0.78179549   0.000000   0.54985610   0.23193939   0.000000   0.70332473   2.16372552
Z000409      1.191199   0.1179   0.78201731   0.000000   0.55006021   0.23195710   0.000000   0.70338623   2.16433943
Z000410      1.197407   0.1182   0.78223997   0.000000   0.55026510   0.23197488   0.000000   0.70344794   2.16495567
Z000411      0.826623   0.1185   0.78239351   0.000000   0.55040638   0.23198712   0.000000   0.70349048   2.16538060
Z000412      1.593286   0.1188   0.78268902   0.000000   0.55067832   0.23201069   0.000000   0.70357232   2.16619846
Z000413      1.506644   0.1190   0.78296795   0.000000   0.55093503   0.23203292   0.000000   0.70364953   2.16697046
Z000414      0.760427   0.1193   0.78310855   0.000000   0.55106443   0.23204412   0.000000   0.70368843   2.16735958
Z000415      2.018622   0.1196   0.78348118   0.000000   0.55140739   0.23207379   0.000000   0.70379149   2.16839088
Z000416      1.151104   0.1199   0.78369328   0.000000   0.55160261   0.23209067   0.000000   0.70385012   2.16897790
Z000417      1.253840   0.1202   0.78392399   0.000000   0.55181496   0.23210902   0.000000   0.70391387   2.16961641
Z000418      0.829076   0.1205   0.78407635   0.000000   0.55195522   0.23212114   0.000000   0.70395595   2.17003811
Z000419      1.269383   0.1208   0.78430936   0.000000   0.55216970   0.23213966   0.000000   0.70402029   2.17068298
Z000420      0.977372   0.1211   0.78448853   0.000000   0.55233464   0.23215389   0.000000   0.70406974   2.17117886
Z000421      2.176408   0.1214   0.78488679   0.000000   0.55270127   0.23218551   0.000000   0.70417961   2.17228109
Z000422      1.341848   0.1216   0.78513183   0.000000   0.55292687   0.23220496   0.000000   0.70424717   2.17295929
Z000423      3.796534   0.1219   0.78582311   0.000000   0.55356335   0.23225976   0.000000   0.70443761   2.17487250
Z000424      3.395667   0.1222   0.78643887   0.000000   0.55413036   0.23230851   0.000000   0.70460704   2.17657668
Z000425      1.453697   0.1225   0.78670175   0.000000   0.55437244   0.23232930   0.000000   0.70467931   2.17730424
Z000426      1.552048   0.1228   0.78698193   0.000000   0.55463048   0.23235145   0.000000   0.70475631   2.17807970
Z000427      1.043635   0.1231   0.78717006   0.000000   0.55480374   0.23236632   0.000000   0.70480798   2.17860037
Z000428      0.768411   0.1234   0.78730844   0.000000   0.55493119   0.23237725   0.000000   0.70484598   2.17898333
Z000429      1.073561   0.1237   0.78750156   0.000000   0.55510906   0.23239250   0.000000   0.70489900   2.17951783
Z000430      1.580497   0.1240   0.78778545   0.000000   0.55537054   0.23241491   0.000000   0.70497690   2.18030353
Z000431      1.622765   0.1242   0.78807640   0.000000   0.55563855   0.23243786   0.000000   0.70505670   2.18110879
Z000432      1.259728   0.1245   0.78830190   0.000000   0.55584627   0.23245564   0.000000   0.70511852   2.18173289
Z000433      1.077838   0.1248   0.78849459   0.000000   0.55602377   0.23247082   0.000000   0.70517132   2.18226617
Z000434      1.573301   0.1251   0.78877543   0.000000   0.55628249   0.23249294   0.000000   0.70524824   2.18304344
Z000435      0.732684   0.1254   0.78890605   0.000000   0.55640282   0.23250323   0.000000   0.70528401   2.18340495
Z000436      1.767175   0.1257   0.78922065   0.000000   0.55669266   0.23252799   0.000000   0.70537012   2.18427565
Z000437      5.963448   0.1260   0.79027773   0.000000   0.55766666   0.23261107   0.000000   0.70565909   2.18720125
Z000438      1.393468   0.1263   0.79052372   0.000000   0.55789335   0.23263038   0.000000   0.70572626   2.18788208
Z000439      0.856467   0.1266   0.79067473   0.000000   0.55803251   0.23264222   0.000000   0.70576747   2.18830002
Z000440      1.603228   0.1268   0.79095702   0.000000   0.55829266   0.23266436   0.000000   0.70584450   2.18908129
Z000441      1.127038   0.1271   0.79115517   0.000000   0.55847527   0.23267989   0.000000   0.70589853   2.18962969
Z000442      6.501105   0.1274   0.79229334   0.000000   0.55952434   0.23276899   0.000000   0.70620857   2.19277972
Z000443      2.399051   0.1277   0.79271130   0.000000   0.55990964   0.23280166   0.000000   0.70632226   2.19393649
Z000444      1.624904   0.1280   0.79299377   0.000000   0.56017004   0.23282372   0.000000   0.70639905   2.19471826
Z000445      1.470377   0.1283   0.79324894   0.000000   0.56040530   0.23284364   0.000000   0.70646839   2.19542449
Z000446      3.331018   0.1286   0.79382551   0.000000   0.56093690   0.23288861   0.000000   0.70662493   2.19702022
Z000447      1.344234   0.1289   0.79405759   0.000000   0.56115089   0.23290670   0.000000   0.70668790   2.19766254
Z000448      0.785090   0.1292   0.79419298   0.000000   0.56127574   0.23291725   0.000000   0.70672462   2.19803725
Z000449      1.487764   0.1294   0.79444923   0.000000   0.56151203   0.23293720   0.000000   0.70679410   2.19874647
Z000450      1.778069   0.1297   0.79475495   0.000000   0.56179395   0.23296100   0.000000   0.70687695   2.19959258
Z000451      1.299306   0.1300   0.79497798   0.000000   0.56199963   0.23297835   0.000000   0.70693736   2.20020983
Z000452      0.812800   0.1303   0.79511734   0.000000   0.56212815   0.23298918   0.000000   0.70697509   2.20059553
Z000453      1.210434   0.1306   0.79532465   0.000000   0.56231935   0.23300530   0.000000   0.70703121   2.20116929
Z000454      1.135118   0.1309   0.79551881   0.000000   0.56249843   0.23302038   0.000000   0.70708375   2.20170667
Z000455      0.843529   0.1312   0.79566295   0.000000   0.56263137   0.23303158   0.000000   0.70712274   2.20210558
Z000456      2.532566   0.1315   0.79609491   0.000000   0.56302979   0.23306511   0.000000   0.70723954   2.20330109
Z000457      0.610118   0.1318   0.79619879   0.000000   0.56312562   0.23307317   0.000000   0.70726761   2.20358861
Z000458      1.233225   0.1320   0.79640858   0.000000   0.56331913   0.23308945   0.000000   0.70732429   2.20416921
Z000459      1.304276   0.1323   0.79663014   0.000000   0.56352352   0.23310663   0.000000   0.70738413   2.20478243
Z000460      1.491375   0.1326   0.79688312   0.000000   0.56375689   0.23312623   0.000000   0.70745242   2.20548257
Z000461      0.636640   0.1329   0.79699098   0.000000   0.56385640   0.23313459   0.000000   0.70748153   2.20578111
Z000462      1.496059   0.1332   0.79724418   0.000000   0.56408999   0.23315419   0.000000   0.70754983   2.20648185
Z000463      0.895342   0.1335   0.79739551   0.000000   0.56422961   0.23316591   0.000000   0.70759065   2.20690069
Z000464      2.135694   0.1338   0.79775592   0.000000   0.56456213   0.23319379   0.000000   0.70768780   2.20789817
Z000465      1.145527   0.1341   0.79794890   0.000000   0.56474018   0.23320871   0.000000   0.70773979   2.20843226
Z000466      3.013084   0.1344   0.79845537   0.000000   0.56520752   0.23324785   0.000000   0.70787616   2.20983399
Z000467      4.381342   0.1346   0.79918897   0.000000   0.56588450   0.23330446   0.000000   0.70807347   2.21186432
Z000468      1.401731   0.1349   0.79942296   0.000000   0.56610045   0.23332250   0.000000   0.70813635   2.21251192
Z000469      0.699590   0.1352   0.79953961   0.000000   0.56620811   0.23333150   0.000000   0.70816768   2.21283477
Z000470      3.585284   0.1355   0.80013610   0.000000   0.56675866   0.23337744   0.000000   0.70832783   2.21448564
Z000471      1.044575   0.1358   0.80030947   0.000000   0.56691869   0.23339078   0.000000   0.70837434   2.21496546
Z000472      2.210404   0.1361   0.80067571   0.000000   0.56725676   0.23341895   0.000000   0.70847255   2.21597908
Z000473      1.512514   0.1364   0.80092583   0.000000   0.56748765   0.23343818   0.000000   0.70853958   2.21667133
Z000474      4.189067   0.1367   0.80161653   0.000000   0.56812531   0.23349122   0.000000   0.70872454   2.21858292
Z000475      1.265148   0.1370   0.80182454   0.000000   0.56831736   0.23350718   0.000000   0.70878020   2.21915862
Z000476      1.489309   0.1372   0.80206905   0.000000   0.56854312   0.23352593   0.000000   0.70884560   2.21983535
Z000477      0.945881   0.1375   0.80222416   0.000000   0.56868633   0.23353782   0.000000   0.70888707   2.22026462
Z000478      3.703144   0.1378   0.80282993   0.000000   0.56924570   0.23358423   0.000000   0.70904893   2.22194119
Z000479      1.403867   0.1381   0.80305898   0.000000   0.56945722   0.23360176   0.000000   0.70911008   2.22257512
Z000480      0.738700   0.1384   0.80317937   0.000000   0.56956840   0.23361097   0.000000   0.70914221   2.22290832
Z000481      1.849469   0.1387   0.80348040   0.000000   0.56984640   0.23363400   0.000000   0.70922253   2.22374144
Z000482      3.629814   0.1390   0.80406954   0.000000   0.57039052   0.23367902   0.000000   0.70937959   2.22537197
Z000483      1.178591   0.1393   0.80426036   0.000000   0.57056678   0.23369359   0.000000   0.70943043   2.22590011
Z000484      1.611853   0.1396   0.80452097   0.000000   0.57080749   0.23371348   0.000000   0.70949983   2.22662137
Z000485      3.805694   0.1398   0.80513459   0.000000   0.57137432   0.23376027   0.000000   0.70966311   2.22831964
Z000486      1.231295   0.1401   0.80533261   0.000000   0.57155725   0.23377536   0.000000   0.70971577   2.22886770
Z000487      1.150376   0.1404   0.80551740   0.000000   0.57172797   0.23378943   0.000000   0.70976489   2.22937912
Z000488      1.354402   0.1407   0.80573469   0.000000   0.57192871   0.23380598   0.000000   0.70982263   2.22998049
Z000489      1.675894   0.1410   0.80600314   0.000000   0.57217674   0.23382640   0.000000   0.70989393   2.23072348
Z000490      1.800746   0.1413   0.80629109   0.000000   0.57244279   0.23384830   0.000000   0.70997037   2.23152042
Z000491      1.306599   0.1416   0.80649970   0.000000   0.57263553   0.23386416   0.000000   0.71002573   2.23209776
Z000492      1.315612   0.1419   0.80670947   0.000000   0.57282937   0.23388010   0.000000   0.71008137   2.23267833
Z000493      0.964024   0.1422   0.80686300   0.000000   0.57297124   0.23389176   0.000000   0.71012209   2.23310326
Z000494      1.557911   0.1424   0.80711081   0.000000   0.57320023   0.23391058   0.000000   0.71018777   2.23378910
Z000495      1.054823   0.1427   0.80727838   0.000000   0.57335508   0.23392330   0.000000   0.71023218   2.23425287
Z000496      0.863503   0.1430   0.80741542   0.000000   0.57348172   0.23393370   0.000000   0.71026848   2.23463215
Z000497      1.407236   0.1433   0.80763850   0.000000   0.57368788   0.23395062   0.000000   0.71032756   2.23524956
Z000498      0.868376   0.1436   0.80777600   0.000000   0.57381496   0.23396104   0.000000   0.71036396   2.23563012
Z000499      2.463284   0.1439   0.80816541   0.000000   0.57417486   0.23399055   0.000000   0.71046701   2.23670785
Z000500      0.789006   0.1442   0.80828994   0.000000   0.57428996   0.23399998   0.000000   0.71049994   2.23705250
Z000501      1.010881   0.1445   0.80844934   0.000000   0.57443729   0.23401205   0.000000   0.71054210   2.23749367
Z000502      0.763166   0.1448   0.80856958   0.000000   0.57454842   0.23402115   0.000000   0.71057388   2.23782645
Z000503      4.119876   0.1450   0.80921710   0.000000   0.57514697   0.23407013   0.000000   0.71074495   2.23961855
Z000504      1.370546   0.1453   0.80943193   0.000000   0.57534556   0.23408637   0.000000   0.71080166   2.24021311
Z000505      1.206223   0.1456   0.80962076   0.000000   0.57552012   0.23410064   0.000000   0.71085149   2.24073572
Z000506      1.339170   0.1459   0.80983014   0.000000   0.57571369   0.23411645   0.000000   0.71090672   2.24131521
Z000507      1.306867   0.1462   0.81003420   0.000000   0.57590235   0.23413185   0.000000   0.71096054   2.24187999
Z000508      2.972831   0.1465   0.81049743   0.000000   0.57633063   0.23416680   0.000000   0.71108262   2.24316203
Z000509      6.342027   0.1468   0.81148117   0.000000   0.57724027   0.23424090   0.000000   0.71134155   2.24588466
Z000510      1.670071   0.1471   0.81173921   0.000000   0.57747890   0.23426031   0.000000   0.71140939   2.24659883
Z000511      0.935812   0.1474   0.81188362   0.000000   0.57761245   0.23427117   0.000000   0.71144735   2.24699850
Z000512      0.979703   0.1476   0.81203466   0.000000   0.57775213   0.23428253   0.000000   0.71148703   2.24741653
Z000513      1.800032   0.1479   0.81231180   0.000000   0.57800845   0.23430336   0.000000   0.71155983   2.24818355
Z000514      1.583002   0.1482   0.81255513   0.000000   0.57823350   0.23432163   0.000000   0.71162371   2.24885700
Z000515      0.828790   0.1485   0.81268238   0.000000   0.57835119   0.23433119   0.000000   0.71165711   2.24920917
Z000516      1.063045   0.1488   0.81284544   0.000000   0.57850201   0.23434343   0.000000   0.71169989   2.24966048
Z000517      0.989649   0.1491   0.81299710   0.000000   0.57864229   0.23435481   0.000000   0.71173968   2.25008021
Z000518      1.186637   0.1494   0.81317875   0.000000   0.57881032   0.23436843   0.000000   0.71178731   2.25058295
Z000519      1.357490   0.1497   0.81338630   0.000000   0.57900231   0.23438400   0.000000   0.71184172   2.25115739
Z000520      3.485514   0.1500   0.81391799   0.000000   0.57949415   0.23442384   0.000000   0.71198101   2.25262889
Z000521      3.846743   0.1502   0.81450271   0.000000   0.58003511   0.23446760   0.000000   0.71213404   2.25424720
Z000522      1.042499   0.1505   0.81466081   0.000000   0.58018138   0.23447943   0.000000   0.71217539   2.25468476
Z000523      1.580288   0.1508   0.81490017   0.000000   0.58040284   0.23449732   0.000000   0.71223797   2.25534721
Z000524      1.669213   0.1511   0.81515260   0.000000   0.58063641   0.23451619   0.000000   0.71230394   2.25604585
Z000525      1.535254   0.1514   0.81538442   0.000000   0.58085092   0.23453350   0.000000   0.71236450   2.25668745
Z000526      6.720265   0.1517   0.81639522   0.000000   0.58178631   0.23460891   0.000000   0.71262827   2.25948497
Z000527      1.414077   0.1520   0.81660710   0.000000   0.58198240   0.23462470   0.000000   0.71268349   2.26007137
Z000528      1.156170   0.1523   0.81678012   0.000000   0.58214254   0.23463758   0.000000   0.71272858   2.26055023
Z000529      1.050304   0.1526   0.81693714   0.000000   0.58228786   0.23464928   0.000000   0.71276948   2.26098480
Z000530      1.341368   0.1528   0.81713744   0.000000   0.58247326   0.23466418   0.000000   0.71282165   2.26153918
Z000531      4.071819   0.1531   0.81774395   0.000000   0.58303466   0.23470929   0.000000   0.71297948   2.26321777
Z000532      1.083581   0.1534   0.81790496   0.000000   0.58318371   0.23472126   0.000000   0.71302135   2.26366339
Z000533      0.925375   0.1537   0.81804234   0.000000   0.58331087   0.23473146   0.000000   0.71305707   2.26404360
Z000534      1.026355   0.1540   0.81819457   0.000000   0.58345180   0.23474277   0.000000   0.71309664   2.26446491
Z000535      1.177418   0.1543   0.81836902   0.000000   0.58361330   0.23475572   0.000000   0.71314197   2.26494774
Z000536      1.518855   0.1546   0.81859378   0.000000   0.58382138   0.23477241   0.000000   0.71320036   2.26556980
Z000537      0.657430   0.1549   0.81869097   0.000000   0.58391136   0.23477962   0.000000   0.71322559   2.26583878
Z000538      4.246946   0.1552   0.81931738   0.000000   0.58449132   0.23482606   0.000000   0.71338816   2.26757245
Z000539      3.012262   0.1554   0.81976019   0.000000   0.58490133   0.23485886   0.000000   0.71350297   2.26879798
Z000540      1.464567   0.1557   0.81997504   0.000000   0.58510027   0.23487476   0.000000   0.71355864   2.26939260
Z000541      1.264168   0.1560   0.82016025   0.000000   0.58527179   0.23488847   0.000000   0.71360662   2.26990522
Z000542      3.951192   0.1563   0.82073777   0.000000   0.58580661   0.23493116   0.000000   0.71375612   2.27150358
Z000543      0.865282   0.1566   0.82086397   0.000000   0.58592348   0.23494049   0.000000   0.71378877   2.27185283
Z000544      1.712400   0.1569   0.82111341   0.000000   0.58615450   0.23495891   0.000000   0.71385328   2.27254320
Z000545      0.843584   0.1572   0.82123615   0.000000   0.58626818   0.23496797   0.000000   0.71388501   2.27288290
Z000546      1.148627   0.1575   0.82140312   0.000000   0.58642282   0.23498030   0.000000   0.71392817   2.27334501
Z000547      0.968833   0.1578   0.82154382   0.000000   0.58655314   0.23499068   0.000000   0.71396452   2.27373442
Z000548      2.439098   0.1580   0.82189749   0.000000   0.58688073   0.23501676   0.000000   0.71405587   2.27471325
Z000549      0.519652   0.1583   0.82197274   0.000000   0.58695043   0.23502231   0.000000   0.71407530   2.27492150
Z000550      1.213793   0.1586   0.82214836   0.000000   0.58711311   0.23503525   0.000000   0.71412064   2.27540757
Z000551      1.264651   0.1589   0.82233114   0.000000   0.58728242   0.23504872   0.000000   0.71416780   2.27591343
Z000552      0.712669   0.1592   0.82243404   0.000000   0.58737775   0.23505630   0.000000   0.71419435   2.27619824
Z000553      1.180517   0.1595   0.82260436   0.000000   0.58753553   0.23506884   0.000000   0.71423828   2.27666962
Z000554      1.884892   0.1598   0.82287593   0.000000   0.58778710   0.23508882   0.000000   0.71430830   2.27742121
Z000555      1.157183   0.1601   0.82304242   0.000000   0.58794135   0.23510107   0.000000   0.71435121   2.27788200
Z000556      1.000160   0.1604   0.82318618   0.000000   0.58807453   0.23511165   0.000000   0.71438825   2.27827987
Z000557      1.384387   0.1606   0.82338495   0.000000   0.58825869   0.23512626   0.000000   0.71443945   2.27883000
Z000558      1.285224   0.1609   0.82356926   0.000000   0.58842945   0.23513981   0.000000   0.71448691   2.27934011
Z000559      0.999362   0.1612   0.82371243   0.000000   0.58856211   0.23515032   0.000000   0.71452376   2.27973635
Z000560      0.989491   0.1615   0.82385406   0.000000   0.58869333   0.23516073   0.000000   0.71456021   2.28012832
Z000561      0.964600   0.1618   0.82399200   0.000000   0.58882115   0.23517086   0.000000   0.71459571   2.28051011
Z000562      1.667764   0.1621   0.82423022   0.000000   0.58904188   0.23518834   0.000000   0.71465698   2.28116941
Z000563      3.618775   0.1624   0.82474590   0.000000   0.58951973   0.23522617   0.000000   0.71478953   2.28259662
Z000564      0.789113   0.1627   0.82485813   0.000000   0.58962373   0.23523439   0.000000   0.71481836   2.28290722
Z000565      1.682690   0.1630   0.82509718   0.000000   0.58984526   0.23525191   0.000000   0.71487975   2.28356882
Z000566      1.302684   0.1632   0.82528199   0.000000   0.59001654   0.23526545   0.000000   0.71492720   2.28408033
Z000567      0.642496   0.1635   0.82537307   0.000000   0.59010095   0.23527212   0.000000   0.71495058   2.28433239
Z000568      8.393968   0.1638   0.82655816   0.000000   0.59119936   0.23535879   0.000000   0.71525441   2.28761228
Z000569      2.213540   0.1641   0.82686921   0.000000   0.59148770   0.23538151   0.000000   0.71533405   2.28847315
Z000570      1.177029   0.1644   0.82703436   0.000000   0.59164079   0.23539356   0.000000   0.71537632   2.28893023
Z000571      0.676559   0.1647   0.82712921   0.000000   0.59172872   0.23540048   0.000000   0.71540059   2.28919274
Z000572      1.367080   0.1650   0.82732070   0.000000   0.59190624   0.23541446   0.000000   0.71544958   2.28972271
Z000573      1.222296   0.1653   0.82749171   0.000000   0.59206478   0.23542693   0.000000   0.71549331   2.29019602
Z000574      0.840752   0.1656   0.82760923   0.000000   0.59217374   0.23543550   0.000000   0.71552336   2.29052128
Z000575      3.866318   0.1658   0.82814857   0.000000   0.59267378   0.23547479   0.000000   0.71566117   2.29201397
Z000576      3.718155   0.1661   0.82866552   0.000000   0.59315310   0.23551242   0.000000   0.71579314   2.29344470
Z000577      0.924962   0.1664   0.82879386   0.000000   0.59327211   0.23552176   0.000000   0.71582589   2.29379991
Z000578      1.113501   0.1667   0.82894823   0.000000   0.59341524   0.23553298   0.000000   0.71586527   2.29422713
Z000579      1.367324   0.1670   0.82913757   0.000000   0.59359083   0.23554675   0.000000   0.71591355   2.29475117
Z000580      1.580214   0.1673   0.82935612   0.000000   0.59379349   0.23556263   0.000000   0.71596926   2.29535603
Z000581      1.380314   0.1676   0.82954678   0.000000   0.59397030   0.23557648   0.000000   0.71601785   2.29588370
Z000582      0.947175   0.1679   0.82967747   0.000000   0.59409150   0.23558597   0.000000   0.71605114   2.29624542
Z000583      0.807216   0.1682   0.82978877   0.000000   0.59419472   0.23559405   0.000000   0.71607949   2.29655346
Z000584      3.304089   0.1684   0.83024354   0.000000   0.59461649   0.23562705   0.000000   0.71619526   2.29781207
Z000585      1.479048   0.1687   0.83044668   0.000000   0.59480491   0.23564178   0.000000   0.71624695   2.29837431
Z000586      1.915988   0.1690   0.83070946   0.000000   0.59504864   0.23566082   0.000000   0.71631378   2.29910159
Z000587      1.090884   0.1693   0.83085889   0.000000   0.59518724   0.23567165   0.000000   0.71635177   2.29951514
Z000588      1.213503   0.1696   0.83102494   0.000000   0.59534126   0.23568368   0.000000   0.71639398   2.29997471
Z000589      3.242582   0.1699   0.83146780   0.000000   0.59575206   0.23571573   0.000000   0.71650648   2.30120038
Z000590      1.142658   0.1702   0.83162356   0.000000   0.59589656   0.23572700   0.000000   0.71654603   2.30163149
Z000591      1.612085   0.1705   0.83184306   0.000000   0.59610019   0.23574288   0.000000   0.71660174   2.30223898
Z000592      0.765282   0.1708   0.83194716   0.000000   0.59619676   0.23575040   0.000000   0.71662815   2.30252708
Z000593      1.657043   0.1710   0.83217232   0.000000   0.59640564   0.23576667   0.000000   0.71668527   2.30315023
Z000594      1.185006   0.1713   0.83233314   0.000000   0.59655485   0.23577829   0.000000   0.71672605   2.30359533
Z000595      0.927079   0.1716   0.83245884   0.000000   0.59667147   0.23578737   0.000000   0.71675792   2.30394324
Z000596      0.982686   0.1719   0.83259198   0.000000   0.59679500   0.23579698   0.000000   0.71679167   2.30431172
Z000597      1.417423   0.1722   0.83278382   0.000000   0.59697299   0.23581083   0.000000   0.71684028   2.30484266
Z000598      4.634442   0.1725   0.83340946   0.000000   0.59755350   0.23585596   0.000000   0.71699871   2.30657420
Z000599      1.314952   0.1728   0.83358653   0.000000   0.59771781   0.23586872   0.000000   0.71704351   2.30706426
Z000600      1.130505   0.1731   0.83373860   0.000000   0.59785893   0.23587967   0.000000   0.71708198   2.30748514
Z000601      1.443068   0.1734   0.83393251   0.000000   0.59803887   0.23589364   0.000000   0.71713102   2.30802181
Z000602      0.719516   0.1736   0.83402910   0.000000   0.59812851   0.23590059   0.000000   0.71715544   2.30828915
Z000603      1.469803   0.1739   0.83422624   0.000000   0.59831146   0.23591478   0.000000   0.71720527   2.30883476
Z000604      1.511283   0.1742   0.83442869   0.000000   0.59849934   0.23592935   0.000000   0.71725643   2.30939506
Z000605      1.107192   0.1745   0.83457684   0.000000   0.59863684   0.23594001   0.000000   0.71729385   2.30980509
Z000606      1.518969   0.1748   0.83477987   0.000000   0.59882527   0.23595460   0.000000   0.71734512   2.31036700
Z000607      0.736006   0.1751   0.83487816   0.000000   0.59891649   0.23596167   0.000000   0.71736993   2.31063902
Z000608      3.816060   0.1754   0.83538677   0.000000   0.59938856   0.23599821   0.000000   0.71749827   2.31204666
Z000609      1.037115   0.1757   0.83552471   0.000000   0.59951660   0.23600811   0.000000   0.71753306   2.31242845
Z000610      1.614782   0.1760   0.83573926   0.000000   0.59971575   0.23602351   0.000000   0.71758715   2.31302224
Z000611      0.669945   0.1762   0.83582819   0.000000   0.59979830   0.23602989   0.000000   0.71760956   2.31326836
Z000612      1.176178   0.1765   0.83598419   0.000000   0.59994311   0.23604108   0.000000   0.71764887   2.31370012
Z000613      1.277643   0.1768   0.83615348   0.000000   0.60010026   0.23605322   0.000000   0.71769152   2.31416864
Z000614      1.327016   0.1771   0.83632912   0.000000   0.60026331   0.23606581   0.000000   0.71773575   2.31465475
Z000615      0.717897   0.1774   0.83642405   0.000000   0.60035144   0.23607261   0.000000   0.71775966   2.31491750
Z000616      1.130245   0.1777   0.83657341   0.000000   0.60049009   0.23608331   0.000000   0.71779725   2.31533085
Z000617      1.885008   0.1780   0.83682219   0.000000   0.60072105   0.23610113   0.000000   0.71785986   2.31601938
Z000618      1.600960   0.1783   0.83703317   0.000000   0.60091693   0.23611624   0.000000   0.71791293   2.31660331
Z000619      5.126913   0.1786   0.83770695   0.000000   0.60154252   0.23616443   0.000000   0.71808229   2.31846810
Z000620      3.576110   0.1789   0.83817525   0.000000   0.60197736   0.23619789   0.000000   0.71819988   2.31976416
Z000621      3.641865   0.1791   0.83865074   0.000000   0.60241891   0.23623183   0.000000   0.71831918   2.32108015
Z000622      0.875895   0.1794   0.83876488   0.000000   0.60252491   0.23623997   0.000000   0.71834780   2.32139606
Z000623      1.260242   0.1797   0.83892898   0.000000   0.60267730   0.23625168   0.000000   0.71838894   2.32185021
Z000624      2.065846   0.1800   0.83919760   0.000000   0.60292677   0.23627083   0.000000   0.71845626   2.32259366
Z000625      0.836691   0.1803   0.83930626   0.000000   0.60302769   0.23627857   0.000000   0.71848349   2.32289441
Z000626      1.376807   0.1806   0.83948492   0.000000   0.60319362   0.23629130   0.000000   0.71852824   2.32338885
Z000627      3.352776   0.1809   0.83991913   0.000000   0.60359691   0.23632222   0.000000   0.71863694   2.32459061
Z000628      0.977671   0.1812   0.84004553   0.000000   0.60371431   0.23633121   0.000000   0.71866857   2.32494042
Z000629      0.967313   0.1815   0.84017048   0.000000   0.60383038   0.23634010   0.000000   0.71869983   2.32528626
Z000630      1.748230   0.1817   0.84039607   0.000000   0.60403992   0.23635615   0.000000   0.71875624   2.32591060
Z000631      1.224732   0.1820   0.84055392   0.000000   0.60418655   0.23636737   0.000000   0.71879571   2.32634746
Z000632      0.896469   0.1823   0.84066936   0.000000   0.60429378   0.23637558   0.000000   0.71882456   2.32666695
Z000633      1.578281   0.1826   0.84087239   0.000000   0.60448239   0.23639000   0.000000   0.71887529   2.32722888
Z000634      1.513509   0.1829   0.84106685   0.000000   0.60466303   0.23640382   0.000000   0.71892387   2.32776707
Z000635      1.322665   0.1832   0.84123659   0.000000   0.60482072   0.23641587   0.000000   0.71896626   2.32823686
Z000636      4.037962   0.1835   0.84175369   0.000000   0.60530113   0.23645256   0.000000   0.71909531   2.32966799
Z000637      0.804432   0.1838   0.84185650   0.000000   0.60539665   0.23645985   0.000000   0.71912095   2.32995254
Z000638      3.504022   0.1841   0.84230358   0.000000   0.60581204   0.23649154   0.000000   0.71923242   2.33118987
Z000639      1.512509   0.1843   0.84249617   0.000000   0.60599099   0.23650518   0.000000   0.71928041   2.33172290
Z000640      0.987435   0.1846   0.84262177   0.000000   0.60610770   0.23651407   0.000000   0.71931170   2.33207053
Z000641      3.748399   0.1849   0.84309769   0.000000   0.60654993   0.23654775   0.000000   0.71943019   2.33338769
Z000642      0.772984   0.1852   0.84319565   0.000000   0.60664097   0.23655468   0.000000   0.71945457   2.33365883
Z000643      1.360005   0.1855   0.84336787   0.000000   0.60680101   0.23656686   0.000000   0.71949742   2.33413546
Z000644      1.238014   0.1858   0.84352448   0.000000   0.60694655   0.23657793   0.000000   0.71953638   2.33456889
Z000645      1.565315   0.1861   0.84372227   0.000000   0.60713036   0.23659191   0.000000   0.71958556   2.33511630
Z000646      1.267169   0.1864   0.84388220   0.000000   0.60727900   0.23660321   0.000000   0.71962531   2.33555894
Z000647      0.944897   0.1867   0.84400136   0.000000   0.60738974   0.23661162   0.000000   0.71965493   2.33588872
Z000648      1.120119   0.1869   0.84414250   0.000000   0.60752091   0.23662159   0.000000   0.71969000   2.33627934
Z000649      1.280490   0.1872   0.84430369   0.000000   0.60767072   0.23663296   0.000000   0.71973004   2.33672545
Z000650      1.221815   0.1875   0.84445734   0.000000   0.60781353   0.23664381   0.000000   0.71976819   2.33715071
Z000651      3.939884   0.1878   0.84495180   0.000000   0.60827313   0.23667868   0.000000   0.71989092   2.33851920
Z000652      1.015378   0.1881   0.84507899   0.000000   0.60839135   0.23668764   0.000000   0.71992247   2.33887120
Z000653      0.949660   0.1884   0.84519784   0.000000   0.60850183   0.23669601   0.000000   0.71995194   2.33920016
Z000654      1.177185   0.1887   0.84534506   0.000000   0.60863868   0.23670638   0.000000   0.71998845   2.33960759
Z000655      0.935076   0.1890   0.84546190   0.000000   0.60874729   0.23671461   0.000000   0.72001741   2.33993096
Z000656      0.895809   0.1893   0.84557375   0.000000   0.60885126   0.23672249   0.000000   0.72004513   2.34024053
Z000657      6.736697   0.1895   0.84641240   0.000000   0.60963092   0.23678148   0.000000   0.72025282   2.34256161
Z000658      5.581300   0.1898   0.84710388   0.000000   0.61027384   0.23683005   0.000000   0.72042384   2.34447538
Z000659      3.007681   0.1901   0.84747527   0.000000   0.61061917   0.23685611   0.000000   0.72051561   2.34550325
Z000660      1.528163   0.1904   0.84766364   0.000000   0.61079432   0.23686932   0.000000   0.72056214   2.34602458
Z000661      1.548111   0.1907   0.84785424   0.000000   0.61097156   0.23688268   0.000000   0.72060919   2.34655209
Z000662      0.624493   0.1910   0.84793106   0.000000   0.61104299   0.23688806   0.000000   0.72062816   2.34676470
Z000663      1.246889   0.1913   0.84808433   0.000000   0.61118553   0.23689880   0.000000   0.72066598   2.34718890
Z000664      1.435747   0.1916   0.84826064   0.000000   0.61134948   0.23691115   0.000000   0.72070948   2.34767685
Z000665      1.455416   0.1919   0.84843916   0.000000   0.61151550   0.23692365   0.000000   0.72075351   2.34817093
Z000666      1.148644   0.1921   0.84857991   0.000000   0.61164640   0.23693351   0.000000   0.72078822   2.34856048
Z000667      1.084848   0.1924   0.84871273   0.000000   0.61176993   0.23694280   0.000000   0.72082096   2.34892808
Z000668      1.005498   0.1927   0.84883573   0.000000   0.61188433   0.23695141   0.000000   0.72085128   2.34926851
Z000669      0.851226   0.1930   0.84893979   0.000000   0.61198111   0.23695869   0.000000   0.72087692   2.34955651
Z000670      0.926458   0.1933   0.84905297   0.000000   0.61208637   0.23696660   0.000000   0.72090481   2.34986975
Z000671      2.128472   0.1936   0.84931269   0.000000   0.61232793   0.23698476   0.000000   0.72096878   2.35058855
Z000672      1.106721   0.1939   0.84944756   0.000000   0.61245338   0.23699418   0.000000   0.72100198   2.35096183
Z000673      0.758849   0.1942   0.84953998   0.000000   0.61253933   0.23700064   0.000000   0.72102473   2.35121760
Z000674      3.789328   0.1945   0.85000065   0.000000   0.61296783   0.23703281   0.000000   0.72113808   2.35249256
Z000675      0.910370   0.1947   0.85011112   0.000000   0.61307060   0.23704052   0.000000   0.72116525   2.35279832
Z000676      1.064659   0.1950   0.85024022   0.000000   0.61319069   0.23704953   0.000000   0.72119699   2.35315563
Z000677      1.020966   0.1953   0.85036393   0.000000   0.61330577   0.23705816   0.000000   0.72122740   2.35349800
Z000678      2.159547   0.1956   0.85062527   0.000000   0.61354889   0.23707638   0.000000   0.72129163   2.35422130
Z000679      0.860873   0.1959   0.85072933   0.000000   0.61364570   0.23708364   0.000000   0.72131719   2.35450931
Z000680      1.098293   0.1962   0.85086200   0.000000   0.61376911   0.23709288   0.000000   0.72134978   2.35487647
Z000681      0.776601   0.1965   0.85095573   0.000000   0.61385632   0.23709942   0.000000   0.72137280   2.35513590
Z000682      0.983202   0.1968   0.85107433   0.000000   0.61396665   0.23710768   0.000000   0.72140192   2.35546414
Z000683      4.293896   0.1971   0.85159124   0.000000   0.61444757   0.23714367   0.000000   0.72152876   2.35689476
Z000684      1.012646   0.1973   0.85171290   0.000000   0.61456077   0.23715213   0.000000   0.72155860   2.35723147
Z000685      0.744345   0.1976   0.85180227   0.000000   0.61464392   0.23715835   0.000000   0.72158052   2.35747881
Z000686      1.653311   0.1979   0.85200059   0.000000   0.61482845   0.23717214   0.000000   0.72162913   2.35802768
Z000687      2.794656   0.1982   0.85233526   0.000000   0.61513985   0.23719540   0.000000   0.72171114   2.35895392
Z000688      1.397654   0.1985   0.85250237   0.000000   0.61529535   0.23720702   0.000000   0.72175207   2.35941642
Z000689      1.845931   0.1988   0.85272280   0.000000   0.61550048   0.23722232   0.000000   0.72180605   2.36002651
Z000690      1.073806   0.1991   0.85285090   0.000000   0.61561968   0.23723122   0.000000   0.72183741   2.36038102
Z000691      0.947645   0.1994   0.85296385   0.000000   0.61572479   0.23723906   0.000000   0.72186505   2.36069365
Z000692      0.995210   0.1997   0.85308239   0.000000   0.61583511   0.23724728   0.000000   0.72189406   2.36102172
Z000693      0.998607   0.1999   0.85320125   0.000000   0.61594572   0.23725553   0.000000   0.72192313   2.36135067
Z000694      1.234373   0.2002   0.85334804   0.000000   0.61608233   0.23726571   0.000000   0.72195904   2.36175695
Z000695      1.503236   0.2005   0.85352663   0.000000   0.61624853   0.23727810   0.000000   0.72200270   2.36225121
Z000696      0.739872   0.2008   0.85361445   0.000000   0.61633027   0.23728419   0.000000   0.72202417   2.36249427
Z000697      1.442236   0.2011   0.85378551   0.000000   0.61648947   0.23729604   0.000000   0.72206598   2.36296770
Z000698      1.547536   0.2014   0.85396885   0.000000   0.61666011   0.23730874   0.000000   0.72211077   2.36347512
Z000699      4.929150   0.2017   0.85455142   0.000000   0.61720235   0.23734908   0.000000   0.72225302   2.36508746
Z000700      2.211012   0.2020   0.85481205   0.000000   0.61744494   0.23736710   0.000000   0.72231661   2.36580877
Z000701      0.914259   0.2023   0.85491969   0.000000   0.61754514   0.23737455   0.000000   0.72234287   2.36610670
Z000702      1.272873   0.2025   0.85506944   0.000000   0.61768454   0.23738490   0.000000   0.72237939   2.36652114
Z000703      2.197257   0.2028   0.85532760   0.000000   0.61792486   0.23740274   0.000000   0.72244232   2.36723564
Z000704      0.925060   0.2031   0.85543617   0.000000   0.61802592   0.23741024   0.000000   0.72246878   2.36753611
Z000705      1.166087   0.2034   0.85557291   0.000000   0.61815322   0.23741969   0.000000   0.72250210   2.36791457
Z000706      0.688418   0.2037   0.85565359   0.000000   0.61822833   0.23742526   0.000000   0.72252175   2.36813785
Z000707      1.932984   0.2040   0.85587989   0.000000   0.61843901   0.23744088   0.000000   0.72257687   2.36876417
Z000708      0.999930   0.2043   0.85599683   0.000000   0.61854788   0.23744895   0.000000   0.72260534   2.36908782
Z000709      1.629254   0.2046   0.85618719   0.000000   0.61872510   0.23746208   0.000000   0.72265167   2.36961466
Z000710      2.471405   0.2049   0.85647550   0.000000   0.61899354   0.23748196   0.000000   0.72272182   2.37041261
Z000711      1.610357   0.2051   0.85666309   0.000000   0.61916819   0.23749489   0.000000   0.72276745   2.37093178
Z000712      1.226102   0.2054   0.85680576   0.000000   0.61930104   0.23750472   0.000000   0.72280214   2.37132665
Z000713      1.356756   0.2057   0.85696349   0.000000   0.61944790   0.23751559   0.000000   0.72284048   2.37176319
Z000714      1.286574   0.2060   0.85711292   0.000000   0.61958704   0.23752588   0.000000   0.72287679   2.37217675
Z000715      0.713031   0.2063   0.85719567   0.000000   0.61966409   0.23753158   0.000000   0.72289690   2.37240578
Z000716      1.516361   0.2066   0.85737152   0.000000   0.61982784   0.23754368   0.000000   0.72293962   2.37289246
Z000717      0.951884   0.2069   0.85748180   0.000000   0.61993053   0.23755127   0.000000   0.72296640   2.37319769
Z000718      1.147594   0.2072   0.85761466   0.000000   0.62005425   0.23756041   0.000000   0.72299866   2.37356539
Z000719      0.859388   0.2075   0.85771408   0.000000   0.62014683   0.23756725   0.000000   0.72302279   2.37384055
Z000720      1.015854   0.2077   0.85783152   0.000000   0.62025620   0.23757533   0.000000   0.72305130   2.37416559
Z000721      2.505649   0.2080   0.85812083   0.000000   0.62052562   0.23759521   0.000000   0.72312149   2.37496628
Z000722      1.390694   0.2083   0.85828117   0.000000   0.62067494   0.23760623   0.000000   0.72316038   2.37541005
Z000723      1.271686   0.2086   0.85842765   0.000000   0.62081136   0.23761629   0.000000   0.72319590   2.37581546
Z000724      0.951928   0.2089   0.85853722   0.000000   0.62091340   0.23762382   0.000000   0.72322246   2.37611869
Z000725      1.146825   0.2092   0.85866911   0.000000   0.62103624   0.23763287   0.000000   0.72325443   2.37648372
Z000726      1.219361   0.2095   0.85880922   0.000000   0.62116673   0.23764249   0.000000   0.72328838   2.37687151
Z000727      1.662871   0.2098   0.85900010   0.000000   0.62134452   0.23765559   0.000000   0.72333462   2.37739979
Z000728      0.594806   0.2101   0.85906833   0.000000   0.62140806   0.23766027   0.000000   0.72335115   2.37758861
Z000729      1.644378   0.2103   0.85925678   0.000000   0.62158359   0.23767319   0.000000   0.72339678   2.37811017
Z000730      1.139658   0.2106   0.85938726   0.000000   0.62170512   0.23768214   0.000000   0.72342836   2.37847129
Z000731      1.147710   0.2109   0.85951855   0.000000   0.62182741   0.23769114   0.000000   0.72346014   2.37883466
Z000732      3.030984   0.2112   0.85986476   0.000000   0.62214990   0.23771486   0.000000   0.72354390   2.37979283
Z000733      1.659978   0.2115   0.86005405   0.000000   0.62232622   0.23772782   0.000000   0.72358967   2.38031672
Z000734      1.290460   0.2118   0.86020104   0.000000   0.62246316   0.23773788   0.000000   0.72362521   2.38072355
Z000735      1.003052   0.2121   0.86031521   0.000000   0.62256951   0.23774570   0.000000   0.72365280   2.38103952
Z000736      3.726672   0.2124   0.86073865   0.000000   0.62296399   0.23777466   0.000000   0.72375510   2.38221146
Z000737      1.441945   0.2127   0.86090219   0.000000   0.62311635   0.23778585   0.000000   0.72379459   2.38266408
Z000738      1.660683   0.2129   0.86109033   0.000000   0.62329163   0.23779870   0.000000   0.72384000   2.38318478
Z000739      1.418168   0.2132   0.86125082   0.000000   0.62344115   0.23780967   0.000000   0.72387873   2.38362896
Z000740      1.051165   0.2135   0.86136967   0.000000   0.62355189   0.23781779   0.000000   0.72390741   2.38395790
Z000741      1.184374   0.2138   0.86150348   0.000000   0.62367656   0.23782692   0.000000   0.72393968   2.38432823
Z000742      0.704130   0.2141   0.86158298   0.000000   0.62375063   0.23783235   0.000000   0.72395885   2.38454825
Z000743      1.232246   0.2144   0.86172201   0.000000   0.62388016   0.23784184   0.000000   0.72399238   2.38493303
Z000744      0.708597   0.2147   0.86180190   0.000000   0.62395460   0.23784729   0.000000   0.72401164   2.38515414
Z000745      1.877495   0.2150   0.86201339   0.000000   0.62415166   0.23786172   0.000000   0.72406261   2.38573946
Z000746      3.259674   0.2153   0.86237990   0.000000   0.62449319   0.23788672   0.000000   0.72415090   2.38675385
Z000747      1.594141   0.2155   0.86255884   0.000000   0.62465993   0.23789891   0.000000   0.72419399   2.38724908
Z000748      0.725517   0.2158   0.86264021   0.000000   0.62473576   0.23790446   0.000000   0.72421358   2.38747428
Z000749      0.994045   0.2161   0.86275163   0.000000   0.62483958   0.23791205   0.000000   0.72424040   2.38778265
Z000750      1.434041   0.2164   0.86291223   0.000000   0.62498925   0.23792298   0.000000   0.72427905   2.38822714
Z000751      0.610744   0.2167   0.86298058   0.000000   0.62505294   0.23792764   0.000000   0.72429549   2.38841630
Z000752      2.001735   0.2170   0.86320439   0.000000   0.62526152   0.23794287   0.000000   0.72434932   2.38903573
Z000753      1.410424   0.2173   0.86336190   0.000000   0.62540831   0.23795359   0.000000   0.72438720   2.38947165
Z000754      2.718837   0.2176   0.86366508   0.000000   0.62569087   0.23797421   0.000000   0.72446007   2.39031076
Z000755      1.058171   0.2179   0.86378293   0.000000   0.62580070   0.23798223   0.000000   0.72448839   2.39063691
Z000756      1.567836   0.2181   0.86395737   0.000000   0.62596329   0.23799408   0.000000   0.72453029   2.39111970
Z000757      0.831427   0.2184   0.86404980   0.000000   0.62604944   0.23800036   0.000000   0.72455249   2.39137552
Z000758      3.643166   0.2187   0.86445418   0.000000   0.62642635   0.23802783   0.000000   0.72464957   2.39249469
Z000759      1.533814   0.2190   0.86462412   0.000000   0.62658476   0.23803937   0.000000   0.72469035   2.39296503
Z000760      0.779563   0.2193   0.86471043   0.000000   0.62666520   0.23804522   0.000000   0.72471105   2.39320389
Z000761      3.954703   0.2196   0.86514752   0.000000   0.62707265   0.23807487   0.000000   0.72481586   2.39441361
Z000762      0.950072   0.2199   0.86525235   0.000000   0.62717037   0.23808198   0.000000   0.72484099   2.39470374
Z000763      1.130871   0.2202   0.86537704   0.000000   0.62728660   0.23809043   0.000000   0.72487087   2.39504883
Z000764      1.030348   0.2205   0.86549056   0.000000   0.62739243   0.23809813   0.000000   0.72489807   2.39536301
Z000765      0.757806   0.2207   0.86557400   0.000000   0.62747022   0.23810378   0.000000   0.72491805   2.39559394
Z000766      1.396142   0.2210   0.86572761   0.000000   0.62761342   0.23811419   0.000000   0.72495484   2.39601908
Z000767      1.097626   0.2213   0.86584827   0.000000   0.62772591   0.23812236   0.000000   0.72498373   2.39635303
Z000768      1.164918   0.2216   0.86597623   0.000000   0.62784521   0.23813102   0.000000   0.72501437   2.39670718
Z000769      1.284791   0.2219   0.86611724   0.000000   0.62797667   0.23814057   0.000000   0.72504812   2.39709744
Z000770      1.061736   0.2222   0.86623367   0.000000   0.62808523   0.23814845   0.000000   0.72507598   2.39741968
Z000771      3.476793   0.2225   0.86661436   0.000000   0.62844016   0.23817420   0.000000   0.72516703   2.39847327
Z000772      0.855706   0.2228   0.86670791   0.000000   0.62852739   0.23818052   0.000000   0.72518940   2.39873219
Z000773      1.371204   0.2231   0.86685771   0.000000   0.62866706   0.23819065   0.000000   0.72522521   2.39914678
Z000774      0.854776   0.2233   0.86695102   0.000000   0.62875406   0.23819695   0.000000   0.72524751   2.39940503
Z000775      2.294493   0.2236   0.86720122   0.000000   0.62898736   0.23821386   0.000000   0.72530729   2.40009749
Z000776      2.598621   0.2239   0.86748411   0.000000   0.62925115   0.23823296   0.000000   0.72537484   2.40088043
Z000777      1.410012   0.2242   0.86763740   0.000000   0.62939409   0.23824330   0.000000   0.72541144   2.40130468
Z000778      1.192654   0.2245   0.86776694   0.000000   0.62951489   0.23825205   0.000000   0.72544236   2.40166320
Z000779      0.616063   0.2248   0.86783381   0.000000   0.62957725   0.23825656   0.000000   0.72545831   2.40184828
Z000780      1.198368   0.2251   0.86796381   0.000000   0.62969849   0.23826533   0.000000   0.72548933   2.40220808
Z000781      1.643660   0.2254   0.86814195   0.000000   0.62986461   0.23827734   0.000000   0.72553182   2.40270109
Z000782      1.618939   0.2257   0.86831721   0.000000   0.63002806   0.23828915   0.000000   0.72557362   2.40318615
Z000783      3.236632   0.2259   0.86866702   0.000000   0.63035430   0.23831272   0.000000   0.72565699   2.40415430
Z000784      1.888905   0.2262   0.86887082   0.000000   0.63054437   0.23832645   0.000000   0.72570555   2.40471834
Z000785      1.343064   0.2265   0.86901556   0.000000   0.63067937   0.23833619   0.000000   0.72574002   2.40511894
Z000786      1.006205   0.2268   0.86912392   0.000000   0.63078044   0.23834348   0.000000   0.72576582   2.40541883
Z000787      1.318523   0.2271   0.86926579   0.000000   0.63091277   0.23835303   0.000000   0.72579960   2.40581149
Z000788      1.006960   0.2274   0.86937406   0.000000   0.63101375   0.23836031   0.000000   0.72582537   2.40611113
Z000789      1.197805   0.2277   0.86950275   0.000000   0.63113378   0.23836897   0.000000   0.72585599   2.40646730
Z000790      1.068276   0.2280   0.86961744   0.000000   0.63124076   0.23837668   0.000000   0.72588328   2.40678471
Z000791      1.110621   0.2283   0.86973658   0.000000   0.63135189   0.23838469   0.000000   0.72591162   2.40711445
Z000792      0.674302   0.2285   0.86980887   0.000000   0.63141933   0.23838955   0.000000   0.72592882   2.40731454
Z000793      1.353466   0.2288   0.86995388   0.000000   0.63155459   0.23839929   0.000000   0.72596330   2.40771587
Z000794      1.944989   0.2291   0.87016204   0.000000   0.63174876   0.23841327   0.000000   0.72601278   2.40829196
Z000795      1.136129   0.2294   0.87028350   0.000000   0.63186207   0.23842143   0.000000   0.72604165   2.40862813
Z000796      2.927624   0.2297   0.87059607   0.000000   0.63215365   0.23844241   0.000000   0.72611591   2.40949320
Z000797      1.150745   0.2300   0.87071876   0.000000   0.63226811   0.23845065   0.000000   0.72614504   2.40983276
Z000798      0.824533   0.2303   0.87080661   0.000000   0.63235007   0.23845654   0.000000   0.72616590   2.41007590
Z000799      1.613464   0.2306   0.87097838   0.000000   0.63251032   0.23846806   0.000000   0.72620668   2.41055130
Z000800      1.296673   0.2309   0.87111629   0.000000   0.63263898   0.23847731   0.000000   0.72623941   2.41093299
Z000801      0.681855   0.2311   0.87118876   0.000000   0.63270660   0.23848217   0.000000   0.72625661   2.41113356
Z000802      3.371964   0.2314   0.87154667   0.000000   0.63304052   0.23850615   0.000000   0.72634151   2.41212413
Z000803      1.226738   0.2317   0.87167669   0.000000   0.63316183   0.23851486   0.000000   0.72637233   2.41248396
Z000804      0.744870   0.2320   0.87175558   0.000000   0.63323543   0.23852014   0.000000   0.72639103   2.41270230
Z000805      2.170597   0.2323   0.87198524   0.000000   0.63344973   0.23853552   0.000000   0.72644547   2.41333793
Z000806      0.891456   0.2326   0.87207947   0.000000   0.63353765   0.23854182   0.000000   0.72646779   2.41359872
Z000807      1.254519   0.2329   0.87221198   0.000000   0.63366129   0.23855069   0.000000   0.72649918   2.41396546
Z000808      0.845526   0.2332   0.87230123   0.000000   0.63374457   0.23855666   0.000000   0.72652032   2.41421246
Z000809      1.027388   0.2335   0.87240960   0.000000   0.63384570   0.23856391   0.000000   0.72654599   2.41451241
Z000810      1.111378   0.2337   0.87252676   0.000000   0.63395501   0.23857174   0.000000   0.72657372   2.41483665
Z000811      1.531208   0.2340   0.87268802   0.000000   0.63410550   0.23858252   0.000000   0.72661190   2.41528297
Z000812      0.666759   0.2343   0.87275820   0.000000   0.63417098   0.23858721   0.000000   0.72662850   2.41547718
Z000813      1.000001   0.2346   0.87286338   0.000000   0.63426914   0.23859424   0.000000   0.72665339   2.41576830
Z000814      2.118578   0.2349   0.87308600   0.000000   0.63447688   0.23860911   0.000000   0.72670606   2.41638441
Z000815      0.727646   0.2352   0.87316238   0.000000   0.63454817   0.23861422   0.000000   0.72672412   2.41659583
Z000816      1.283817   0.2355   0.87329707   0.000000   0.63467386   0.23862321   0.000000   0.72675597   2.41696858
Z000817      0.694985   0.2358   0.87336993   0.000000   0.63474185   0.23862807   0.000000   0.72677320   2.41717024
Z000818      1.326218   0.2361   0.87350888   0.000000   0.63487153   0.23863735   0.000000   0.72680604   2.41755480
Z000819      0.532613   0.2363   0.87356465   0.000000   0.63492358   0.23864107   0.000000   0.72681922   2.41770914
Z000820      1.628287   0.2366   0.87373502   0.000000   0.63508258   0.23865244   0.000000   0.72685948   2.41818067
Z000821      1.584138   0.2369   0.87390059   0.000000   0.63523711   0.23866348   0.000000   0.72689859   2.41863893
Z000822      1.238845   0.2372   0.87402996   0.000000   0.63535785   0.23867211   0.000000   0.72692915   2.41899697
Z000823      0.502945   0.2375   0.87408245   0.000000   0.63540684   0.23867561   0.000000   0.72694154   2.41914224
Z000824      1.324475   0.2378   0.87422060   0.000000   0.63553578   0.23868482   0.000000   0.72697416   2.41952458
Z000825      1.488619   0.2381   0.87437572   0.000000   0.63568057   0.23869515   0.000000   0.72701077   2.41995391
Z000826      2.979813   0.2384   0.87468579   0.000000   0.63596998   0.23871581   0.000000   0.72708393   2.42081205
Z000827      1.201584   0.2387   0.87481065   0.000000   0.63608653   0.23872412   0.000000   0.72711338   2.42115762
Z000828      1.664651   0.2389   0.87498346   0.000000   0.63624784   0.23873562   0.000000   0.72715413   2.42163591
Z000829      1.155300   0.2392   0.87510329   0.000000   0.63635969   0.23874360   0.000000   0.72718238   2.42196755
Z000830      2.608785   0.2395   0.87537354   0.000000   0.63661197   0.23876158   0.000000   0.72724607   2.42271551
Z000831      8.440136   0.2398   0.87624475   0.000000   0.63742529   0.23881947   0.000000   0.72745119   2.42512670
Z000832      1.206383   0.2401   0.87636889   0.000000   0.63754118   0.23882771   0.000000   0.72748039   2.42547027
Z000833      5.438524   0.2404   0.87692731   0.000000   0.63806256   0.23886476   0.000000   0.72761168   2.42701579
Z000834      1.420414   0.2407   0.87707284   0.000000   0.63819844   0.23887440   0.000000   0.72764588   2.42741855
Z000835      0.764766   0.2410   0.87715114   0.000000   0.63827154   0.23887959   0.000000   0.72766427   2.42763525
Z000836      1.241702   0.2413   0.87727818   0.000000   0.63839017   0.23888801   0.000000   0.72769411   2.42798686
Z000837      1.231520   0.2415   0.87740408   0.000000   0.63850773   0.23889636   0.000000   0.72772368   2.42833531
Z000838      0.944646   0.2418   0.87750059   0.000000   0.63859784   0.23890275   0.000000   0.72774634   2.42860241
Z000839      1.442002   0.2421   0.87764780   0.000000   0.63873530   0.23891250   0.000000   0.72778090   2.42900982
Z000840      1.095321   0.2424   0.87775952   0.000000   0.63883963   0.23891989   0.000000   0.72780712   2.42931903
Z000841      1.533677   0.2427   0.87791582   0.000000   0.63898558   0.23893024   0.000000   0.72784379   2.42975163
Z000842      0.975248   0.2430   0.87801514   0.000000   0.63907832   0.23893681   0.000000   0.72786709   2.43002649
Z000843      2.881015   0.2433   0.87830816   0.000000   0.63935196   0.23895620   0.000000   0.72793581   2.43083746
Z000844      1.357035   0.2436   0.87844599   0.000000   0.63948068   0.23896531   0.000000   0.72796812   2.43121894
Z000845      1.399027   0.2439   0.87858797   0.000000   0.63961327   0.23897470   0.000000   0.72800140   2.43161187
Z000846      1.486800   0.2441   0.87873871   0.000000   0.63975405   0.23898466   0.000000   0.72803672   2.43202908
Z000847      7.609549   0.2444   0.87950800   0.000000   0.64047254   0.23903546   0.000000   0.72821684   2.43415818
Z000848      1.395228   0.2447   0.87964865   0.000000   0.64060390   0.23904474   0.000000   0.72824975   2.43454745
Z000849      0.858027   0.2450   0.87973508   0.000000   0.64068464   0.23905044   0.000000   0.72826997   2.43478666
Z000850      0.991470   0.2453   0.87983490   0.000000   0.64077787   0.23905703   0.000000   0.72829331   2.43506292
Z000851      0.965935   0.2456   0.87993208   0.000000   0.64086865   0.23906344   0.000000   0.72831604   2.43533189
Z000852      1.065206   0.2459   0.88003919   0.000000   0.64096869   0.23907050   0.000000   0.72834108   2.43562832
Z000853      0.840155   0.2462   0.88012361   0.000000   0.64104755   0.23907606   0.000000   0.72836081   2.43586198
Z000854      3.928556   0.2465   0.88051779   0.000000   0.64141576   0.23910203   0.000000   0.72845292   2.43695293
Z000855      1.194542   0.2467   0.88063746   0.000000   0.64152755   0.23910991   0.000000   0.72848087   2.43728412
Z000856      1.477958   0.2470   0.88078539   0.000000   0.64166574   0.23911965   0.000000   0.72851542   2.43769354
Z000857      3.606785   0.2473   0.88114582   0.000000   0.64200245   0.23914337   0.000000   0.72859955   2.43869108
Z000858      2.041803   0.2476   0.88134950   0.000000   0.64219273   0.23915677   0.000000   0.72864707   2.43925479
Z000859      1.231404   0.2479   0.88147221   0.000000   0.64230738   0.23916484   0.000000   0.72867569   2.43959441
Z000860      0.704903   0.2482   0.88154242   0.000000   0.64237296   0.23916945   0.000000   0.72869207   2.43978871
Z000861      3.491148   0.2485   0.88188965   0.000000   0.64269738   0.23919227   0.000000   0.72877302   2.44074973
Z000862      0.903459   0.2488   0.88197939   0.000000   0.64278122   0.23919816   0.000000   0.72879393   2.44099809
Z000863      0.839798   0.2491   0.88206275   0.000000   0.64285912   0.23920364   0.000000   0.72881336   2.44122882
Z000864      3.901702   0.2493   0.88244951   0.000000   0.64322048   0.23922903   0.000000   0.72890344   2.44229921
Z000865      1.279390   0.2496   0.88257612   0.000000   0.64333879   0.23923734   0.000000   0.72893292   2.44264964
Z000866      2.600846   0.2499   0.88283321   0.000000   0.64357901   0.23925420   0.000000   0.72899275   2.44336115
Z000867      1.641714   0.2502   0.88299527   0.000000   0.64373044   0.23926482   0.000000   0.72903046   2.44380968
Z000868      1.631772   0.2505   0.88315619   0.000000   0.64388082   0.23927537   0.000000   0.72906789   2.44425504
Z000869      0.863981   0.2508   0.88324132   0.000000   0.64396037   0.23928095   0.000000   0.72908769   2.44449067
Z000870      0.823786   0.2511   0.88332246   0.000000   0.64403619   0.23928627   0.000000   0.72910655   2.44471521
Z000871      1.336290   0.2514   0.88345398   0.000000   0.64415909   0.23929488   0.000000   0.72913713   2.44507921
Z000872      0.802833   0.2517   0.88353294   0.000000   0.64423289   0.23930005   0.000000   0.72915548   2.44529776
Z000873      1.414983   0.2520   0.88367202   0.000000   0.64436286   0.23930916   0.000000   0.72918780   2.44568267
Z000874      0.821810   0.2522   0.88375274   0.000000   0.64443829   0.23931444   0.000000   0.72920656   2.44590608
Z000875      1.324441   0.2525   0.88388274   0.000000   0.64455979   0.23932295   0.000000   0.72923676   2.44626588
Z000876      0.879016   0.2528   0.88396896   0.000000   0.64464037   0.23932860   0.000000   0.72925679   2.44650451
Z000877      2.044089   0.2531   0.88416929   0.000000   0.64482759   0.23934170   0.000000   0.72930331   2.44705894
Z000878      2.733585   0.2534   0.88443679   0.000000   0.64507760   0.23935920   0.000000   0.72936540   2.44779929
Z000879      0.959876   0.2537   0.88453062   0.000000   0.64516529   0.23936533   0.000000   0.72938717   2.44805896
Z000880      0.943352   0.2540   0.88462277   0.000000   0.64525142   0.23937135   0.000000   0.72940856   2.44831401
Z000881      1.536146   0.2543   0.88477272   0.000000   0.64539157   0.23938115   0.000000   0.72944334   2.44872903
Z000882      1.603369   0.2546   0.88492909   0.000000   0.64553772   0.23939137   0.000000   0.72947960   2.44916178
Z000883      0.714333   0.2548   0.88499870   0.000000   0.64560279   0.23939591   0.000000   0.72949575   2.44935445
Z000884      1.004306   0.2551   0.88509652   0.000000   0.64569422   0.23940230   0.000000   0.72951842   2.44962518
Z000885      1.201544   0.2554   0.88521347   0.000000   0.64580354   0.23940994   0.000000   0.72954553   2.44994886
Z000886      1.370824   0.2557   0.88534680   0.000000   0.64592816   0.23941864   0.000000   0.72957643   2.45031786
Z000887      2.732046   0.2560   0.88561218   0.000000   0.64617623   0.23943596   0.000000   0.72963791   2.45105234
Z000888      5.752525   0.2563   0.88616952   0.000000   0.64669723   0.23947229   0.000000   0.72976695   2.45259486
Z000889      1.051106   0.2566   0.88627115   0.000000   0.64679223   0.23947892   0.000000   0.72979046   2.45287613
Z000890      3.792122   0.2569   0.88663726   0.000000   0.64713450   0.23950276   0.000000   0.72987514   2.45388938
Z000891      1.315704   0.2572   0.88676408   0.000000   0.64725307   0.23951102   0.000000   0.72990447   2.45424039
Z000892      0.938373   0.2574   0.88685448   0.000000   0.64733758   0.23951690   0.000000   0.72992536   2.45449056
Z000893      1.534831   0.2577   0.88700222   0.000000   0.64747570   0.23952652   0.000000   0.72995951   2.45489945
Z000894      5.814084   0.2580   0.88756062   0.000000   0.64799779   0.23956283   0.000000   0.73008849   2.45644491
Z000895      0.840076   0.2583   0.88764114   0.000000   0.64807308   0.23956806   0.000000   0.73010708   2.45666777
Z000896      3.197209   0.2586   0.88794723   0.000000   0.64835928   0.23958795   0.000000   0.73017772   2.45751490
Z000897      0.910739   0.2589   0.88803431   0.000000   0.64844071   0.23959360   0.000000   0.73019781   2.45775591
Z000898      0.909636   0.2592   0.88812124   0.000000   0.64852199   0.23959925   0.000000   0.73021786   2.45799649
Z000899      1.363485   0.2595   0.88825145   0.000000   0.64864375   0.23960770   0.000000   0.73024789   2.45835687
Z000900      1.127104   0.2598   0.88835901   0.000000   0.64874432   0.23961468   0.000000   0.73027269   2.45865455
Z000901      1.301499   0.2600   0.88848311   0.000000   0.64886038   0.23962274   0.000000   0.73030131   2.45899804
Z000902      1.377454   0.2603   0.88861436   0.000000   0.64898311   0.23963125   0.000000   0.73033156   2.45936128
Z000903      0.937077   0.2606   0.88870359   0.000000   0.64906655   0.23963704   0.000000   0.73035212   2.45960822
Z000904      0.979111   0.2609   0.88879676   0.000000   0.64915368   0.23964308   0.000000   0.73037359   2.45986609
Z000905      0.724075   0.2612   0.88886563   0.000000   0.64921808   0.23964755   0.000000   0.73038946   2.46005670
Z000906      0.961017   0.2615   0.88895699   0.000000   0.64930352   0.23965347   0.000000   0.73041050   2.46030955
Z000907      1.714024   0.2618   0.88911980   0.000000   0.64945578   0.23966402   0.000000   0.73044800   2.46076016
Z000908      1.328741   0.2621   0.88924590   0.000000   0.64957371   0.23967219   0.000000   0.73047703   2.46110916
Z000909      0.939141   0.2624   0.88933497   0.000000   0.64965701   0.23967796   0.000000   0.73049754   2.46135567
Z000910      1.447579   0.2626   0.88947216   0.000000   0.64978531   0.23968685   0.000000   0.73052912   2.46173536
Z000911      1.734373   0.2629   0.88963637   0.000000   0.64993889   0.23969748   0.000000   0.73056690   2.46218984
Z000912      1.460969   0.2632   0.88977457   0.000000   0.65006814   0.23970643   0.000000   0.73059870   2.46257231
Z000913      3.147833   0.2635   0.89007192   0.000000   0.65034625   0.23972567   0.000000   0.73066708   2.46339528
Z000914      3.282032   0.2638   0.89038136   0.000000   0.65063568   0.23974568   0.000000   0.73073820   2.46425169
Z000915      1.348406   0.2641   0.89050832   0.000000   0.65075443   0.23975389   0.000000   0.73076738   2.46460306
Z000916      2.001461   0.2644   0.89069657   0.000000   0.65093052   0.23976606   0.000000   0.73081062   2.46512409
Z000917      0.964544   0.2647   0.89078722   0.000000   0.65101531   0.23977191   0.000000   0.73083144   2.46537497
Z000918      3.324950   0.2650   0.89109930   0.000000   0.65130723   0.23979207   0.000000   0.73090309   2.46623868
Z000919      3.477789   0.2652   0.89142507   0.000000   0.65161197   0.23981310   0.000000   0.73097784   2.46714029
Z000920      1.005248   0.2655   0.89151910   0.000000   0.65169994   0.23981917   0.000000   0.73099941   2.46740056
Z000921      1.097699   0.2658   0.89162173   0.000000   0.65179594   0.23982579   0.000000   0.73102295   2.46768458
Z000922      1.368163   0.2661   0.89174955   0.000000   0.65191552   0.23983403   0.000000   0.73105226   2.46803833
Z000923      3.620900   0.2664   0.89208732   0.000000   0.65223152   0.23985581   0.000000   0.73112968   2.46897318
Z000924      0.599804   0.2667   0.89214321   0.000000   0.65228380   0.23985941   0.000000   0.73114248   2.46912785
Z000925      1.268726   0.2670   0.89226135   0.000000   0.65239433   0.23986702   0.000000   0.73116955   2.46945482
Z000926      1.356761   0.2673   0.89238760   0.000000   0.65251244   0.23987515   0.000000   0.73119847   2.46980422
Z000927      1.017794   0.2676   0.89248223   0.000000   0.65260099   0.23988125   0.000000   0.73122014   2.47006615
Z000928      0.899944   0.2678   0.89256587   0.000000   0.65267923   0.23988663   0.000000   0.73123929   2.47029761
Z000929      1.661804   0.2681   0.89272018   0.000000   0.65282362   0.23989657   0.000000   0.73127462   2.47072471
Z000930      1.108138   0.2684   0.89282301   0.000000   0.65291982   0.23990319   0.000000   0.73129816   2.47100928
Z000931      0.944701   0.2687   0.89291061   0.000000   0.65300179   0.23990882   0.000000   0.73131821   2.47125173
Z000932      1.204501   0.2690   0.89302223   0.000000   0.65310623   0.23991601   0.000000   0.73134375   2.47156067
Z000933      0.979667   0.2693   0.89311297   0.000000   0.65319112   0.23992184   0.000000   0.73136451   2.47181178
Z000934      5.779806   0.2696   0.89364721   0.000000   0.65369102   0.23995619   0.000000   0.73148667   2.47329038
Z000935      0.904669   0.2699   0.89373067   0.000000   0.65376912   0.23996155   0.000000   0.73150574   2.47352136
Z000936      0.967073   0.2702   0.89381984   0.000000   0.65385255   0.23996728   0.000000   0.73152612   2.47376815
Z000937      1.560806   0.2704   0.89396364   0.000000   0.65398712   0.23997652   0.000000   0.73155897   2.47416615
Z000938      1.857366   0.2707   0.89413461   0.000000   0.65414711   0.23998750   0.000000   0.73159802   2.47463931
Z000939      0.990321   0.2710   0.89422569   0.000000   0.65423234   0.23999334   0.000000   0.73161882   2.47489139
Z000940      1.415976   0.2713   0.89435582   0.000000   0.65435412   0.24000170   0.000000   0.73164853   2.47525156
Z000941      1.410655   0.2716   0.89448536   0.000000   0.65447535   0.24001001   0.000000   0.73167810   2.47561008
Z000942      1.334641   0.2719   0.89460783   0.000000   0.65458996   0.24001787   0.000000   0.73170605   2.47594902
Z000943      1.130197   0.2722   0.89471146   0.000000   0.65468694   0.24002451   0.000000   0.73172970   2.47623583
Z000944      1.588222   0.2725   0.89485697   0.000000   0.65482313   0.24003384   0.000000   0.73176289   2.47663856
Z000945      0.889353   0.2728   0.89493840   0.000000   0.65489933   0.24003906   0.000000   0.73178147   2.47686392
Z000946      1.385878   0.2730   0.89506520   0.000000   0.65501801   0.24004719   0.000000   0.73181038   2.47721486
Z000947      1.610052   0.2733   0.89521239   0.000000   0.65515576   0.24005662   0.000000   0.73184394   2.47762222
Z000948      0.688513   0.2736   0.89527529   0.000000   0.65521463   0.24006065   0.000000   0.73185828   2.47779630
Z000949      0.958756   0.2739   0.89536283   0.000000   0.65529657   0.24006626   0.000000   0.73187824   2.47803860
Z000950      1.295075   0.2742   0.89548102   0.000000   0.65540718   0.24007383   0.000000   0.73190517   2.47836569
Z000951      1.375987   0.2745   0.89560649   0.000000   0.65552462   0.24008187   0.000000   0.73193376   2.47871294
Z000952      4.725320   0.2748   0.89603661   0.000000   0.65592722   0.24010940   0.000000   0.73203171   2.47990337
Z000953      0.794976   0.2751   0.89610886   0.000000   0.65599484   0.24011402   0.000000   0.73204816   2.48010333
Z000954      0.893716   0.2754   0.89619004   0.000000   0.65607083   0.24011921   0.000000   0.73206664   2.48032802
Z000955      1.149844   0.2756   0.89629443   0.000000   0.65616855   0.24012589   0.000000   0.73209040   2.48061693
Z000956      3.385163   0.2759   0.89660136   0.000000   0.65645585   0.24014551   0.000000   0.73216023   2.48146639
Z000957      0.937559   0.2762   0.89668626   0.000000   0.65653533   0.24015093   0.000000   0.73217954   2.48170137
Z000958      1.256009   0.2765   0.89679993   0.000000   0.65664174   0.24015819   0.000000   0.73220538   2.48201597
Z000959      0.975081   0.2768   0.89688812   0.000000   0.65672429   0.24016383   0.000000   0.73222543   2.48226004
Z000960      3.503955   0.2771   0.89720463   0.000000   0.65702059   0.24018404   0.000000   0.73229737   2.48313601
Z000961      0.872355   0.2774   0.89728333   0.000000   0.65709427   0.24018906   0.000000   0.73231525   2.48335383
Z000962      0.809017   0.2777   0.89735628   0.000000   0.65716256   0.24019372   0.000000   0.73233182   2.48355573
Z000963      1.275750   0.2780   0.89747125   0.000000   0.65727019   0.24020105   0.000000   0.73235794   2.48387393
Z000964      1.619728   0.2782   0.89761710   0.000000   0.65740674   0.24021036   0.000000   0.73239106   2.48427759
Z000965      2.916974   0.2785   0.89787942   0.000000   0.65765234   0.24022709   0.000000   0.73245061   2.48500361
Z000966      1.115055   0.2788   0.89797959   0.000000   0.65774611   0.24023347   0.000000   0.73247335   2.48528082
Z000967      1.566915   0.2791   0.89812023   0.000000   0.65787780   0.24024244   0.000000   0.73250526   2.48567008
Z000968      3.360945   0.2794   0.89842149   0.000000   0.65815986   0.24026163   0.000000   0.73257359   2.48650386
Z000969      0.785875   0.2797   0.89849186   0.000000   0.65822574   0.24026611   0.000000   0.73258955   2.48669859
Z000970      1.510536   0.2800   0.89862701   0.000000   0.65835229   0.24027472   0.000000   0.73262019   2.48707265
Z000971      1.112958   0.2803   0.89872651   0.000000   0.65844546   0.24028105   0.000000   0.73264275   2.48734804
Z000972      0.690409   0.2806   0.89878821   0.000000   0.65850323   0.24028498   0.000000   0.73265673   2.48751880
Z000973      1.083430   0.2808   0.89888498   0.000000   0.65859384   0.24029114   0.000000   0.73267866   2.48778662
Z000974      0.645762   0.2811   0.89894263   0.000000   0.65864782   0.24029481   0.000000   0.73269172   2.48794617
Z000975      1.523117   0.2814   0.89907852   0.000000   0.65877507   0.24030345   0.000000   0.73272251   2.48832228
Z000976      3.607177   0.2817   0.89939989   0.000000   0.65907600   0.24032389   0.000000   0.73279529   2.48921171
Z000977      1.027056   0.2820   0.89949128   0.000000   0.65916158   0.24032970   0.000000   0.73281597   2.48946463
Z000978      1.207382   0.2823   0.89959864   0.000000   0.65926212   0.24033652   0.000000   0.73284028   2.48976177
Z000979      0.804847   0.2826   0.89967017   0.000000   0.65932910   0.24034107   0.000000   0.73285646   2.48995973
Z000980      1.361693   0.2829   0.89979111   0.000000   0.65944235   0.24034875   0.000000   0.73288383   2.49029445
Z000981      5.530965   0.2832   0.90028141   0.000000   0.65990152   0.24037989   0.000000   0.73299472   2.49165143
Z000982      1.084580   0.2834   0.90037738   0.000000   0.65999140   0.24038598   0.000000   0.73301642   2.49191704
Z000983      0.793077   0.2837   0.90044752   0.000000   0.66005709   0.24039043   0.000000   0.73303227   2.49211115
Z000984      1.284913   0.2840   0.90056109   0.000000   0.66016345   0.24039764   0.000000   0.73305794   2.49242547
Z000985      0.991647   0.2843   0.90064868   0.000000   0.66024549   0.24040319   0.000000   0.73307773   2.49266790
Z000986      1.495560   0.2846   0.90078069   0.000000   0.66036913   0.24041156   0.000000   0.73310755   2.49303326
Z000987      1.107317   0.2849   0.90087837   0.000000   0.66046061   0.24041776   0.000000   0.73312961   2.49330358
Z000988      1.385506   0.2852   0.90100049   0.000000   0.66057499   0.24042550   0.000000   0.73315719   2.49364158
Z000989      2.424765   0.2855   0.90121400   0.000000   0.66077497   0.24043903   0.000000   0.73320540   2.49423249
Z000990      1.394461   0.2858   0.90133665   0.000000   0.66088985   0.24044680   0.000000   0.73323308   2.49457196
Z000991      0.764826   0.2860   0.90140389   0.000000   0.66095283   0.24045106   0.000000   0.73324825   2.49475804
Z000992      1.546358   0.2863   0.90153974   0.000000   0.66108007   0.24045966   0.000000   0.73327891   2.49513402
Z000993      1.604063   0.2866   0.90168053   0.000000   0.66121195   0.24046858   0.000000   0.73331067   2.49552369
Z000994      0.948942   0.2869   0.90176377   0.000000   0.66128992   0.24047385   0.000000   0.73332944   2.49575405
Z000995      1.365529   0.2872   0.90188346   0.000000   0.66140204   0.24048142   0.000000   0.73335643   2.49608533
Z000996      1.371997   0.2875   0.90200364   0.000000   0.66151461   0.24048903   0.000000   0.73338353   2.49641793
Z000997      1.549726   0.2878   0.90213927   0.000000   0.66164166   0.24049761   0.000000   0.73341410   2.49679332
Z000998      0.927548   0.2881   0.90222040   0.000000   0.66171766   0.24050274   0.000000   0.73343238   2.49701784
Z000999      1.117826   0.2884   0.90231811   0.000000   0.66180919   0.24050892   0.000000   0.73345440   2.49728827
Z001000      1.121963   0.2886   0.90241612   0.000000   0.66190100   0.24051512   0.000000   0.73347649   2.49755953
Z001001      1.338594   0.2889   0.90253298   0.000000   0.66201048   0.24052250   0.000000   0.73350281   2.49788295
Z001002      1.447411   0.2892   0.90265924   0.000000   0.66212876   0.24053048   0.000000   0.73353125   2.49823240
Z001003      4.618853   0.2895   0.90306149   0.000000   0.66250559   0.24055589   0.000000   0.73362180   2.49934567
Z001004      2.103850   0.2898   0.90324437   0.000000   0.66267693   0.24056744   0.000000   0.73366295   2.49985182
Z001005      2.785180   0.2901   0.90348616   0.000000   0.66290346   0.24058270   0.000000   0.73371734   2.50052100
Z001006      1.162195   0.2904   0.90358694   0.000000   0.66299788   0.24058906   0.000000   0.73374000   2.50079993
Z001007      0.943918   0.2907   0.90366875   0.000000   0.66307453   0.24059422   0.000000   0.73375840   2.50102635
Z001008      1.259271   0.2910   0.90377782   0.000000   0.66317673   0.24060110   0.000000   0.73378292   2.50132823
Z001009      0.553345   0.2912   0.90382573   0.000000   0.66322161   0.24060412   0.000000   0.73379368   2.50146081
Z001010      1.555275   0.2915   0.90396030   0.000000   0.66334770   0.24061260   0.000000   0.73382393   2.50183325
Z001011      1.283019   0.2918   0.90407123   0.000000   0.66345163   0.24061959   0.000000   0.73384885   2.50214026
Z001012      1.397373   0.2921   0.90419195   0.000000   0.66356475   0.24062720   0.000000   0.73387597   2.50247438
Z001013      0.895102   0.2924   0.90426924   0.000000   0.66363716   0.24063207   0.000000   0.73389333   2.50268828
Z001014      0.987986   0.2927   0.90435450   0.000000   0.66371705   0.24063744   0.000000   0.73391248   2.50292425
Z001015      3.571937   0.2930   0.90466236   0.000000   0.66400553   0.24065683   0.000000   0.73398160   2.50377632
Z001016      2.270203   0.2933   0.90485773   0.000000   0.66418860   0.24066913   0.000000   0.73402545   2.50431700
Z001017      0.799178   0.2936   0.90492644   0.000000   0.66425299   0.24067345   0.000000   0.73404086   2.50450718
Z001018      0.941843   0.2938   0.90500739   0.000000   0.66432884   0.24067855   0.000000   0.73405902   2.50473121
Z001019      1.177138   0.2941   0.90510849   0.000000   0.66442359   0.24068491   0.000000   0.73408170   2.50501104
Z001020      1.336289   0.2944   0.90522320   0.000000   0.66453107   0.24069212   0.000000   0.73410743   2.50532849
Z001021      2.642443   0.2947   0.90544977   0.000000   0.66474340   0.24070637   0.000000   0.73415823   2.50595556
Z001022      1.997197   0.2950   0.90562080   0.000000   0.66490368   0.24071712   0.000000   0.73419656   2.50642892
Z001023      1.046117   0.2953   0.90571031   0.000000   0.66498757   0.24072275   0.000000   0.73421662   2.50667666
Z001024      2.884077   0.2956   0.90595683   0.000000   0.66521860   0.24073823   0.000000   0.73427185   2.50735893
Z001025      0.928516   0.2959   0.90603612   0.000000   0.66529290   0.24074321   0.000000   0.73428961   2.50757836
Z001026      1.013452   0.2962   0.90612261   0.000000   0.66537396   0.24074864   0.000000   0.73430898   2.50781774
Z001027      1.469113   0.2964   0.90624791   0.000000   0.66549139   0.24075651   0.000000   0.73433703   2.50816452
Z001028      1.248644   0.2967   0.90635432   0.000000   0.66559113   0.24076319   0.000000   0.73436085   2.50845904
Z001029      0.621555   0.2970   0.90640727   0.000000   0.66564075   0.24076651   0.000000   0.73437270   2.50860557
Z001030      1.714726   0.2973   0.90655324   0.000000   0.66577757   0.24077567   0.000000   0.73440537   2.50900958
Z001031      0.994571   0.2976   0.90663785   0.000000   0.66585687   0.24078098   0.000000   0.73442430   2.50924373
Z001032      5.679021   0.2979   0.90712009   0.000000   0.66630887   0.24081122   0.000000   0.73453215   2.51057840
Z001033      0.927187   0.2982   0.90719868   0.000000   0.66638254   0.24081614   0.000000   0.73454972   2.51079593
Z001034      1.131052   0.2985   0.90729451   0.000000   0.66647236   0.24082215   0.000000   0.73457114   2.51106113
Z001035      3.168672   0.2988   0.90756265   0.000000   0.66672371   0.24083894   0.000000   0.73463106   2.51180326
Z001036      1.086749   0.2990   0.90765451   0.000000   0.66680982   0.24084470   0.000000   0.73465158   2.51205750
Z001037      0.597054   0.2993   0.90770496   0.000000   0.66685710   0.24084785   0.000000   0.73466284   2.51219711
Z001038      1.192297   0.2996   0.90780565   0.000000   0.66695149   0.24085416   0.000000   0.73468533   2.51247578
Z001039      3.740108   0.2999   0.90812109   0.000000   0.66724719   0.24087390   0.000000   0.73475575   2.51334881
Z001040      1.409946   0.3002   0.90823984   0.000000   0.66735852   0.24088132   0.000000   0.73478225   2.51367747
Z001041      1.330382   0.3005   0.90835181   0.000000   0.66746348   0.24088833   0.000000   0.73480724   2.51398736
Z001042      1.189191   0.3008   0.90845183   0.000000   0.66755725   0.24089458   0.000000   0.73482955   2.51426418
Z001043      1.690836   0.3011   0.90859393   0.000000   0.66769047   0.24090346   0.000000   0.73486125   2.51465747
Z001044      1.138618   0.3014   0.90868956   0.000000   0.66778012   0.24090944   0.000000   0.73488257   2.51492212
Z001045      0.888339   0.3016   0.90876412   0.000000   0.66785002   0.24091410   0.000000   0.73489920   2.51512849
Z001046      0.928199   0.3019   0.90884199   0.000000   0.66792303   0.24091896   0.000000   0.73491656   2.51534401
Z001047      1.315680   0.3022   0.90895231   0.000000   0.66802645   0.24092586   0.000000   0.73494115   2.51564932
Z001048      1.176772   0.3025   0.90905091   0.000000   0.66811890   0.24093201   0.000000   0.73496312   2.51592222
Z001049      0.565739   0.3028   0.90909829   0.000000   0.66816332   0.24093497   0.000000   0.73497368   2.51605336
Z001050      1.319421   0.3031   0.90920874   0.000000   0.66826688   0.24094187   0.000000   0.73499829   2.51635904
Z001051      0.913753   0.3034   0.90928519   0.000000   0.66833855   0.24094664   0.000000   0.73501532   2.51657062
Z001052      1.284266   0.3037   0.90939257   0.000000   0.66843923   0.24095334   0.000000   0.73503924   2.51686782
Z001053      3.243455   0.3040   0.90966345   0.000000   0.66869321   0.24097025   0.000000   0.73509956   2.51761750
Z001054      1.100283   0.3042   0.90975524   0.000000   0.66877927   0.24097597   0.000000   0.73512000   2.51787153
Z001055      1.032867   0.3045   0.90984135   0.000000   0.66886001   0.24098134   0.000000   0.73513916   2.51810986
Z001056      1.267730   0.3048   0.90994698   0.000000   0.66895905   0.24098793   0.000000   0.73516267   2.51840221
Z001057      0.971031   0.3051   0.91002784   0.000000   0.66903487   0.24099297   0.000000   0.73518066   2.51862601
Z001058      1.477799   0.3054   0.91015083   0.000000   0.66915019   0.24100063   0.000000   0.73520803   2.51896638
Z001059      1.169810   0.3057   0.91024811   0.000000   0.66924141   0.24100670   0.000000   0.73522967   2.51923563
Z001060      0.702329   0.3060   0.91030649   0.000000   0.66929616   0.24101033   0.000000   0.73524265   2.51939720
Z001061      1.551743   0.3063   0.91043540   0.000000   0.66941703   0.24101837   0.000000   0.73527132   2.51975398
Z001062      0.738332   0.3066   0.91049670   0.000000   0.66947451   0.24102218   0.000000   0.73528494   2.51992363
Z001063      1.441795   0.3068   0.91061633   0.000000   0.66958670   0.24102963   0.000000   0.73531154   2.52025474
Z001064      1.150958   0.3071   0.91071177   0.000000   0.66967620   0.24103558   0.000000   0.73533275   2.52051888
Z001065      2.164168   0.3074   0.91089107   0.000000   0.66984433   0.24104674   0.000000   0.73537260   2.52101511
Z001066      1.179212   0.3077   0.91098868   0.000000   0.66993587   0.24105281   0.000000   0.73539428   2.52128527
Z001067      0.774993   0.3080   0.91105280   0.000000   0.66999600   0.24105680   0.000000   0.73540853   2.52146272
Z001068      1.176157   0.3083   0.91115006   0.000000   0.67008721   0.24106285   0.000000   0.73543013   2.52173191
Z001069      3.185531   0.3086   0.91141319   0.000000   0.67033397   0.24107922   0.000000   0.73548856   2.52246014
Z001070      1.070042   0.3089   0.91150147   0.000000   0.67041677   0.24108471   0.000000   0.73550815   2.52270448
Z001071      0.770827   0.3092   0.91156504   0.000000   0.67047638   0.24108866   0.000000   0.73552226   2.52288042
Z001072      1.501682   0.3094   0.91168881   0.000000   0.67059246   0.24109635   0.000000   0.73554973   2.52322297
Z001073      1.115685   0.3097   0.91178071   0.000000   0.67067864   0.24110206   0.000000   0.73557012   2.52347730
Z001074      1.540682   0.3100   0.91190752   0.000000   0.67079758   0.24110994   0.000000   0.73559825   2.52382826
Z001075      1.508412   0.3103   0.91203157   0.000000   0.67091393   0.24111765   0.000000   0.73562577   2.52417161
Z001076      0.948245   0.3106   0.91210951   0.000000   0.67098702   0.24112249   0.000000   0.73564305   2.52438731
Z001077      1.095540   0.3109   0.91219951   0.000000   0.67107143   0.24112808   0.000000   0.73566301   2.52463639
Z001078      1.081396   0.3112   0.91228829   0.000000   0.67115470   0.24113359   0.000000   0.73568269   2.52488211
Z001079      1.927298   0.3115   0.91244640   0.000000   0.67130300   0.24114340   0.000000   0.73571774   2.52531971
Z001080      0.845536   0.3118   0.91251572   0.000000   0.67136802   0.24114770   0.000000   0.73573310   2.52551155
Z001081      3.330934   0.3120   0.91278849   0.000000   0.67162387   0.24116463   0.000000   0.73579353   2.52626649
Z001082      2.763251   0.3123   0.91301443   0.000000   0.67183579   0.24117864   0.000000   0.73584357   2.52689179
Z001083      1.112982   0.3126   0.91310534   0.000000   0.67192107   0.24118427   0.000000   0.73586369   2.52714340
Z001084      5.388558   0.3129   0.91354475   0.000000   0.67233325   0.24121150   0.000000   0.73596094   2.52835954
Z001085      0.897221   0.3132   0.91361780   0.000000   0.67240178   0.24121602   0.000000   0.73597710   2.52856170
Z001086      1.532355   0.3135   0.91374248   0.000000   0.67251874   0.24122374   0.000000   0.73600468   2.52890677
Z001087      1.466239   0.3138   0.91386169   0.000000   0.67263056   0.24123112   0.000000   0.73603104   2.52923669
Z001088      0.537480   0.3141   0.91390536   0.000000   0.67267154   0.24123382   0.000000   0.73604069   2.52935757
Z001089      1.566962   0.3144   0.91403262   0.000000   0.67279092   0.24124170   0.000000   0.73606883   2.52970979
Z001090      0.940433   0.3146   0.91410895   0.000000   0.67286253   0.24124642   0.000000   0.73608570   2.52992104
Z001091      0.874294   0.3149   0.91417988   0.000000   0.67292907   0.24125081   0.000000   0.73610138   2.53011735
Z001092      1.387613   0.3152   0.91429239   0.000000   0.67303462   0.24125777   0.000000   0.73612624   2.53042873
Z001093      0.736206   0.3155   0.91435205   0.000000   0.67309059   0.24126146   0.000000   0.73613942   2.53059385
Z001094      1.020439   0.3158   0.91443471   0.000000   0.67316814   0.24126657   0.000000   0.73615768   2.53082261
Z001095      0.739829   0.3161   0.91449461   0.000000   0.67322433   0.24127028   0.000000   0.73617091   2.53098839
Z001096      2.353943   0.3164   0.91468504   0.000000   0.67340299   0.24128205   0.000000   0.73621297   2.53151544
Z001097      0.576016   0.3167   0.91473161   0.000000   0.67344668   0.24128493   0.000000   0.73622325   2.53164432
Z001098      1.257392   0.3170   0.91483321   0.000000   0.67354200   0.24129120   0.000000   0.73624569   2.53192551
Z001099      0.550538   0.3172   0.91487767   0.000000   0.67358372   0.24129395   0.000000   0.73625550   2.53204857
Z001100      1.114765   0.3175   0.91496767   0.000000   0.67366816   0.24129951   0.000000   0.73627537   2.53229765
Z001101      1.212351   0.3178   0.91506549   0.000000   0.67375993   0.24130555   0.000000   0.73629696   2.53256837
Z001102      1.164539   0.3181   0.91515939   0.000000   0.67384804   0.24131135   0.000000   0.73631768   2.53282826
Z001103      0.733408   0.3184   0.91521850   0.000000   0.67390350   0.24131500   0.000000   0.73633072   2.53299186
Z001104      3.720838   0.3187   0.91551805   0.000000   0.67418455   0.24133349   0.000000   0.73639679   2.53382090
Z001105      1.570324   0.3190   0.91564430   0.000000   0.67430301   0.24134128   0.000000   0.73642463   2.53417032
Z001106      2.291507   0.3193   0.91582835   0.000000   0.67447571   0.24135264   0.000000   0.73646520   2.53467971
Z001107      1.260525   0.3196   0.91592951   0.000000   0.67457063   0.24135888   0.000000   0.73648750   2.53495967
Z001108      1.492736   0.3198   0.91604921   0.000000   0.67468296   0.24136626   0.000000   0.73651388   2.53529097
Z001109      1.340568   0.3201   0.91615664   0.000000   0.67478376   0.24137288   0.000000   0.73653754   2.53558829
Z001110      5.244599   0.3204   0.91657622   0.000000   0.67517749   0.24139873   0.000000   0.73662994   2.53674953
Z001111      3.167033   0.3207   0.91682905   0.000000   0.67541475   0.24141430   0.000000   0.73668559   2.53744929
Z001112      3.110267   0.3210   0.91707697   0.000000   0.67564741   0.24142956   0.000000   0.73674013   2.53813542
Z001113      1.266757   0.3213   0.91717783   0.000000   0.67574206   0.24143577   0.000000   0.73676232   2.53841457
Z001114      3.350644   0.3216   0.91744430   0.000000   0.67599215   0.24145216   0.000000   0.73682091   2.53915207
Z001115      1.243261   0.3219   0.91754306   0.000000   0.67608483   0.24145823   0.000000   0.73684262   2.53942540
Z001116      0.938179   0.3222   0.91761755   0.000000   0.67615474   0.24146281   0.000000   0.73685899   2.53963155
Z001117      0.823087   0.3225   0.91768287   0.000000   0.67621605   0.24146682   0.000000   0.73687335   2.53981234
Z001118      1.224245   0.3227   0.91777997   0.000000   0.67630718   0.24147279   0.000000   0.73689468   2.54008109
Z001119      1.293060   0.3230   0.91788247   0.000000   0.67640339   0.24147909   0.000000   0.73691720   2.54036477
Z001120      0.758394   0.3233   0.91794256   0.000000   0.67645978   0.24148278   0.000000   0.73693040   2.54053107
Z001121      0.976691   0.3236   0.91801991   0.000000   0.67653238   0.24148753   0.000000   0.73694739   2.54074515
Z001122      0.867380   0.3239   0.91808857   0.000000   0.67659682   0.24149175   0.000000   0.73696247   2.54093517
Z001123      1.518230   0.3242   0.91820868   0.000000   0.67670955   0.24149913   0.000000   0.73698884   2.54126759
Z001124      1.333162   0.3245   0.91831407   0.000000   0.67680848   0.24150560   0.000000   0.73701198   2.54155928
Z001125      1.314631   0.3248   0.91841793   0.000000   0.67690596   0.24151197   0.000000   0.73703478   2.54184673
Z001126      0.842909   0.3251   0.91848449   0.000000   0.67696843   0.24151606   0.000000   0.73704939   2.54203094
Z001127      3.234962   0.3253   0.91873967   0.000000   0.67720795   0.24153172   0.000000   0.73710538   2.54273718
Z001128      0.619767   0.3256   0.91878851   0.000000   0.67725380   0.24153471   0.000000   0.73711609   2.54287235
Z001129      1.311676   0.3259   0.91889183   0.000000   0.67735078   0.24154105   0.000000   0.73713875   2.54315830
Z001130      1.349575   0.3262   0.91899806   0.000000   0.67745050   0.24154757   0.000000   0.73716205   2.54345232
Z001131      1.027294   0.3265   0.91907888   0.000000   0.67752636   0.24155252   0.000000   0.73717977   2.54367599
Z001132      0.915350   0.3268   0.91915086   0.000000   0.67759393   0.24155693   0.000000   0.73719555   2.54387520
Z001133      1.390644   0.3271   0.91926015   0.000000   0.67769651   0.24156363   0.000000   0.73721951   2.54417767
Z001134      0.859353   0.3274   0.91932764   0.000000   0.67775987   0.24156777   0.000000   0.73723430   2.54436448
Z001135      0.835058   0.3277   0.91939321   0.000000   0.67782142   0.24157179   0.000000   0.73724867   2.54454593
Z001136      1.009142   0.3279   0.91947240   0.000000   0.67789576   0.24157664   0.000000   0.73726602   2.54476510
Z001137      0.803020   0.3282   0.91953539   0.000000   0.67795489   0.24158050   0.000000   0.73727983   2.54493944
Z001138      2.365071   0.3285   0.91972076   0.000000   0.67812891   0.24159185   0.000000   0.73732043   2.54545248
Z001139      4.776976   0.3288   0.92009452   0.000000   0.67847979   0.24161473   0.000000   0.73740227   2.54648691
Z001140      0.689585   0.3291   0.92014840   0.000000   0.67853037   0.24161803   0.000000   0.73741406   2.54663604
Z001141      3.622009   0.3294   0.92043112   0.000000   0.67879579   0.24163532   0.000000   0.73747593   2.54741849
Z001142      1.505467   0.3297   0.92054848   0.000000   0.67890598   0.24164250   0.000000   0.73750160   2.54774330
Z001143      0.872530   0.3300   0.92061646   0.000000   0.67896980   0.24164666   0.000000   0.73751647   2.54793144
Z001144      0.904477   0.3303   0.92068689   0.000000   0.67903593   0.24165096   0.000000   0.73753188   2.54812639
Z001145      0.915728   0.3305   0.92075818   0.000000   0.67910286   0.24165532   0.000000   0.73754746   2.54832367
Z001146      0.765440   0.3308   0.92081774   0.000000   0.67915878   0.24165896   0.000000   0.73756049   2.54848851
Z001147      1.295576   0.3311   0.92091850   0.000000   0.67925338   0.24166512   0.000000   0.73758251   2.54876737
Z001148      1.355758   0.3314   0.92102387   0.000000   0.67935231   0.24167156   0.000000   0.73760555   2.54905900
Z001149      1.393432   0.3317   0.92113209   0.000000   0.67945393   0.24167817   0.000000   0.73762920   2.54935853
Z001150      1.058530   0.3320   0.92121426   0.000000   0.67953107   0.24168318   0.000000   0.73764715   2.54958594
Z001151      3.153862   0.3323   0.92145882   0.000000   0.67976070   0.24169812   0.000000   0.73770058   2.55026278
Z001152      2.560950   0.3326   0.92165712   0.000000   0.67994690   0.24171022   0.000000   0.73774388   2.55081163
Z001153      1.829784   0.3329   0.92179866   0.000000   0.68007981   0.24171886   0.000000   0.73777478   2.55120335
Z001154      0.997371   0.3331   0.92187576   0.000000   0.68015220   0.24172356   0.000000   0.73779161   2.55141672
Z001155      1.420225   0.3334   0.92198547   0.000000   0.68025522   0.24173025   0.000000   0.73781556   2.55172038
Z001156      3.436620   0.3337   0.92225065   0.000000   0.68050424   0.24174642   0.000000   0.73787341   2.55245430
Z001157      1.527805   0.3340   0.92236840   0.000000   0.68061481   0.24175359   0.000000   0.73789909   2.55278019
Z001158      1.152557   0.3343   0.92245717   0.000000   0.68069817   0.24175900   0.000000   0.73791845   2.55302587
Z001159      1.360409   0.3346   0.92256189   0.000000   0.68079650   0.24176538   0.000000   0.73794128   2.55331568
Z001160      2.159079   0.3349   0.92272794   0.000000   0.68095244   0.24177550   0.000000   0.73797748   2.55377525
Z001161      4.523348   0.3352   0.92307526   0.000000   0.68127861   0.24179664   0.000000   0.73805316   2.55473651
Z001162      2.089505   0.3355   0.92323544   0.000000   0.68142905   0.24180639   0.000000   0.73808805   2.55517984
Z001163      1.037915   0.3357   0.92331495   0.000000   0.68150372   0.24181123   0.000000   0.73810537   2.55539989
Z001164      7.234329   0.3360   0.92386803   0.000000   0.68202317   0.24184486   0.000000   0.73822575   2.55693060
Z001165      1.190505   0.3363   0.92395886   0.000000   0.68210848   0.24185038   0.000000   0.73824551   2.55718199
Z001166      0.893022   0.3366   0.92402696   0.000000   0.68217244   0.24185452   0.000000   0.73826033   2.55737047
Z001167      1.238940   0.3369   0.92412139   0.000000   0.68226114   0.24186025   0.000000   0.73828086   2.55763183
Z001168      1.323926   0.3372   0.92422224   0.000000   0.68235586   0.24186638   0.000000   0.73830279   2.55791094
Z001169      1.185374   0.3375   0.92431248   0.000000   0.68244062   0.24187186   0.000000   0.73832241   2.55816069
Z001170      1.251637   0.3378   0.92440771   0.000000   0.68253007   0.24187764   0.000000   0.73834312   2.55842425
Z001171      1.862699   0.3381   0.92454932   0.000000   0.68266309   0.24188624   0.000000   0.73837390   2.55881619
Z001172      0.802339   0.3383   0.92461028   0.000000   0.68272035   0.24188994   0.000000   0.73838714   2.55898490
Z001173      1.208273   0.3386   0.92470204   0.000000   0.68280654   0.24189551   0.000000   0.73840708   2.55923886
Z001174      1.025076   0.3389   0.92477985   0.000000   0.68287962   0.24190023   0.000000   0.73842398   2.55945419
Z001175      0.580316   0.3392   0.92482388   0.000000   0.68292098   0.24190290   0.000000   0.73843355   2.55957605
Z001176      1.359729   0.3395   0.92492700   0.000000   0.68301784   0.24190915   0.000000   0.73845595   2.55986145
Z001177      1.282094   0.3398   0.92502417   0.000000   0.68310912   0.24191505   0.000000   0.73847705   2.56013038
Z001178      0.541744   0.3401   0.92506521   0.000000   0.68314767   0.24191754   0.000000   0.73848596   2.56024396
Z001179      1.399611   0.3404   0.92517119   0.000000   0.68324723   0.24192396   0.000000   0.73850897   2.56053728
Z001180      0.855355   0.3407   0.92523592   0.000000   0.68330803   0.24192789   0.000000   0.73852303   2.56071644
Z001181      5.547930   0.3409   0.92565516   0.000000   0.68370187   0.24195329   0.000000   0.73861401   2.56187674
Z001182      1.024758   0.3412   0.92573248   0.000000   0.68377450   0.24195798   0.000000   0.73863078   2.56209072
Z001183      0.859229   0.3415   0.92579727   0.000000   0.68383537   0.24196190   0.000000   0.73864483   2.56227006
Z001184      2.084716   0.3418   0.92595438   0.000000   0.68398297   0.24197142   0.000000   0.73867890   2.56270488
Z001185      2.599515   0.3421   0.92615007   0.000000   0.68416681   0.24198326   0.000000   0.73872133   2.56324647
Z001186      1.393453   0.3424   0.92625487   0.000000   0.68426527   0.24198960   0.000000   0.73874404   2.56353652
Z001187      0.822343   0.3427   0.92631668   0.000000   0.68432334   0.24199334   0.000000   0.73875744   2.56370760
Z001188      0.896247   0.3430   0.92638403   0.000000   0.68438661   0.24199742   0.000000   0.73877203   2.56389398
Z001189      0.837782   0.3433   0.92644695   0.000000   0.68444573   0.24200122   0.000000   0.73878567   2.56406813
Z001190      1.235134   0.3435   0.92653967   0.000000   0.68453284   0.24200683   0.000000   0.73880575   2.56432475
Z001191      3.678806   0.3438   0.92681552   0.000000   0.68479201   0.24202351   0.000000   0.73886550   2.56508820
Z001192      1.142031   0.3441   0.92690106   0.000000   0.68487238   0.24202868   0.000000   0.73888402   2.56532493
Z001193      1.463311   0.3444   0.92701059   0.000000   0.68497529   0.24203530   0.000000   0.73890773   2.56562808
Z001194      3.579391   0.3447   0.92727820   0.000000   0.68522673   0.24205147   0.000000   0.73896564   2.56636873
Z001195      1.525519   0.3450   0.92739212   0.000000   0.68533377   0.24205835   0.000000   0.73899029   2.56668401
Z001196      0.717895   0.3453   0.92744570   0.000000   0.68538412   0.24206158   0.000000   0.73900188   2.56683230
Z001197      1.356418   0.3456   0.92754689   0.000000   0.68547919   0.24206769   0.000000   0.73902377   2.56711235
Z001198      0.795839   0.3459   0.92760622   0.000000   0.68553495   0.24207127   0.000000   0.73903660   2.56727658
Z001199      1.136125   0.3461   0.92769090   0.000000   0.68561451   0.24207638   0.000000   0.73905491   2.56751092
Z001200      3.293862   0.3464   0.92793613   0.000000   0.68584495   0.24209118   0.000000   0.73910793   2.56818962
Z001201      1.568603   0.3467   0.92805278   0.000000   0.68595456   0.24209822   0.000000   0.73913314   2.56851247
Z001202    -490.532374   0.3470   0.88663726   0.000000   0.64713450   0.23950276   0.000000   0.72987514   2.45388938
Z001203      1.315704   0.3473   0.88676408   0.000000   0.64725307   0.23951102   0.000000   0.72990447   2.45424039
Z001204      0.938373   0.3476   0.88685448   0.000000   0.64733758   0.23951690   0.000000   0.72992536   2.45449056
Z001205      1.534831   0.3479   0.88700222   0.000000   0.64747570   0.23952652   0.000000   0.72995951   2.45489945
Z001206      0.520756   0.3482   0.88705231   0.000000   0.64752254   0.23952977   0.000000   0.72997108   2.45503809
Z001207      1.096123   0.3485   0.88715770   0.000000   0.64762107   0.23953663   0.000000   0.72999543   2.45532978
Z001208      1.291461   0.3487   0.88728179   0.000000   0.64773709   0.23954470   0.000000   0.73002410   2.45567320
Z001209      0.452865   0.3490   0.88732528   0.000000   0.64777775   0.23954753   0.000000   0.73003414   2.45579356
Z001210      2.452879   0.3493   0.88756062   0.000000   0.64799779   0.23956283   0.000000   0.73008849   2.45644491
Z001211      0.840076   0.3496   0.88764114   0.000000   0.64807308   0.23956806   0.000000   0.73010708   2.45666777
Z001212      0.976836   0.3499   0.88773472   0.000000   0.64816058   0.23957414   0.000000   0.73012868   2.45692676
Z001213      0.540310   0.3502   0.88778646   0.000000   0.64820896   0.23957750   0.000000   0.73014062   2.45706995
Z001214      1.680063   0.3505   0.88794723   0.000000   0.64835928   0.23958795   0.000000   0.73017772   2.45751490
Z001215      0.910739   0.3508   0.88803431   0.000000   0.64844071   0.23959360   0.000000   0.73019781   2.45775591
Z001216      0.909636   0.3511   0.88812124   0.000000   0.64852199   0.23959925   0.000000   0.73021786   2.45799649
Z001217      1.363485   0.3513   0.88825145   0.000000   0.64864375   0.23960770   0.000000   0.73024789   2.45835687
Z001218      1.127104   0.3516   0.88835901   0.000000   0.64874432   0.23961468   0.000000   0.73027269   2.45865455
Z001219      1.301499   0.3519   0.88848311   0.000000   0.64886038   0.23962274   0.000000   0.73030131   2.45899804
Z001220      1.377454   0.3522   0.88861436   0.000000   0.64898311   0.23963125   0.000000   0.73033156   2.45936128
Z001221      0.937077   0.3525   0.88870359   0.000000   0.64906655   0.23963704   0.000000   0.73035212   2.45960822
Z001222      0.979111   0.3528   0.88879676   0.000000   0.64915368   0.23964308   0.000000   0.73037359   2.45986609
Z001223      0.724075   0.3531   0.88886563   0.000000   0.64921808   0.23964755   0.000000   0.73038946   2.46005670
Z001224      0.961017   0.3534   0.88895699   0.000000   0.64930352   0.23965347   0.000000   0.73041050   2.46030955
Z001225      1.714024   0.3537   0.88911980   0.000000   0.64945578   0.23966402   0.000000   0.73044800   2.46076016
Z001226      1.328741   0.3539   0.88924590   0.000000   0.64957371   0.23967219   0.000000   0.73047703   2.46110916
Z001227      0.939141   0.3542   0.88933497   0.000000   0.64965701   0.23967796   0.000000   0.73049754   2.46135567
Z001228      1.447579   0.3545   0.88947216   0.000000   0.64978531   0.23968685   0.000000   0.73052912   2.46173536
Z001229      0.426823   0.3548   0.88951259   0.000000   0.64982312   0.23968947   0.000000   0.73053842   2.46184725
Z001230      1.307550   0.3551   0.88963637   0.000000   0.64993889   0.23969748   0.000000   0.73056690   2.46218984
Z001231      1.460969   0.3554   0.88977457   0.000000   0.65006814   0.23970643   0.000000   0.73059870   2.46257231
Z001232      0.898368   0.3557   0.88985949   0.000000   0.65014756   0.23971193   0.000000   0.73061823   2.46280734
Z001233      0.387206   0.3560   0.88989607   0.000000   0.65018178   0.23971429   0.000000   0.73062664   2.46290860
Z001234      1.862259   0.3563   0.89007192   0.000000   0.65034625   0.23972567   0.000000   0.73066708   2.46339528
Z001235      1.659021   0.3565   0.89022841   0.000000   0.65049262   0.23973579   0.000000   0.73070305   2.46382839
Z001236      0.853726   0.3568   0.89030888   0.000000   0.65056789   0.23974100   0.000000   0.73072155   2.46405110
Z001237      0.769286   0.3571   0.89038136   0.000000   0.65063568   0.23974568   0.000000   0.73073820   2.46425169
Z001238      1.348406   0.3574   0.89050832   0.000000   0.65075443   0.23975389   0.000000   0.73076738   2.46460306
Z001239      0.463633   0.3577   0.89055195   0.000000   0.65079524   0.23975671   0.000000   0.73077740   2.46472381
Z001240      1.537828   0.3580   0.89069657   0.000000   0.65093052   0.23976606   0.000000   0.73081062   2.46512409
Z001241      0.964544   0.3583   0.89078722   0.000000   0.65101531   0.23977191   0.000000   0.73083144   2.46537497
Z001242      1.814990   0.3586   0.89095765   0.000000   0.65117473   0.23978292   0.000000   0.73087057   2.46584665
Z001243      0.822443   0.3589   0.89103482   0.000000   0.65124691   0.23978791   0.000000   0.73088829   2.46606023
Z001244      0.687517   0.3591   0.89109930   0.000000   0.65130723   0.23979207   0.000000   0.73090309   2.46623868
Z001245      1.887033   0.3594   0.89127614   0.000000   0.65147265   0.23980349   0.000000   0.73094367   2.46672812
Z001246      0.737270   0.3597   0.89134518   0.000000   0.65153724   0.23980794   0.000000   0.73095951   2.46691920
Z001247      0.853486   0.3600   0.89142507   0.000000   0.65161197   0.23981310   0.000000   0.73097784   2.46714029
Z001248      1.005248   0.3603   0.89151910   0.000000   0.65169994   0.23981917   0.000000   0.73099941   2.46740056
Z001249      1.097699   0.3606   0.89162173   0.000000   0.65179594   0.23982579   0.000000   0.73102295   2.46768458
Z001250      1.368163   0.3609   0.89174955   0.000000   0.65191552   0.23983403   0.000000   0.73105226   2.46803833
Z001251      1.964620   0.3612   0.89193291   0.000000   0.65208705   0.23984585   0.000000   0.73109429   2.46854581
Z001252      0.359633   0.3615   0.89196645   0.000000   0.65211843   0.23984801   0.000000   0.73110198   2.46863864
Z001253      1.296647   0.3617   0.89208732   0.000000   0.65223152   0.23985581   0.000000   0.73112968   2.46897318
Z001254      0.599804   0.3620   0.89214321   0.000000   0.65228380   0.23985941   0.000000   0.73114248   2.46912785
Z001255      1.268726   0.3623   0.89226135   0.000000   0.65239433   0.23986702   0.000000   0.73116955   2.46945482
Z001256      1.356761   0.3626   0.89238760   0.000000   0.65251244   0.23987515   0.000000   0.73119847   2.46980422
Z001257      1.017794   0.3629   0.89248223   0.000000   0.65260099   0.23988125   0.000000   0.73122014   2.47006615
Z001258      0.899944   0.3632   0.89256587   0.000000   0.65267923   0.23988663   0.000000   0.73123929   2.47029761
Z001259      1.661804   0.3635   0.89272018   0.000000   0.65282362   0.23989657   0.000000   0.73127462   2.47072471
Z001260      1.108138   0.3638   0.89282301   0.000000   0.65291982   0.23990319   0.000000   0.73129816   2.47100928
Z001261      0.944701   0.3641   0.89291061   0.000000   0.65300179   0.23990882   0.000000   0.73131821   2.47125173
Z001262      1.204501   0.3643   0.89302223   0.000000   0.65310623   0.23991601   0.000000   0.73134375   2.47156067
Z001263      0.979667   0.3646   0.89311297   0.000000   0.65319112   0.23992184   0.000000   0.73136451   2.47181178
Z001264      0.770317   0.3649   0.89318427   0.000000   0.65325784   0.23992643   0.000000   0.73138082   2.47200913
Z001265      0.773602   0.3652   0.89325585   0.000000   0.65332482   0.23993103   0.000000   0.73139719   2.47220724
Z001266      2.346591   0.3655   0.89347277   0.000000   0.65352779   0.23994498   0.000000   0.73144679   2.47280760
Z001267      0.688161   0.3658   0.89353633   0.000000   0.65358727   0.23994907   0.000000   0.73146132   2.47298351
Z001268      1.201136   0.3661   0.89364721   0.000000   0.65369102   0.23995619   0.000000   0.73148667   2.47329038
Z001269      0.904669   0.3664   0.89373067   0.000000   0.65376912   0.23996155   0.000000   0.73150574   2.47352136
Z001270      0.967073   0.3667   0.89381984   0.000000   0.65385255   0.23996728   0.000000   0.73152612   2.47376815
Z001271      1.560806   0.3669   0.89396364   0.000000   0.65398712   0.23997652   0.000000   0.73155897   2.47416615
Z001272      0.477980   0.3672   0.89400766   0.000000   0.65402831   0.23997935   0.000000   0.73156903   2.47428797
Z001273      1.379386   0.3675   0.89413461   0.000000   0.65414711   0.23998750   0.000000   0.73159802   2.47463931
Z001274      0.990321   0.3678   0.89422569   0.000000   0.65423234   0.23999334   0.000000   0.73161882   2.47489139
Z001275      1.415976   0.3681   0.89435582   0.000000   0.65435412   0.24000170   0.000000   0.73164853   2.47525156
Z001276      1.410655   0.3684   0.89448536   0.000000   0.65447535   0.24001001   0.000000   0.73167810   2.47561008
Z001277      1.334641   0.3687   0.89460783   0.000000   0.65458996   0.24001787   0.000000   0.73170605   2.47594902
Z001278      0.449249   0.3690   0.89464903   0.000000   0.65462852   0.24002051   0.000000   0.73171545   2.47606304
Z001279      0.680947   0.3693   0.89471146   0.000000   0.65468694   0.24002451   0.000000   0.73172970   2.47623583
Z001280      1.588222   0.3695   0.89485697   0.000000   0.65482313   0.24003384   0.000000   0.73176289   2.47663856
Z001281      0.889353   0.3698   0.89493840   0.000000   0.65489933   0.24003906   0.000000   0.73178147   2.47686392
Z001282      1.385878   0.3701   0.89506520   0.000000   0.65501801   0.24004719   0.000000   0.73181038   2.47721486
Z001283      1.610052   0.3704   0.89521239   0.000000   0.65515576   0.24005662   0.000000   0.73184394   2.47762222
Z001284      0.688513   0.3707   0.89527529   0.000000   0.65521463   0.24006065   0.000000   0.73185828   2.47779630
Z001285      0.958756   0.3710   0.89536283   0.000000   0.65529657   0.24006626   0.000000   0.73187824   2.47803860
Z001286      1.295075   0.3713   0.89548102   0.000000   0.65540718   0.24007383   0.000000   0.73190517   2.47836569
Z001287      1.375987   0.3716   0.89560649   0.000000   0.65552462   0.24008187   0.000000   0.73193376   2.47871294
Z001288      0.497958   0.3719   0.89565187   0.000000   0.65556710   0.24008477   0.000000   0.73194409   2.47883854
Z001289      1.186239   0.3721   0.89575992   0.000000   0.65566823   0.24009169   0.000000   0.73196871   2.47913760
Z001290      0.782292   0.3724   0.89583114   0.000000   0.65573490   0.24009625   0.000000   0.73198493   2.47933471
Z001291      2.258831   0.3727   0.89603661   0.000000   0.65592722   0.24010940   0.000000   0.73203171   2.47990337
Z001292      0.794976   0.3730   0.89610886   0.000000   0.65599484   0.24011402   0.000000   0.73204816   2.48010333
Z001293      0.893716   0.3733   0.89619004   0.000000   0.65607083   0.24011921   0.000000   0.73206664   2.48032802
Z001294      1.149844   0.3736   0.89629443   0.000000   0.65616855   0.24012589   0.000000   0.73209040   2.48061693
Z001295      1.102015   0.3739   0.89639442   0.000000   0.65626214   0.24013228   0.000000   0.73211315   2.48089365
Z001296      0.406324   0.3742   0.89643127   0.000000   0.65629663   0.24013463   0.000000   0.73212153   2.48099563
Z001297      1.876824   0.3745   0.89660136   0.000000   0.65645585   0.24014551   0.000000   0.73216023   2.48146639
Z001298      0.937559   0.3747   0.89668626   0.000000   0.65653533   0.24015093   0.000000   0.73217954   2.48170137
Z001299      1.256009   0.3750   0.89679993   0.000000   0.65664174   0.24015819   0.000000   0.73220538   2.48201597
Z001300      0.975081   0.3753   0.89688812   0.000000   0.65672429   0.24016383   0.000000   0.73222543   2.48226004
Z001301      1.639734   0.3756   0.89703631   0.000000   0.65686302   0.24017329   0.000000   0.73225912   2.48267018
Z001302      0.642789   0.3759   0.89709437   0.000000   0.65691737   0.24017700   0.000000   0.73227231   2.48283086
Z001303      1.221433   0.3762   0.89720463   0.000000   0.65702059   0.24018404   0.000000   0.73229737   2.48313601
Z001304      0.872355   0.3765   0.89728333   0.000000   0.65709427   0.24018906   0.000000   0.73231525   2.48335383
Z001305      0.809017   0.3768   0.89735628   0.000000   0.65716256   0.24019372   0.000000   0.73233182   2.48355573
Z001306      1.275750   0.3771   0.89747125   0.000000   0.65727019   0.24020105   0.000000   0.73235794   2.48387393
Z001307      1.619728   0.3773   0.89761710   0.000000   0.65740674   0.24021036   0.000000   0.73239106   2.48427759
Z001308      1.644981   0.3776   0.89776509   0.000000   0.65754529   0.24021980   0.000000   0.73242466   2.48468716
Z001309      0.302725   0.3779   0.89779231   0.000000   0.65757077   0.24022153   0.000000   0.73243084   2.48476249
Z001310      0.969268   0.3782   0.89787942   0.000000   0.65765234   0.24022709   0.000000   0.73245061   2.48500361
Z001311      1.115055   0.3785   0.89797959   0.000000   0.65774611   0.24023347   0.000000   0.73247335   2.48528082
Z001312      1.566915   0.3788   0.89812023   0.000000   0.65787780   0.24024244   0.000000   0.73250526   2.48567008
Z001313      0.765515   0.3791   0.89818890   0.000000   0.65794209   0.24024681   0.000000   0.73252084   2.48586013
Z001314      0.681557   0.3794   0.89825001   0.000000   0.65799931   0.24025071   0.000000   0.73253470   2.48602926
Z001315      1.913873   0.3797   0.89842149   0.000000   0.65815986   0.24026163   0.000000   0.73257359   2.48650386
Z001316      0.785875   0.3799   0.89849186   0.000000   0.65822574   0.24026611   0.000000   0.73258955   2.48669859
Z001317      1.510536   0.3802   0.89862701   0.000000   0.65835229   0.24027472   0.000000   0.73262019   2.48707265
Z001318      1.112958   0.3805   0.89872651   0.000000   0.65844546   0.24028105   0.000000   0.73264275   2.48734804
Z001319      0.690409   0.3808   0.89878821   0.000000   0.65850323   0.24028498   0.000000   0.73265673   2.48751880
Z001320      1.083430   0.3811   0.89888498   0.000000   0.65859384   0.24029114   0.000000   0.73267866   2.48778662
Z001321      0.645762   0.3814   0.89894263   0.000000   0.65864782   0.24029481   0.000000   0.73269172   2.48794617
Z001322      1.523117   0.3817   0.89907852   0.000000   0.65877507   0.24030345   0.000000   0.73272251   2.48832228
Z001323      1.734255   0.3820   0.89923311   0.000000   0.65891983   0.24031329   0.000000   0.73275752   2.48875012
Z001324      0.707072   0.3823   0.89929610   0.000000   0.65897881   0.24031729   0.000000   0.73277178   2.48892444
Z001325      1.165850   0.3825   0.89939989   0.000000   0.65907600   0.24032389   0.000000   0.73279529   2.48921171
Z001326      1.027056   0.3828   0.89949128   0.000000   0.65916158   0.24032970   0.000000   0.73281597   2.48946463
Z001327      1.207382   0.3831   0.89959864   0.000000   0.65926212   0.24033652   0.000000   0.73284028   2.48976177
Z001328      0.804847   0.3834   0.89967017   0.000000   0.65932910   0.24034107   0.000000   0.73285646   2.48995973
Z001329      1.361693   0.3837   0.89979111   0.000000   0.65944235   0.24034875   0.000000   0.73288383   2.49029445
Z001330      0.909288   0.3840   0.89987182   0.000000   0.65951794   0.24035388   0.000000   0.73290209   2.49051783
Z001331      0.653091   0.3843   0.89992976   0.000000   0.65957220   0.24035756   0.000000   0.73291520   2.49067820
Z001332      2.286659   0.3846   0.90013247   0.000000   0.65976204   0.24037043   0.000000   0.73296105   2.49123923
Z001333      0.911195   0.3849   0.90021318   0.000000   0.65983762   0.24037556   0.000000   0.73297930   2.49146259
Z001334      0.770732   0.3851   0.90028141   0.000000   0.65990152   0.24037989   0.000000   0.73299472   2.49165143
Z001335      1.084580   0.3854   0.90037738   0.000000   0.65999140   0.24038598   0.000000   0.73301642   2.49191704
Z001336      0.793077   0.3857   0.90044752   0.000000   0.66005709   0.24039043   0.000000   0.73303227   2.49211115
Z001337      1.284913   0.3860   0.90056109   0.000000   0.66016345   0.24039764   0.000000   0.73305794   2.49242547
Z001338      0.991647   0.3863   0.90064868   0.000000   0.66024549   0.24040319   0.000000   0.73307773   2.49266790
Z001339      1.495560   0.3866   0.90078069   0.000000   0.66036913   0.24041156   0.000000   0.73310755   2.49303326
Z001340      1.107317   0.3869   0.90087837   0.000000   0.66046061   0.24041776   0.000000   0.73312961   2.49330358
Z001341      1.385506   0.3872   0.90100049   0.000000   0.66057499   0.24042550   0.000000   0.73315719   2.49364158
Z001342      0.288725   0.3875   0.90102593   0.000000   0.66059882   0.24042711   0.000000   0.73316294   2.49371199
Z001343      2.136040   0.3877   0.90121400   0.000000   0.66077497   0.24043903   0.000000   0.73320540   2.49423249
Z001344      0.404842   0.3880   0.90124962   0.000000   0.66080833   0.24044129   0.000000   0.73321344   2.49433107
Z001345      0.989619   0.3883   0.90133665   0.000000   0.66088985   0.24044680   0.000000   0.73323308   2.49457196
Z001346      0.764826   0.3886   0.90140389   0.000000   0.66095283   0.24045106   0.000000   0.73324825   2.49475804
Z001347      1.546358   0.3889   0.90153974   0.000000   0.66108007   0.24045966   0.000000   0.73327891   2.49513402
Z001348      1.604063   0.3892   0.90168053   0.000000   0.66121195   0.24046858   0.000000   0.73331067   2.49552369
Z001349      0.948942   0.3895   0.90176377   0.000000   0.66128992   0.24047385   0.000000   0.73332944   2.49575405
Z001350      1.365529   0.3898   0.90188346   0.000000   0.66140204   0.24048142   0.000000   0.73335643   2.49608533
Z001351      0.419412   0.3901   0.90192021   0.000000   0.66143646   0.24048375   0.000000   0.73336472   2.49618703
Z001352      0.952585   0.3903   0.90200364   0.000000   0.66151461   0.24048903   0.000000   0.73338353   2.49641793
Z001353      1.549726   0.3906   0.90213927   0.000000   0.66164166   0.24049761   0.000000   0.73341410   2.49679332
Z001354      0.927548   0.3909   0.90222040   0.000000   0.66171766   0.24050274   0.000000   0.73343238   2.49701784
Z001355      1.117826   0.3912   0.90231811   0.000000   0.66180919   0.24050892   0.000000   0.73345440   2.49728827
Z001356      1.121963   0.3915   0.90241612   0.000000   0.66190100   0.24051512   0.000000   0.73347649   2.49755953
Z001357      1.338594   0.3918   0.90253298   0.000000   0.66201048   0.24052250   0.000000   0.73350281   2.49788295
Z001358      1.447411   0.3921   0.90265924   0.000000   0.66212876   0.24053048   0.000000   0.73353125   2.49823240
Z001359      0.702007   0.3924   0.90272044   0.000000   0.66218609   0.24053435   0.000000   0.73354503   2.49840178
Z001360      0.879772   0.3927   0.90279711   0.000000   0.66225791   0.24053919   0.000000   0.73356229   2.49861397
Z001361      1.415815   0.3930   0.90292041   0.000000   0.66237343   0.24054698   0.000000   0.73359005   2.49895522
Z001362      0.409821   0.3932   0.90295608   0.000000   0.66240685   0.24054924   0.000000   0.73359808   2.49905395
Z001363      1.211438   0.3935   0.90306149   0.000000   0.66250559   0.24055589   0.000000   0.73362180   2.49934567
Z001364      2.103850   0.3938   0.90324437   0.000000   0.66267693   0.24056744   0.000000   0.73366295   2.49985182
Z001365      1.048560   0.3941   0.90333544   0.000000   0.66276225   0.24057319   0.000000   0.73368344   2.50010387
Z001366      0.288299   0.3944   0.90336047   0.000000   0.66278570   0.24057477   0.000000   0.73368907   2.50017315
Z001367      1.448321   0.3947   0.90348616   0.000000   0.66290346   0.24058270   0.000000   0.73371734   2.50052100
Z001368      1.162195   0.3950   0.90358694   0.000000   0.66299788   0.24058906   0.000000   0.73374000   2.50079993
Z001369      0.943918   0.3953   0.90366875   0.000000   0.66307453   0.24059422   0.000000   0.73375840   2.50102635
Z001370      1.259271   0.3956   0.90377782   0.000000   0.66317673   0.24060110   0.000000   0.73378292   2.50132823
Z001371      0.553345   0.3958   0.90382573   0.000000   0.66322161   0.24060412   0.000000   0.73379368   2.50146081
Z001372      1.555275   0.3961   0.90396030   0.000000   0.66334770   0.24061260   0.000000   0.73382393   2.50183325
Z001373      1.283019   0.3964   0.90407123   0.000000   0.66345163   0.24061959   0.000000   0.73384885   2.50214026
Z001374      1.397373   0.3967   0.90419195   0.000000   0.66356475   0.24062720   0.000000   0.73387597   2.50247438
Z001375      0.895102   0.3970   0.90426924   0.000000   0.66363716   0.24063207   0.000000   0.73389333   2.50268828
Z001376      0.987986   0.3973   0.90435450   0.000000   0.66371705   0.24063744   0.000000   0.73391248   2.50292425
Z001377      0.658490   0.3976   0.90441130   0.000000   0.66377027   0.24064102   0.000000   0.73392524   2.50308145
Z001378      0.935719   0.3979   0.90449198   0.000000   0.66384587   0.24064610   0.000000   0.73394335   2.50330474
Z001379      1.977727   0.3982   0.90466236   0.000000   0.66400553   0.24065683   0.000000   0.73398160   2.50377632
Z001380      0.391780   0.3984   0.90469610   0.000000   0.66403714   0.24065896   0.000000   0.73398917   2.50386967
Z001381      1.878423   0.3987   0.90485773   0.000000   0.66418860   0.24066913   0.000000   0.73402545   2.50431700
Z001382      0.799178   0.3990   0.90492644   0.000000   0.66425299   0.24067345   0.000000   0.73404086   2.50450718
Z001383      0.941843   0.3993   0.90500739   0.000000   0.66432884   0.24067855   0.000000   0.73405902   2.50473121
Z001384      1.177138   0.3996   0.90510849   0.000000   0.66442359   0.24068491   0.000000   0.73408170   2.50501104
Z001385      1.336289   0.3999   0.90522320   0.000000   0.66453107   0.24069212   0.000000   0.73410743   2.50532849
Z001386      0.737303   0.4002   0.90528645   0.000000   0.66459034   0.24069610   0.000000   0.73412161   2.50550355
Z001387      0.796244   0.4005   0.90535473   0.000000   0.66465433   0.24070040   0.000000   0.73413692   2.50569252
Z001388      1.108896   0.4008   0.90544977   0.000000   0.66474340   0.24070637   0.000000   0.73415823   2.50595556
Z001389      1.997197   0.4010   0.90562080   0.000000   0.66490368   0.24071712   0.000000   0.73419656   2.50642892
Z001390      1.046117   0.4013   0.90571031   0.000000   0.66498757   0.24072275   0.000000   0.73421662   2.50667666
Z001391      0.838283   0.4016   0.90578200   0.000000   0.66505475   0.24072725   0.000000   0.73423269   2.50687507
Z001392      0.741793   0.4019   0.90584542   0.000000   0.66511418   0.24073124   0.000000   0.73424689   2.50705058
Z001393      1.304000   0.4022   0.90595683   0.000000   0.66521860   0.24073823   0.000000   0.73427185   2.50735893
Z001394      0.928516   0.4025   0.90603612   0.000000   0.66529290   0.24074321   0.000000   0.73428961   2.50757836
Z001395      1.013452   0.4028   0.90612261   0.000000   0.66537396   0.24074864   0.000000   0.73430898   2.50781774
Z001396      1.469113   0.4031   0.90624791   0.000000   0.66549139   0.24075651   0.000000   0.73433703   2.50816452
Z001397      1.248644   0.4034   0.90635432   0.000000   0.66559113   0.24076319   0.000000   0.73436085   2.50845904
Z001398      0.621555   0.4036   0.90640727   0.000000   0.66564075   0.24076651   0.000000   0.73437270   2.50860557
Z001399      1.714726   0.4039   0.90655324   0.000000   0.66577757   0.24077567   0.000000   0.73440537   2.50900958
Z001400      0.994571   0.4042   0.90663785   0.000000   0.66585687   0.24078098   0.000000   0.73442430   2.50924373
Z001401      1.025523   0.4045   0.90672504   0.000000   0.66593859   0.24078645   0.000000   0.73444381   2.50948505
Z001402      0.424101   0.4048   0.90676108   0.000000   0.66597237   0.24078871   0.000000   0.73445187   2.50958481
Z001403      1.642694   0.4051   0.90690062   0.000000   0.66610316   0.24079746   0.000000   0.73448308   2.50997099
Z001404      0.405413   0.4054   0.90693503   0.000000   0.66613542   0.24079962   0.000000   0.73449078   2.51006624
Z001405      2.181290   0.4057   0.90712009   0.000000   0.66630887   0.24081122   0.000000   0.73453215   2.51057840
Z001406      0.927187   0.4060   0.90719868   0.000000   0.66638254   0.24081614   0.000000   0.73454972   2.51079593
Z001407      1.131052   0.4062   0.90729451   0.000000   0.66647236   0.24082215   0.000000   0.73457114   2.51106113
Z001408      0.929022   0.4065   0.90737317   0.000000   0.66654610   0.24082708   0.000000   0.73458872   2.51127884
Z001409      0.529441   0.4068   0.90741798   0.000000   0.66658810   0.24082988   0.000000   0.73459873   2.51140287
Z001410      1.710208   0.4071   0.90756265   0.000000   0.66672371   0.24083894   0.000000   0.73463106   2.51180326
Z001411      1.086749   0.4074   0.90765451   0.000000   0.66680982   0.24084470   0.000000   0.73465158   2.51205750
Z001412      0.597054   0.4077   0.90770496   0.000000   0.66685710   0.24084785   0.000000   0.73466284   2.51219711
Z001413      1.192297   0.4080   0.90780565   0.000000   0.66695149   0.24085416   0.000000   0.73468533   2.51247578
Z001414      1.855820   0.4083   0.90796225   0.000000   0.66709829   0.24086396   0.000000   0.73472029   2.51290919
Z001415      0.754947   0.4086   0.90802591   0.000000   0.66715796   0.24086794   0.000000   0.73473451   2.51308537
Z001416      1.129341   0.4088   0.90812109   0.000000   0.66724719   0.24087390   0.000000   0.73475575   2.51334881
Z001417      1.409946   0.4091   0.90823984   0.000000   0.66735852   0.24088132   0.000000   0.73478225   2.51367747
Z001418      0.264000   0.4094   0.90826207   0.000000   0.66737935   0.24088271   0.000000   0.73478721   2.51373898
Z001419      1.066382   0.4097   0.90835181   0.000000   0.66746348   0.24088833   0.000000   0.73480724   2.51398736
Z001420      1.189191   0.4100   0.90845183   0.000000   0.66755725   0.24089458   0.000000   0.73482955   2.51426418
Z001421      1.690836   0.4103   0.90859393   0.000000   0.66769047   0.24090346   0.000000   0.73486125   2.51465747
Z001422      1.138618   0.4106   0.90868956   0.000000   0.66778012   0.24090944   0.000000   0.73488257   2.51492212
Z001423      0.888339   0.4109   0.90876412   0.000000   0.66785002   0.24091410   0.000000   0.73489920   2.51512849
Z001424      0.928199   0.4112   0.90884199   0.000000   0.66792303   0.24091896   0.000000   0.73491656   2.51534401
Z001425      1.315680   0.4114   0.90895231   0.000000   0.66802645   0.24092586   0.000000   0.73494115   2.51564932
Z001426      1.176772   0.4117   0.90905091   0.000000   0.66811890   0.24093201   0.000000   0.73496312   2.51592222
Z001427      0.565739   0.4120   0.90909829   0.000000   0.66816332   0.24093497   0.000000   0.73497368   2.51605336
Z001428      1.319421   0.4123   0.90920874   0.000000   0.66826688   0.24094187   0.000000   0.73499829   2.51635904
Z001429      0.913753   0.4126   0.90928519   0.000000   0.66833855   0.24094664   0.000000   0.73501532   2.51657062
Z001430      1.284266   0.4129   0.90939257   0.000000   0.66843923   0.24095334   0.000000   0.73503924   2.51686782
Z001431      2.013431   0.4132   0.90956078   0.000000   0.66859694   0.24096384   0.000000   0.73507670   2.51733335
Z001432      0.494922   0.4135   0.90960210   0.000000   0.66863568   0.24096642   0.000000   0.73508590   2.51744771
Z001433      0.735102   0.4138   0.90966345   0.000000   0.66869321   0.24097025   0.000000   0.73509956   2.51761750
Z001434      1.100283   0.4140   0.90975524   0.000000   0.66877927   0.24097597   0.000000   0.73512000   2.51787153
Z001435      1.032867   0.4143   0.90984135   0.000000   0.66886001   0.24098134   0.000000   0.73513916   2.51810986
Z001436      1.267730   0.4146   0.90994698   0.000000   0.66895905   0.24098793   0.000000   0.73516267   2.51840221
Z001437      0.971031   0.4149   0.91002784   0.000000   0.66903487   0.24099297   0.000000   0.73518066   2.51862601
Z001438      1.477799   0.4152   0.91015083   0.000000   0.66915019   0.24100063   0.000000   0.73520803   2.51896638
Z001439      1.169810   0.4155   0.91024811   0.000000   0.66924141   0.24100670   0.000000   0.73522967   2.51923563
Z001440      0.702329   0.4158   0.91030649   0.000000   0.66929616   0.24101033   0.000000   0.73524265   2.51939720
Z001441      1.551743   0.4161   0.91043540   0.000000   0.66941703   0.24101837   0.000000   0.73527132   2.51975398
Z001442      0.738332   0.4164   0.91049670   0.000000   0.66947451   0.24102218   0.000000   0.73528494   2.51992363
Z001443      1.441795   0.4166   0.91061633   0.000000   0.66958670   0.24102963   0.000000   0.73531154   2.52025474
Z001444      0.421279   0.4169   0.91065127   0.000000   0.66961946   0.24103181   0.000000   0.73531931   2.52035144
Z001445      0.729679   0.4172   0.91071177   0.000000   0.66967620   0.24103558   0.000000   0.73533275   2.52051888
Z001446      2.164168   0.4175   0.91089107   0.000000   0.66984433   0.24104674   0.000000   0.73537260   2.52101511
Z001447      1.179212   0.4178   0.91098868   0.000000   0.66993587   0.24105281   0.000000   0.73539428   2.52128527
Z001448      0.774993   0.4181   0.91105280   0.000000   0.66999600   0.24105680   0.000000   0.73540853   2.52146272
Z001449      1.176157   0.4184   0.91115006   0.000000   0.67008721   0.24106285   0.000000   0.73543013   2.52173191
Z001450      0.979595   0.4187   0.91123102   0.000000   0.67016313   0.24106789   0.000000   0.73544811   2.52195597
Z001451      0.608510   0.4190   0.91128129   0.000000   0.67021028   0.24107102   0.000000   0.73545927   2.52209511
Z001452      1.597426   0.4192   0.91141319   0.000000   0.67033397   0.24107922   0.000000   0.73548856   2.52246014
Z001453      1.070042   0.4195   0.91150147   0.000000   0.67041677   0.24108471   0.000000   0.73550815   2.52270448
Z001454      0.770827   0.4198   0.91156504   0.000000   0.67047638   0.24108866   0.000000   0.73552226   2.52288042
Z001455      1.501682   0.4201   0.91168881   0.000000   0.67059246   0.24109635   0.000000   0.73554973   2.52322297
Z001456      1.115685   0.4204   0.91178071   0.000000   0.67067864   0.24110206   0.000000   0.73557012   2.52347730
Z001457      1.540682   0.4207   0.91190752   0.000000   0.67079758   0.24110994   0.000000   0.73559825   2.52382826
Z001458      0.491507   0.4210   0.91194795   0.000000   0.67083550   0.24111245   0.000000   0.73560722   2.52394017
Z001459      1.016905   0.4213   0.91203157   0.000000   0.67091393   0.24111765   0.000000   0.73562577   2.52417161
Z001460      0.948245   0.4216   0.91210951   0.000000   0.67098702   0.24112249   0.000000   0.73564305   2.52438731
Z001461      1.095540   0.4218   0.91219951   0.000000   0.67107143   0.24112808   0.000000   0.73566301   2.52463639
Z001462      1.081396   0.4221   0.91228829   0.000000   0.67115470   0.24113359   0.000000   0.73568269   2.52488211
Z001463      1.927298   0.4224   0.91244640   0.000000   0.67130300   0.24114340   0.000000   0.73571774   2.52531971
Z001464      0.845536   0.4227   0.91251572   0.000000   0.67136802   0.24114770   0.000000   0.73573310   2.52551155
Z001465      0.810706   0.4230   0.91258215   0.000000   0.67143033   0.24115183   0.000000   0.73574782   2.52569541
Z001466      0.734379   0.4233   0.91264231   0.000000   0.67148675   0.24115556   0.000000   0.73576115   2.52586190
Z001467      1.785849   0.4236   0.91278849   0.000000   0.67162387   0.24116463   0.000000   0.73579353   2.52626649
Z001468      0.768921   0.4239   0.91285140   0.000000   0.67168287   0.24116853   0.000000   0.73580746   2.52644058
Z001469      0.687228   0.4242   0.91290759   0.000000   0.67173558   0.24117201   0.000000   0.73581991   2.52659611
Z001470      1.307102   0.4244   0.91301443   0.000000   0.67183579   0.24117864   0.000000   0.73584357   2.52689179
Z001471      1.112982   0.4247   0.91310534   0.000000   0.67192107   0.24118427   0.000000   0.73586369   2.52714340
Z001472      1.713171   0.4250   0.91324517   0.000000   0.67205223   0.24119294   0.000000   0.73589465   2.52753040
Z001473      0.793494   0.4253   0.91330990   0.000000   0.67211295   0.24119695   0.000000   0.73590897   2.52770954
Z001474      1.313433   0.4256   0.91341698   0.000000   0.67221339   0.24120358   0.000000   0.73593267   2.52800590
Z001475      0.598427   0.4259   0.91346574   0.000000   0.67225914   0.24120660   0.000000   0.73594346   2.52814086
Z001476      0.970032   0.4262   0.91354475   0.000000   0.67233325   0.24121150   0.000000   0.73596094   2.52835954
Z001477      0.897221   0.4265   0.91361780   0.000000   0.67240178   0.24121602   0.000000   0.73597710   2.52856170
Z001478      1.532355   0.4268   0.91374248   0.000000   0.67251874   0.24122374   0.000000   0.73600468   2.52890677
Z001479      1.466239   0.4270   0.91386169   0.000000   0.67263056   0.24123112   0.000000   0.73603104   2.52923669
Z001480      0.537480   0.4273   0.91390536   0.000000   0.67267154   0.24123382   0.000000   0.73604069   2.52935757
Z001481      1.566962   0.4276   0.91403262   0.000000   0.67279092   0.24124170   0.000000   0.73606883   2.52970979
Z001482      0.940433   0.4279   0.91410895   0.000000   0.67286253   0.24124642   0.000000   0.73608570   2.52992104
Z001483      0.874294   0.4282   0.91417988   0.000000   0.67292907   0.24125081   0.000000   0.73610138   2.53011735
Z001484      1.387613   0.4285   0.91429239   0.000000   0.67303462   0.24125777   0.000000   0.73612624   2.53042873
Z001485      0.736206   0.4288   0.91435205   0.000000   0.67309059   0.24126146   0.000000   0.73613942   2.53059385
Z001486      1.020439   0.4291   0.91443471   0.000000   0.67316814   0.24126657   0.000000   0.73615768   2.53082261
Z001487      0.739829   0.4294   0.91449461   0.000000   0.67322433   0.24127028   0.000000   0.73617091   2.53098839
Z001488      2.353943   0.4296   0.91468504   0.000000   0.67340299   0.24128205   0.000000   0.73621297   2.53151544
Z001489      0.576016   0.4299   0.91473161   0.000000   0.67344668   0.24128493   0.000000   0.73622325   2.53164432
Z001490      1.257392   0.4302   0.91483321   0.000000   0.67354200   0.24129120   0.000000   0.73624569   2.53192551
Z001491      0.550538   0.4305   0.91487767   0.000000   0.67358372   0.24129395   0.000000   0.73625550   2.53204857
Z001492      1.114765   0.4308   0.91496767   0.000000   0.67366816   0.24129951   0.000000   0.73627537   2.53229765
Z001493      1.212351   0.4311   0.91506549   0.000000   0.67375993   0.24130555   0.000000   0.73629696   2.53256837
Z001494      1.164539   0.4314   0.91515939   0.000000   0.67384804   0.24131135   0.000000   0.73631768   2.53282826
Z001495      0.733408   0.4317   0.91521850   0.000000   0.67390350   0.24131500   0.000000   0.73633072   2.53299186
Z001496      2.093333   0.4320   0.91538709   0.000000   0.67406168   0.24132541   0.000000   0.73636791   2.53345847
Z001497      0.097503   0.4322   0.91539494   0.000000   0.67406905   0.24132590   0.000000   0.73636964   2.53348019
Z001498      1.530002   0.4325   0.91551805   0.000000   0.67418455   0.24133349   0.000000   0.73639679   2.53382090
Z001499      1.570324   0.4328   0.91564430   0.000000   0.67430301   0.24134128   0.000000   0.73642463   2.53417032
Z001500      0.538271   0.4331   0.91568755   0.000000   0.67434360   0.24134395   0.000000   0.73643417   2.53429002
Z001501      0.838726   0.4334   0.91575492   0.000000   0.67440682   0.24134811   0.000000   0.73644902   2.53447649
Z001502      0.914510   0.4337   0.91582835   0.000000   0.67447571   0.24135264   0.000000   0.73646520   2.53467971
Z001503      1.260525   0.4340   0.91592951   0.000000   0.67457063   0.24135888   0.000000   0.73648750   2.53495967
Z001504      1.492736   0.4343   0.91604921   0.000000   0.67468296   0.24136626   0.000000   0.73651388   2.53529097
Z001505      1.340568   0.4346   0.91615664   0.000000   0.67478376   0.24137288   0.000000   0.73653754   2.53558829
Z001506      1.116366   0.4348   0.91624604   0.000000   0.67486765   0.24137839   0.000000   0.73655724   2.53583572
Z001507      0.378403   0.4351   0.91627634   0.000000   0.67489608   0.24138026   0.000000   0.73656391   2.53591957
Z001508      1.450126   0.4354   0.91639237   0.000000   0.67500497   0.24138741   0.000000   0.73658946   2.53624071
Z001509      0.776350   0.4357   0.91645446   0.000000   0.67506323   0.24139123   0.000000   0.73660314   2.53641255
Z001510      1.523354   0.4360   0.91657622   0.000000   0.67517749   0.24139873   0.000000   0.73662994   2.53674953
Z001511      0.783281   0.4363   0.91663879   0.000000   0.67523620   0.24140258   0.000000   0.73664372   2.53692270
Z001512      0.792505   0.4366   0.91670207   0.000000   0.67529559   0.24140648   0.000000   0.73665764   2.53709784
Z001513      1.591246   0.4369   0.91682905   0.000000   0.67541475   0.24141430   0.000000   0.73668559   2.53744929
Z001514      1.627437   0.4372   0.91695882   0.000000   0.67553653   0.24142229   0.000000   0.73671414   2.53780844
Z001515      0.594737   0.4374   0.91700622   0.000000   0.67558101   0.24142521   0.000000   0.73672457   2.53793961
Z001516      0.888093   0.4377   0.91707697   0.000000   0.67564741   0.24142956   0.000000   0.73674013   2.53813542
Z001517      1.266757   0.4380   0.91717783   0.000000   0.67574206   0.24143577   0.000000   0.73676232   2.53841457
Z001518      0.888751   0.4383   0.91724855   0.000000   0.67580844   0.24144012   0.000000   0.73677787   2.53861031
Z001519      0.495105   0.4386   0.91728794   0.000000   0.67584540   0.24144254   0.000000   0.73678653   2.53871931
Z001520      1.966788   0.4389   0.91744430   0.000000   0.67599215   0.24145216   0.000000   0.73682091   2.53915207
Z001521      1.243261   0.4392   0.91754306   0.000000   0.67608483   0.24145823   0.000000   0.73684262   2.53942540
Z001522      0.938179   0.4395   0.91761755   0.000000   0.67615474   0.24146281   0.000000   0.73685899   2.53963155
Z001523      0.823087   0.4398   0.91768287   0.000000   0.67621605   0.24146682   0.000000   0.73687335   2.53981234
Z001524      1.224245   0.4400   0.91777997   0.000000   0.67630718   0.24147279   0.000000   0.73689468   2.54008109
Z001525      1.293060   0.4403   0.91788247   0.000000   0.67640339   0.24147909   0.000000   0.73691720   2.54036477
Z001526      0.758394   0.4406   0.91794256   0.000000   0.67645978   0.24148278   0.000000   0.73693040   2.54053107
Z001527      0.976691   0.4409   0.91801991   0.000000   0.67653238   0.24148753   0.000000   0.73694739   2.54074515
Z001528      0.867380   0.4412   0.91808857   0.000000   0.67659682   0.24149175   0.000000   0.73696247   2.54093517
Z001529      1.518230   0.4415   0.91820868   0.000000   0.67670955   0.24149913   0.000000   0.73698884   2.54126759
Z001530      1.333162   0.4418   0.91831407   0.000000   0.67680848   0.24150560   0.000000   0.73701198   2.54155928
Z001531      1.314631   0.4421   0.91841793   0.000000   0.67690596   0.24151197   0.000000   0.73703478   2.54184673
Z001532      0.842909   0.4424   0.91848449   0.000000   0.67696843   0.24151606   0.000000   0.73704939   2.54203094
Z001533      0.770438   0.4426   0.91854530   0.000000   0.67702551   0.24151979   0.000000   0.73706273   2.54219924
Z001534      0.586692   0.4429   0.91859159   0.000000   0.67706896   0.24152263   0.000000   0.73707289   2.54232736
Z001535      1.877833   0.4432   0.91873967   0.000000   0.67720795   0.24153172   0.000000   0.73710538   2.54273718
Z001536      0.619767   0.4435   0.91878851   0.000000   0.67725380   0.24153471   0.000000   0.73711609   2.54287235
Z001537      1.311676   0.4438   0.91889183   0.000000   0.67735078   0.24154105   0.000000   0.73713875   2.54315830
Z001538      1.349575   0.4441   0.91899806   0.000000   0.67745050   0.24154757   0.000000   0.73716205   2.54345232
Z001539      1.027294   0.4444   0.91907888   0.000000   0.67752636   0.24155252   0.000000   0.73717977   2.54367599
Z001540      0.915350   0.4447   0.91915086   0.000000   0.67759393   0.24155693   0.000000   0.73719555   2.54387520
Z001541      1.390644   0.4450   0.91926015   0.000000   0.67769651   0.24156363   0.000000   0.73721951   2.54417767
Z001542      0.859353   0.4452   0.91932764   0.000000   0.67775987   0.24156777   0.000000   0.73723430   2.54436448
Z001543      0.835058   0.4455   0.91939321   0.000000   0.67782142   0.24157179   0.000000   0.73724867   2.54454593
Z001544      1.009142   0.4458   0.91947240   0.000000   0.67789576   0.24157664   0.000000   0.73726602   2.54476510
Z001545      0.803020   0.4461   0.91953539   0.000000   0.67795489   0.24158050   0.000000   0.73727983   2.54493944
Z001546      2.365071   0.4464   0.91972076   0.000000   0.67812891   0.24159185   0.000000   0.73732043   2.54545248
Z001547      0.670230   0.4467   0.91977325   0.000000   0.67817819   0.24159507   0.000000   0.73733193   2.54559776
Z001548      0.597112   0.4470   0.91982001   0.000000   0.67822208   0.24159793   0.000000   0.73734217   2.54572716
Z001549      1.536936   0.4473   0.91994028   0.000000   0.67833499   0.24160529   0.000000   0.73736850   2.54606003
Z001550      0.522611   0.4476   0.91998116   0.000000   0.67837336   0.24160779   0.000000   0.73737745   2.54617316
Z001551      1.450086   0.4478   0.92009452   0.000000   0.67847979   0.24161473   0.000000   0.73740227   2.54648691
Z001552      0.689585   0.4481   0.92014840   0.000000   0.67853037   0.24161803   0.000000   0.73741406   2.54663604
Z001553      1.624627   0.4484   0.92027527   0.000000   0.67864948   0.24162579   0.000000   0.73744183   2.54698717
Z001554      0.601480   0.4487   0.92032222   0.000000   0.67869356   0.24162866   0.000000   0.73745210   2.54711710
Z001555      1.395901   0.4490   0.92043112   0.000000   0.67879579   0.24163532   0.000000   0.73747593   2.54741849
Z001556      1.505467   0.4493   0.92054848   0.000000   0.67890598   0.24164250   0.000000   0.73750160   2.54774330
Z001557      0.872530   0.4496   0.92061646   0.000000   0.67896980   0.24164666   0.000000   0.73751647   2.54793144
Z001558      0.904477   0.4499   0.92068689   0.000000   0.67903593   0.24165096   0.000000   0.73753188   2.54812639
Z001559      0.915728   0.4502   0.92075818   0.000000   0.67910286   0.24165532   0.000000   0.73754746   2.54832367
Z001560      0.765440   0.4504   0.92081774   0.000000   0.67915878   0.24165896   0.000000   0.73756049   2.54848851
Z001561      1.295576   0.4507   0.92091850   0.000000   0.67925338   0.24166512   0.000000   0.73758251   2.54876737
Z001562      1.355758   0.4510   0.92102387   0.000000   0.67935231   0.24167156   0.000000   0.73760555   2.54905900
Z001563      1.393432   0.4513   0.92113209   0.000000   0.67945393   0.24167817   0.000000   0.73762920   2.54935853
Z001564      1.058530   0.4516   0.92121426   0.000000   0.67953107   0.24168318   0.000000   0.73764715   2.54958594
Z001565      0.812333   0.4519   0.92127728   0.000000   0.67959025   0.24168703   0.000000   0.73766092   2.54976037
Z001566      0.689402   0.4522   0.92133075   0.000000   0.67964045   0.24169030   0.000000   0.73767260   2.54990835
Z001567      1.652127   0.4525   0.92145882   0.000000   0.67976070   0.24169812   0.000000   0.73770058   2.55026278
Z001568      1.120350   0.4528   0.92154560   0.000000   0.67984219   0.24170341   0.000000   0.73771953   2.55050297
Z001569      0.392336   0.4530   0.92157598   0.000000   0.67987071   0.24170527   0.000000   0.73772616   2.55058705
Z001570      1.048264   0.4533   0.92165712   0.000000   0.67994690   0.24171022   0.000000   0.73774388   2.55081163
Z001571      1.829784   0.4536   0.92179866   0.000000   0.68007981   0.24171886   0.000000   0.73777478   2.55120335
Z001572      0.997371   0.4539   0.92187576   0.000000   0.68015220   0.24172356   0.000000   0.73779161   2.55141672
Z001573      1.420225   0.4542   0.92198547   0.000000   0.68025522   0.24173025   0.000000   0.73781556   2.55172038
Z001574      0.498812   0.4545   0.92202399   0.000000   0.68029139   0.24173260   0.000000   0.73782396   2.55182698
Z001575      1.205592   0.4548   0.92211705   0.000000   0.68037877   0.24173827   0.000000   0.73784426   2.55208453
Z001576      0.710909   0.4551   0.92217189   0.000000   0.68043028   0.24174162   0.000000   0.73785623   2.55223632
Z001577      1.021308   0.4554   0.92225065   0.000000   0.68050424   0.24174642   0.000000   0.73787341   2.55245430
Z001578      1.527805   0.4556   0.92236840   0.000000   0.68061481   0.24175359   0.000000   0.73789909   2.55278019
Z001579      1.152557   0.4559   0.92245717   0.000000   0.68069817   0.24175900   0.000000   0.73791845   2.55302587
Z001580      1.360409   0.4562   0.92256189   0.000000   0.68079650   0.24176538   0.000000   0.73794128   2.55331568
Z001581      0.324303   0.4565   0.92258684   0.000000   0.68081994   0.24176690   0.000000   0.73794672   2.55338474
Z001582      1.834777   0.4568   0.92272794   0.000000   0.68095244   0.24177550   0.000000   0.73797748   2.55377525
Z001583      0.872366   0.4571   0.92279498   0.000000   0.68101540   0.24177958   0.000000   0.73799209   2.55396080
Z001584      0.613372   0.4574   0.92284210   0.000000   0.68105965   0.24178245   0.000000   0.73800236   2.55409121
Z001585      1.407149   0.4577   0.92295015   0.000000   0.68116112   0.24178903   0.000000   0.73802591   2.55439026
Z001586      0.773461   0.4580   0.92300951   0.000000   0.68121687   0.24179264   0.000000   0.73803884   2.55455455
Z001587      0.857001   0.4582   0.92307526   0.000000   0.68127861   0.24179664   0.000000   0.73805316   2.55473651
Z001588      2.089505   0.4585   0.92323544   0.000000   0.68142905   0.24180639   0.000000   0.73808805   2.55517984
Z001589      1.037915   0.4588   0.92331495   0.000000   0.68150372   0.24181123   0.000000   0.73810537   2.55539989
Z001590      0.783803   0.4591   0.92337497   0.000000   0.68156009   0.24181488   0.000000   0.73811844   2.55556599
Z001591      0.628340   0.4594   0.92342306   0.000000   0.68160526   0.24181780   0.000000   0.73812891   2.55569910
Z001592      1.342715   0.4597   0.92352579   0.000000   0.68170174   0.24182405   0.000000   0.73815127   2.55598342
Z001593      0.889343   0.4600   0.92359380   0.000000   0.68176561   0.24182819   0.000000   0.73816608   2.55617163
Z001594      1.500590   0.4603   0.92370848   0.000000   0.68187332   0.24183516   0.000000   0.73819103   2.55648902
Z001595      0.479716   0.4606   0.92374512   0.000000   0.68190773   0.24183739   0.000000   0.73819901   2.55659044
Z001596      1.609821   0.4608   0.92386803   0.000000   0.68202317   0.24184486   0.000000   0.73822575   2.55693060
Z001597      1.190505   0.4611   0.92395886   0.000000   0.68210848   0.24185038   0.000000   0.73824551   2.55718199
Z001598      0.893022   0.4614   0.92402696   0.000000   0.68217244   0.24185452   0.000000   0.73826033   2.55737047
Z001599      1.238940   0.4617   0.92412139   0.000000   0.68226114   0.24186025   0.000000   0.73828086   2.55763183
Z001600      1.323926   0.4620   0.92422224   0.000000   0.68235586   0.24186638   0.000000   0.73830279   2.55791094
Z001601      0.411343   0.4623   0.92425356   0.000000   0.68238528   0.24186828   0.000000   0.73830960   2.55799762
Z001602      0.774031   0.4626   0.92431248   0.000000   0.68244062   0.24187186   0.000000   0.73832241   2.55816069
Z001603      1.251637   0.4629   0.92440771   0.000000   0.68253007   0.24187764   0.000000   0.73834312   2.55842425
Z001604      1.862699   0.4632   0.92454932   0.000000   0.68266309   0.24188624   0.000000   0.73837390   2.55881619
Z001605      0.802339   0.4634   0.92461028   0.000000   0.68272035   0.24188994   0.000000   0.73838714   2.55898490
Z001606      1.208273   0.4637   0.92470204   0.000000   0.68280654   0.24189551   0.000000   0.73840708   2.55923886
Z001607      1.025076   0.4640   0.92477985   0.000000   0.68287962   0.24190023   0.000000   0.73842398   2.55945419
Z001608      0.580316   0.4643   0.92482388   0.000000   0.68292098   0.24190290   0.000000   0.73843355   2.55957605
Z001609      1.359729   0.4646   0.92492700   0.000000   0.68301784   0.24190915   0.000000   0.73845595   2.55986145
Z001610      1.282094   0.4649   0.92502417   0.000000   0.68310912   0.24191505   0.000000   0.73847705   2.56013038
Z001611      0.541744   0.4652   0.92506521   0.000000   0.68314767   0.24191754   0.000000   0.73848596   2.56024396
Z001612      1.399611   0.4655   0.92517119   0.000000   0.68324723   0.24192396   0.000000   0.73850897   2.56053728
Z001613      0.855355   0.4658   0.92523592   0.000000   0.68330803   0.24192789   0.000000   0.73852303   2.56071644
Z001614      1.981752   0.4661   0.92538580   0.000000   0.68344883   0.24193697   0.000000   0.73855556   2.56113126
Z001615      0.622498   0.4663   0.92543285   0.000000   0.68349303   0.24193982   0.000000   0.73856577   2.56126148
Z001616      1.177658   0.4666   0.92552183   0.000000   0.68357661   0.24194522   0.000000   0.73858508   2.56150772
Z001617      0.445549   0.4669   0.92555548   0.000000   0.68360822   0.24194725   0.000000   0.73859238   2.56160085
Z001618      1.320473   0.4672   0.92565516   0.000000   0.68370187   0.24195329   0.000000   0.73861401   2.56187674
Z001619      1.024758   0.4675   0.92573248   0.000000   0.68377450   0.24195798   0.000000   0.73863078   2.56209072
Z001620      0.859229   0.4678   0.92579727   0.000000   0.68383537   0.24196190   0.000000   0.73864483   2.56227006
Z001621      2.084716   0.4681   0.92595438   0.000000   0.68398297   0.24197142   0.000000   0.73867890   2.56270488
Z001622      0.576879   0.4684   0.92599783   0.000000   0.68402379   0.24197405   0.000000   0.73868832   2.56282513
Z001623      0.912171   0.4687   0.92606651   0.000000   0.68408830   0.24197820   0.000000   0.73870321   2.56301520
Z001624      1.110465   0.4689   0.92615007   0.000000   0.68416681   0.24198326   0.000000   0.73872133   2.56324647
Z001625      1.393453   0.4692   0.92625487   0.000000   0.68426527   0.24198960   0.000000   0.73874404   2.56353652
Z001626      0.822343   0.4695   0.92631668   0.000000   0.68432334   0.24199334   0.000000   0.73875744   2.56370760
Z001627      0.896247   0.4698   0.92638403   0.000000   0.68438661   0.24199742   0.000000   0.73877203   2.56389398
Z001628      0.837782   0.4701   0.92644695   0.000000   0.68444573   0.24200122   0.000000   0.73878567   2.56406813
Z001629      1.235134   0.4704   0.92653967   0.000000   0.68453284   0.24200683   0.000000   0.73880575   2.56432475
Z001630      1.773589   0.4707   0.92667272   0.000000   0.68465784   0.24201488   0.000000   0.73883457   2.56469298
Z001631      0.878891   0.4710   0.92673861   0.000000   0.68471975   0.24201886   0.000000   0.73884884   2.56487534
Z001632      1.026326   0.4713   0.92681552   0.000000   0.68479201   0.24202351   0.000000   0.73886550   2.56508820
Z001633      1.142031   0.4715   0.92690106   0.000000   0.68487238   0.24202868   0.000000   0.73888402   2.56532493
Z001634      0.446385   0.4718   0.92693448   0.000000   0.68490378   0.24203070   0.000000   0.73889125   2.56541743
Z001635      1.016926   0.4721   0.92701059   0.000000   0.68497529   0.24203530   0.000000   0.73890773   2.56562808
Z001636      1.776579   0.4724   0.92714347   0.000000   0.68510014   0.24204333   0.000000   0.73893649   2.56599584
Z001637      0.653790   0.4727   0.92719234   0.000000   0.68514606   0.24204628   0.000000   0.73894707   2.56613111
Z001638      1.149022   0.4730   0.92727820   0.000000   0.68522673   0.24205147   0.000000   0.73896564   2.56636873
Z001639      1.525519   0.4733   0.92739212   0.000000   0.68533377   0.24205835   0.000000   0.73899029   2.56668401
Z001640      0.717895   0.4736   0.92744570   0.000000   0.68538412   0.24206158   0.000000   0.73900188   2.56683230
Z001641      1.356418   0.4739   0.92754689   0.000000   0.68547919   0.24206769   0.000000   0.73902377   2.56711235
Z001642      0.795839   0.4741   0.92760622   0.000000   0.68553495   0.24207127   0.000000   0.73903660   2.56727658
Z001643      1.136125   0.4744   0.92769090   0.000000   0.68561451   0.24207638   0.000000   0.73905491   2.56751092
Z001644      0.880573   0.4747   0.92775649   0.000000   0.68567615   0.24208034   0.000000   0.73906909   2.56769246
Z001645      0.542470   0.4750   0.92779689   0.000000   0.68571411   0.24208278   0.000000   0.73907783   2.56780427
Z001646      1.870819   0.4753   0.92793613   0.000000   0.68584495   0.24209118   0.000000   0.73910793   2.56818962
Z001647      1.568603   0.4756   0.92805278   0.000000   0.68595456   0.24209822   0.000000   0.73913314   2.56851247
Z001648      0.760673   0.4759   0.92810931   0.000000   0.68600769   0.24210163   0.000000   0.73914535   2.56866894
Z001649      0.645007   0.4762   0.92815724   0.000000   0.68605272   0.24210452   0.000000   0.73915571   2.56880158
Z001650      1.019401   0.4765   0.92823295   0.000000   0.68612387   0.24210908   0.000000   0.73917207   2.56901113
Z001651      1.520893   0.4767   0.92834584   0.000000   0.68622996   0.24211589   0.000000   0.73919645   2.56932357
Z001652      0.610416   0.4770   0.92839113   0.000000   0.68627251   0.24211862   0.000000   0.73920624   2.56944891
Z001653      1.120141   0.4773   0.92847420   0.000000   0.68635058   0.24212362   0.000000   0.73922418   2.56967882
Z001654      1.159473   0.4776   0.92856015   0.000000   0.68643134   0.24212880   0.000000   0.73924274   2.56991668
Z001655      1.366482   0.4779   0.92866137   0.000000   0.68652647   0.24213490   0.000000   0.73926459   2.57019684
Z001656      0.758790   0.4782   0.92871755   0.000000   0.68657927   0.24213829   0.000000   0.73927672   2.57035233
Z001657      1.866245   0.4785   0.92885565   0.000000   0.68670904   0.24214661   0.000000   0.73930653   2.57073453
Z001658      0.613341   0.4788   0.92890101   0.000000   0.68675167   0.24214934   0.000000   0.73931632   2.57086007
Z001659      0.621738   0.4791   0.92894698   0.000000   0.68679487   0.24215210   0.000000   0.73932624   2.57098729
Z001660      1.251660   0.4793   0.92903947   0.000000   0.68688180   0.24215767   0.000000   0.73934619   2.57124329
Z001661      0.671722   0.4796   0.92908909   0.000000   0.68692843   0.24216066   0.000000   0.73935690   2.57138061
Z001662      1.459381   0.4799   0.92919684   0.000000   0.68702969   0.24216715   0.000000   0.73938014   2.57167882
Z001663      1.461762   0.4802   0.92930469   0.000000   0.68713105   0.24217364   0.000000   0.73940341   2.57197731
Z001664      1.021583   0.4805   0.92938002   0.000000   0.68720185   0.24217817   0.000000   0.73941965   2.57218580
Z001665      1.024214   0.4808   0.92945551   0.000000   0.68727280   0.24218271   0.000000   0.73943593   2.57239472
Z001666      0.950776   0.4811   0.92952555   0.000000   0.68733863   0.24218693   0.000000   0.73945103   2.57258858
Z001667      0.839110   0.4814   0.92958734   0.000000   0.68739670   0.24219064   0.000000   0.73946435   2.57275959
Z001668      1.414950   0.4817   0.92969149   0.000000   0.68749458   0.24219690   0.000000   0.73948680   2.57304782
Z001669      0.942598   0.4819   0.92976082   0.000000   0.68755975   0.24220107   0.000000   0.73950174   2.57323972
Z001670      0.961717   0.4822   0.92983154   0.000000   0.68762621   0.24220533   0.000000   0.73951698   2.57343543
Z001671      0.492512   0.4825   0.92986774   0.000000   0.68766024   0.24220750   0.000000   0.73952478   2.57353563
Z001672      2.189495   0.4828   0.93002858   0.000000   0.68781141   0.24221717   0.000000   0.73955943   2.57398076
Z001673      1.197172   0.4831   0.93011645   0.000000   0.68789400   0.24222245   0.000000   0.73957836   2.57422397
Z001674      0.373213   0.4834   0.93014383   0.000000   0.68791974   0.24222409   0.000000   0.73958426   2.57429976
Z001675      1.523246   0.4837   0.93025555   0.000000   0.68802475   0.24223081   0.000000   0.73960832   2.57460895
Z001676      0.609287   0.4840   0.93030022   0.000000   0.68806673   0.24223349   0.000000   0.73961794   2.57473257
Z001677      0.854601   0.4843   0.93036284   0.000000   0.68812559   0.24223725   0.000000   0.73963142   2.57490590
Z001678      1.277334   0.4845   0.93045640   0.000000   0.68821353   0.24224287   0.000000   0.73965156   2.57516483
Z001679      1.216724   0.4848   0.93054547   0.000000   0.68829725   0.24224822   0.000000   0.73967074   2.57541134
Z001680      1.459099   0.4851   0.93065222   0.000000   0.68839759   0.24225463   0.000000   0.73969371   2.57570678
Z001681      0.735332   0.4854   0.93070599   0.000000   0.68844813   0.24225785   0.000000   0.73970528   2.57585559
Z001682      1.064757   0.4857   0.93078381   0.000000   0.68852129   0.24226252   0.000000   0.73972203   2.57607098
Z001683      1.227976   0.4860   0.93087352   0.000000   0.68860561   0.24226791   0.000000   0.73974133   2.57631926
Z001684      1.263133   0.4863   0.93096574   0.000000   0.68869230   0.24227344   0.000000   0.73976116   2.57657450
Z001685      0.757049   0.4866   0.93102099   0.000000   0.68874423   0.24227676   0.000000   0.73977305   2.57672740
Z001686      0.473416   0.4869   0.93105553   0.000000   0.68877670   0.24227883   0.000000   0.73978048   2.57682300
Z001687      1.604801   0.4871   0.93117255   0.000000   0.68888671   0.24228585   0.000000   0.73980564   2.57714688
Z001688      0.772607   0.4874   0.93122886   0.000000   0.68893964   0.24228922   0.000000   0.73981775   2.57730272
Z001689      1.862338   0.4877   0.93136451   0.000000   0.68906716   0.24229736   0.000000   0.73984691   2.57767815
Z001690      1.120163   0.4880   0.93144605   0.000000   0.68914381   0.24230224   0.000000   0.73986444   2.57790382
Z001691      0.712765   0.4883   0.93149791   0.000000   0.68919256   0.24230535   0.000000   0.73987558   2.57804734
Z001692      0.760307   0.4886   0.93155321   0.000000   0.68924454   0.24230867   0.000000   0.73988747   2.57820039
Z001693      0.938310   0.4889   0.93162143   0.000000   0.68930868   0.24231275   0.000000   0.73990212   2.57838920
Z001694      1.596290   0.4892   0.93173742   0.000000   0.68941772   0.24231970   0.000000   0.73992705   2.57871023
Z001695      0.684654   0.4895   0.93178715   0.000000   0.68946446   0.24232268   0.000000   0.73993773   2.57884785
Z001696      1.048753   0.4897   0.93186328   0.000000   0.68953604   0.24232724   0.000000   0.73995408   2.57905856
Z001697      1.404760   0.4900   0.93196521   0.000000   0.68963186   0.24233335   0.000000   0.73997597   2.57934065
Z001698      1.000158   0.4903   0.93203774   0.000000   0.68970004   0.24233769   0.000000   0.73999155   2.57954139
Z001699      1.484290   0.4906   0.93214531   0.000000   0.68980118   0.24234413   0.000000   0.74001464   2.57983911
Z001700      0.542769   0.4909   0.93218463   0.000000   0.68983814   0.24234649   0.000000   0.74002308   2.57994794
Z001701      1.428766   0.4912   0.93228809   0.000000   0.68993541   0.24235268   0.000000   0.74004529   2.58023427
Z001702      0.615453   0.4915   0.93233263   0.000000   0.68997729   0.24235534   0.000000   0.74005485   2.58035755
Z001703      1.048056   0.4918   0.93240846   0.000000   0.69004858   0.24235988   0.000000   0.74007112   2.58056741
Z001704      0.564932   0.4921   0.93244931   0.000000   0.69008699   0.24236233   0.000000   0.74007989   2.58068048
Z001705      2.361501   0.4923   0.93261999   0.000000   0.69024745   0.24237254   0.000000   0.74011651   2.58115285
Z001706      0.628911   0.4926   0.93266541   0.000000   0.69029016   0.24237525   0.000000   0.74012626   2.58127857
Z001707      1.091437   0.4929   0.93274421   0.000000   0.69036425   0.24237997   0.000000   0.74014316   2.58149665
Z001708      0.857959   0.4932   0.93280613   0.000000   0.69042246   0.24238367   0.000000   0.74015644   2.58166801
Z001709      1.316401   0.4935   0.93290108   0.000000   0.69051173   0.24238935   0.000000   0.74017680   2.58193080
Z001710      0.630579   0.4938   0.93294654   0.000000   0.69055448   0.24239206   0.000000   0.74018655   2.58205663
Z001711      1.351003   0.4941   0.93304390   0.000000   0.69064602   0.24239788   0.000000   0.74020742   2.58232609
Z001712      1.054271   0.4944   0.93311984   0.000000   0.69071742   0.24240242   0.000000   0.74022370   2.58253625
Z001713      0.642926   0.4947   0.93316613   0.000000   0.69076094   0.24240519   0.000000   0.74023362   2.58266436
Z001714      1.492627   0.4949   0.93327354   0.000000   0.69086194   0.24241160   0.000000   0.74025664   2.58296165
Z001715      1.356688   0.4952   0.93337111   0.000000   0.69095368   0.24241743   0.000000   0.74027755   2.58323168
Z001716      1.249669   0.4955   0.93346093   0.000000   0.69103813   0.24242280   0.000000   0.74029679   2.58348027
Z001717      0.870640   0.4958   0.93352348   0.000000   0.69109695   0.24242653   0.000000   0.74031019   2.58365338
Z001718      0.475810   0.4961   0.93355765   0.000000   0.69112908   0.24242857   0.000000   0.74031751   2.58374796
Z001719      1.172999   0.4964   0.93364186   0.000000   0.69120826   0.24243360   0.000000   0.74033555   2.58398103
Z001720      1.051632   0.4967   0.93371732   0.000000   0.69127922   0.24243811   0.000000   0.74035171   2.58418988
Z001721      1.278809   0.4970   0.93380904   0.000000   0.69136546   0.24244358   0.000000   0.74037135   2.58444371
Z001722      1.052343   0.4973   0.93388447   0.000000   0.69143639   0.24244808   0.000000   0.74038750   2.58465248
Z001723      1.784446   0.4975   0.93401230   0.000000   0.69155659   0.24245571   0.000000   0.74041486   2.58500626
Z001724      0.418453   0.4978   0.93404226   0.000000   0.69158476   0.24245750   0.000000   0.74042128   2.58508918
Z001725      0.722715   0.4981   0.93409399   0.000000   0.69163341   0.24246058   0.000000   0.74043235   2.58523236
Z001726      1.786873   0.4984   0.93422183   0.000000   0.69175362   0.24246821   0.000000   0.74045970   2.58558616
Z001727      0.768089   0.4987   0.93427675   0.000000   0.69180526   0.24247148   0.000000   0.74047145   2.58573816
Z001728      0.913495   0.4990   0.93434204   0.000000   0.69186666   0.24247538   0.000000   0.74048542   2.58591885
Z001729      0.724345   0.4993   0.93439379   0.000000   0.69191533   0.24247846   0.000000   0.74049649   2.58606208
Z001730      1.157385   0.4996   0.93447645   0.000000   0.69199305   0.24248339   0.000000   0.74051417   2.58629085
Z001731      1.770732   0.4999   0.93460282   0.000000   0.69211190   0.24249092   0.000000   0.74054120   2.58664061
Z001732      1.078463   0.5001   0.93467974   0.000000   0.69218423   0.24249551   0.000000   0.74055765   2.58685350
Z001733      0.947700   0.5004   0.93474730   0.000000   0.69224777   0.24249953   0.000000   0.74057210   2.58704049
Z001734      0.795368   0.5007   0.93480399   0.000000   0.69230107   0.24250291   0.000000   0.74058421   2.58719736
Z001735      1.094712   0.5010   0.93488197   0.000000   0.69237441   0.24250756   0.000000   0.74060088   2.58741318
Z001736      0.731728   0.5013   0.93493407   0.000000   0.69242341   0.24251066   0.000000   0.74061202   2.58755738
Z001737      1.226982   0.5016   0.93502140   0.000000   0.69250554   0.24251586   0.000000   0.74063068   2.58779907
Z001738      1.381156   0.5019   0.93511964   0.000000   0.69259793   0.24252171   0.000000   0.74065168   2.58807098
Z001739      1.012944   0.5022   0.93519166   0.000000   0.69266566   0.24252600   0.000000   0.74066706   2.58827029
Z001740      0.853466   0.5025   0.93525231   0.000000   0.69272270   0.24252961   0.000000   0.74068002   2.58843815
Z001741      1.514977   0.5027   0.93535991   0.000000   0.69282389   0.24253602   0.000000   0.74070300   2.58873595
Z001742      1.084994   0.5030   0.93543693   0.000000   0.69289633   0.24254060   0.000000   0.74071945   2.58894911
Z001743      0.752488   0.5033   0.93549032   0.000000   0.69294655   0.24254378   0.000000   0.74073085   2.58909689
Z001744      0.997033   0.5036   0.93556104   0.000000   0.69301306   0.24254798   0.000000   0.74074596   2.58929261
Z001745      1.194585   0.5039   0.93564573   0.000000   0.69309271   0.24255302   0.000000   0.74076404   2.58952700
Z001746      0.451272   0.5042   0.93567771   0.000000   0.69312279   0.24255492   0.000000   0.74077086   2.58961551
Z001747      1.347873   0.5045   0.93577319   0.000000   0.69321259   0.24256060   0.000000   0.74079125   2.58987977
Z001748      2.185767   0.5048   0.93592791   0.000000   0.69335811   0.24256980   0.000000   0.74082427   2.59030798
Z001749      0.220568   0.5051   0.93594352   0.000000   0.69337278   0.24257073   0.000000   0.74082760   2.59035116
Z001750      1.275875   0.5053   0.93603375   0.000000   0.69345765   0.24257610   0.000000   0.74084685   2.59060090
Z001751      0.798676   0.5056   0.93609021   0.000000   0.69351076   0.24257945   0.000000   0.74085889   2.59075715
Z001752      0.833114   0.5059   0.93614908   0.000000   0.69356613   0.24258295   0.000000   0.74087145   2.59092009
Z001753      1.883814   0.5062   0.93628212   0.000000   0.69369126   0.24259086   0.000000   0.74089983   2.59128829
Z001754      0.196832   0.5065   0.93629601   0.000000   0.69370433   0.24259168   0.000000   0.74090279   2.59132674
Z001755      1.065487   0.5068   0.93637120   0.000000   0.69377505   0.24259615   0.000000   0.74091883   2.59153484
Z001756      1.521819   0.5071   0.93647853   0.000000   0.69387601   0.24260253   0.000000   0.74094171   2.59183190
Z001757      1.155463   0.5074   0.93655998   0.000000   0.69395262   0.24260736   0.000000   0.74095908   2.59205731
Z001758      1.015995   0.5077   0.93663156   0.000000   0.69401995   0.24261161   0.000000   0.74097433   2.59225542
Z001759      1.372417   0.5079   0.93672820   0.000000   0.69411085   0.24261735   0.000000   0.74099493   2.59252289
Z001760      0.769805   0.5082   0.93678238   0.000000   0.69416181   0.24262057   0.000000   0.74100648   2.59267284
Z001761      1.014366   0.5085   0.93685375   0.000000   0.69422894   0.24262480   0.000000   0.74102169   2.59287036
Z001762      0.203875   0.5088   0.93686809   0.000000   0.69424243   0.24262566   0.000000   0.74102474   2.59291004
Z001763      1.798094   0.5091   0.93699450   0.000000   0.69436134   0.24263316   0.000000   0.74105167   2.59325991
Z001764      1.092046   0.5094   0.93707123   0.000000   0.69443352   0.24263771   0.000000   0.74106802   2.59347227
Z001765      1.616055   0.5097   0.93718471   0.000000   0.69454026   0.24264444   0.000000   0.74109219   2.59378633
Z001766      0.494674   0.5100   0.93721943   0.000000   0.69457292   0.24264650   0.000000   0.74109958   2.59388242
Z001767      1.347823   0.5103   0.93731398   0.000000   0.69466187   0.24265211   0.000000   0.74111972   2.59414412
Z001768      0.692105   0.5105   0.93736252   0.000000   0.69470753   0.24265499   0.000000   0.74113005   2.59427845
Z001769      1.407179   0.5108   0.93746115   0.000000   0.69480031   0.24266084   0.000000   0.74115105   2.59455143
Z001770      0.722733   0.5111   0.93751179   0.000000   0.69484795   0.24266384   0.000000   0.74116183   2.59469157
Z001771      1.298518   0.5114   0.93760272   0.000000   0.69493349   0.24266923   0.000000   0.74118118   2.59494324
Z001772      0.608755   0.5117   0.93764533   0.000000   0.69497358   0.24267176   0.000000   0.74119025   2.59506118
Z001773      1.112376   0.5120   0.93772317   0.000000   0.69504680   0.24267637   0.000000   0.74120681   2.59527660
Z001774      2.010653   0.5123   0.93786377   0.000000   0.69517907   0.24268470   0.000000   0.74123672   2.59566572
Z001775      0.933311   0.5126   0.93792899   0.000000   0.69524042   0.24268856   0.000000   0.74125060   2.59584622
Z001776      0.513314   0.5129   0.93796484   0.000000   0.69527416   0.24269069   0.000000   0.74125822   2.59594547
Z001777      0.981364   0.5131   0.93803338   0.000000   0.69533863   0.24269475   0.000000   0.74127280   2.59613514
Z001778      1.363414   0.5134   0.93812854   0.000000   0.69542816   0.24270038   0.000000   0.74129304   2.59639852
Z001779      0.485764   0.5137   0.93816244   0.000000   0.69546004   0.24270239   0.000000   0.74130025   2.59649233
Z001780      1.333892   0.5140   0.93825546   0.000000   0.69554756   0.24270790   0.000000   0.74132003   2.59674980
Z001781      1.365636   0.5143   0.93835065   0.000000   0.69563712   0.24271354   0.000000   0.74134026   2.59701324
Z001782      1.166231   0.5146   0.93843189   0.000000   0.69571355   0.24271834   0.000000   0.74135753   2.59723809
Z001783      0.927572   0.5149   0.93849648   0.000000   0.69577432   0.24272217   0.000000   0.74137126   2.59741685
Z001784      0.896345   0.5152   0.93855887   0.000000   0.69583301   0.24272586   0.000000   0.74138451   2.59758952
Z001785      1.532691   0.5155   0.93866550   0.000000   0.69593333   0.24273217   0.000000   0.74140717   2.59788461
Z001786      0.757435   0.5157   0.93871816   0.000000   0.69598288   0.24273528   0.000000   0.74141836   2.59803037
Z001787      0.905174   0.5160   0.93878108   0.000000   0.69604207   0.24273900   0.000000   0.74143172   2.59820450
Z001788      0.856205   0.5163   0.93884057   0.000000   0.69609804   0.24274252   0.000000   0.74144436   2.59836914
Z001789      0.831238   0.5166   0.93889830   0.000000   0.69615236   0.24274594   0.000000   0.74145662   2.59852893
Z001790      1.967244   0.5169   0.93903485   0.000000   0.69628084   0.24275401   0.000000   0.74148562   2.59890685
Z001791      0.791773   0.5172   0.93908977   0.000000   0.69633251   0.24275726   0.000000   0.74149728   2.59905886
Z001792      1.427173   0.5175   0.93918873   0.000000   0.69642562   0.24276311   0.000000   0.74151829   2.59933273
Z001793      0.883431   0.5178   0.93924995   0.000000   0.69648322   0.24276673   0.000000   0.74153129   2.59950217
Z001794      0.374125   0.5181   0.93927587   0.000000   0.69650761   0.24276826   0.000000   0.74153679   2.59957391
Z001795      1.239716   0.5183   0.93936173   0.000000   0.69658840   0.24277333   0.000000   0.74155501   2.59981154
Z001796      1.349214   0.5186   0.93945512   0.000000   0.69667627   0.24277885   0.000000   0.74157483   2.60007002
Z001797      1.272548   0.5189   0.93954316   0.000000   0.69675911   0.24278405   0.000000   0.74159351   2.60031367
Z001798      0.220715   0.5192   0.93955842   0.000000   0.69677347   0.24278495   0.000000   0.74159675   2.60035591
Z001799      1.840642   0.5195   0.93968566   0.000000   0.69689319   0.24279247   0.000000   0.74162374   2.60070806
Z001800      1.009657   0.5198   0.93975541   0.000000   0.69695882   0.24279659   0.000000   0.74163853   2.60090110
Z001801      1.203218   0.5201   0.93983849   0.000000   0.69703700   0.24280149   0.000000   0.74165615   2.60113104
Z001802      1.009376   0.5204   0.93990816   0.000000   0.69710255   0.24280560   0.000000   0.74167093   2.60132385
Z001803      0.837820   0.5207   0.93996596   0.000000   0.69715694   0.24280902   0.000000   0.74168318   2.60148382
Z001804      0.854731   0.5209   0.94002490   0.000000   0.69721241   0.24281249   0.000000   0.74169568   2.60164696
Z001805      1.160074   0.5212   0.94010487   0.000000   0.69728766   0.24281721   0.000000   0.74171263   2.60186829
Z001806      0.560764   0.5215   0.94014351   0.000000   0.69732402   0.24281949   0.000000   0.74172082   2.60197523
Z001807      2.116874   0.5218   0.94028930   0.000000   0.69746121   0.24282809   0.000000   0.74175172   2.60237872
Z001808      1.142918   0.5221   0.94036796   0.000000   0.69753522   0.24283273   0.000000   0.74176839   2.60259641
Z001809      0.498446   0.5224   0.94040225   0.000000   0.69756749   0.24283476   0.000000   0.74177565   2.60269131
Z001810      0.931822   0.5227   0.94046633   0.000000   0.69762780   0.24283854   0.000000   0.74178923   2.60286868
Z001811      1.428273   0.5230   0.94056451   0.000000   0.69772019   0.24284432   0.000000   0.74181003   2.60314040
Z001812      0.913040   0.5233   0.94062724   0.000000   0.69777922   0.24284802   0.000000   0.74182332   2.60331402
Z001813      0.889037   0.5235   0.94068830   0.000000   0.69783668   0.24285162   0.000000   0.74183625   2.60348300
Z001814      0.974503   0.5238   0.94075520   0.000000   0.69789963   0.24285557   0.000000   0.74185041   2.60366816
Z001815      1.262488   0.5241   0.94084183   0.000000   0.69798116   0.24286067   0.000000   0.74186876   2.60390791
Z001816      0.861008   0.5244   0.94090088   0.000000   0.69803673   0.24286415   0.000000   0.74188126   2.60407135
Z001817      1.863101   0.5247   0.94102859   0.000000   0.69815691   0.24287168   0.000000   0.74190829   2.60442480
Z001818      0.721642   0.5250   0.94107803   0.000000   0.69820344   0.24287459   0.000000   0.74191876   2.60456162
Z001819      0.978181   0.5253   0.94114502   0.000000   0.69826648   0.24287853   0.000000   0.74193293   2.60474702
Z001820      1.044641   0.5256   0.94121652   0.000000   0.69833378   0.24288274   0.000000   0.74194807   2.60494493
Z001821      0.345919   0.5259   0.94124020   0.000000   0.69835606   0.24288414   0.000000   0.74195307   2.60501045
Z001822      1.473840   0.5261   0.94134101   0.000000   0.69845094   0.24289008   0.000000   0.74197441   2.60528948
Z001823      1.258019   0.5264   0.94142702   0.000000   0.69853188   0.24289514   0.000000   0.74199260   2.60552751
Z001824      1.070848   0.5267   0.94150019   0.000000   0.69860075   0.24289945   0.000000   0.74200808   2.60573002
Z001825      1.307387   0.5270   0.94158948   0.000000   0.69868478   0.24290470   0.000000   0.74202696   2.60597714
Z001826      0.929598   0.5273   0.94165294   0.000000   0.69874450   0.24290844   0.000000   0.74204038   2.60615277
Z001827      1.045058   0.5276   0.94172425   0.000000   0.69881162   0.24291263   0.000000   0.74205546   2.60635013
Z001828      0.733098   0.5279   0.94177425   0.000000   0.69885868   0.24291557   0.000000   0.74206603   2.60648852
Z001829      1.810849   0.5282   0.94189770   0.000000   0.69897487   0.24292283   0.000000   0.74209212   2.60683018
Z001830      0.335441   0.5285   0.94192056   0.000000   0.69899638   0.24292418   0.000000   0.74209696   2.60689344
Z001831      0.753883   0.5287   0.94197192   0.000000   0.69904472   0.24292720   0.000000   0.74210781   2.60703558
Z001832      1.140693   0.5290   0.94204959   0.000000   0.69911783   0.24293177   0.000000   0.74212423   2.60725056
Z001833      1.853954   0.5293   0.94217576   0.000000   0.69923657   0.24293919   0.000000   0.74215089   2.60759975
Z001834      1.211043   0.5296   0.94225812   0.000000   0.69931409   0.24294403   0.000000   0.74216829   2.60782769
Z001835      0.497869   0.5299   0.94229197   0.000000   0.69934595   0.24294602   0.000000   0.74217544   2.60792137
Z001836      1.329445   0.5302   0.94238231   0.000000   0.69943099   0.24295133   0.000000   0.74219452   2.60817141
Z001837      0.605117   0.5305   0.94242342   0.000000   0.69946968   0.24295374   0.000000   0.74220320   2.60828518
Z001838      1.052057   0.5308   0.94249486   0.000000   0.69953692   0.24295794   0.000000   0.74221829   2.60848290
Z001839      1.259267   0.5311   0.94258033   0.000000   0.69961737   0.24296296   0.000000   0.74223633   2.60871944
Z001840      0.893636   0.5313   0.94264095   0.000000   0.69967443   0.24296652   0.000000   0.74224913   2.60888723
Z001841      1.470135   0.5316   0.94274064   0.000000   0.69976826   0.24297238   0.000000   0.74227018   2.60916312
Z001842      0.909169   0.5319   0.94280225   0.000000   0.69982626   0.24297600   0.000000   0.74228318   2.60933365
Z001843      0.886631   0.5322   0.94286232   0.000000   0.69988280   0.24297952   0.000000   0.74229586   2.60949989
Z001844      1.724993   0.5325   0.94297911   0.000000   0.69999274   0.24298638   0.000000   0.74232051   2.60982314
Z001845      0.740655   0.5328   0.94302924   0.000000   0.70003992   0.24298932   0.000000   0.74233108   2.60996186
Z001846      0.555169   0.5331   0.94306680   0.000000   0.70007527   0.24299153   0.000000   0.74233901   2.61006581
Z001847      1.161266   0.5334   0.94314533   0.000000   0.70014920   0.24299614   0.000000   0.74235558   2.61028317
Z001848      1.038945   0.5337   0.94321556   0.000000   0.70021531   0.24300026   0.000000   0.74237039   2.61047755
Z001849      0.859733   0.5339   0.94327366   0.000000   0.70026999   0.24300367   0.000000   0.74238264   2.61063833
Z001850      1.797502   0.5342   0.94339505   0.000000   0.70038426   0.24301079   0.000000   0.74240824   2.61097429
Z001851      1.296389   0.5345   0.94348254   0.000000   0.70046662   0.24301592   0.000000   0.74242669   2.61121643
Z001852      0.530154   0.5348   0.94351830   0.000000   0.70050029   0.24301802   0.000000   0.74243423   2.61131542
Z001853      0.879426   0.5351   0.94357761   0.000000   0.70055612   0.24302149   0.000000   0.74244674   2.61147957
Z001854      1.028257   0.5354   0.94364693   0.000000   0.70062137   0.24302556   0.000000   0.74246135   2.61167142
Z001855      1.375776   0.5357   0.94373963   0.000000   0.70070864   0.24303099   0.000000   0.74248089   2.61192798
Z001856      0.777300   0.5360   0.94379198   0.000000   0.70075792   0.24303406   0.000000   0.74249192   2.61207287
Z001857      1.255558   0.5363   0.94387651   0.000000   0.70083749   0.24303902   0.000000   0.74250973   2.61230681
Z001858      0.440339   0.5366   0.94390614   0.000000   0.70086539   0.24304075   0.000000   0.74251597   2.61238882
Z001859      2.057705   0.5368   0.94404455   0.000000   0.70099568   0.24304886   0.000000   0.74254513   2.61277187
Z001860      0.708482   0.5371   0.94409217   0.000000   0.70104052   0.24305165   0.000000   0.74255516   2.61290368
Z001861      1.262876   0.5374   0.94417703   0.000000   0.70112041   0.24305662   0.000000   0.74257304   2.61313854
Z001862      0.872813   0.5377   0.94423565   0.000000   0.70117559   0.24306006   0.000000   0.74258538   2.61330078
Z001863      1.007358   0.5380   0.94430328   0.000000   0.70123926   0.24306402   0.000000   0.74259962   2.61348796
Z001864      0.837390   0.5383   0.94435948   0.000000   0.70129217   0.24306731   0.000000   0.74261146   2.61364349
Z001865      0.502209   0.5386   0.94439317   0.000000   0.70132389   0.24306928   0.000000   0.74261855   2.61373675
Z001866      2.003883   0.5389   0.94452755   0.000000   0.70145040   0.24307715   0.000000   0.74264684   2.61410864
Z001867      1.099736   0.5392   0.94460124   0.000000   0.70151978   0.24308146   0.000000   0.74266235   2.61431261
Z001868      0.811496   0.5394   0.94465560   0.000000   0.70157096   0.24308465   0.000000   0.74267379   2.61446305
Z001869      1.399944   0.5397   0.94474934   0.000000   0.70165920   0.24309013   0.000000   0.74269351   2.61472247
Z001870      0.457554   0.5400   0.94477996   0.000000   0.70168804   0.24309192   0.000000   0.74269996   2.61480723
Z001871      1.513541   0.5403   0.94488122   0.000000   0.70178337   0.24309785   0.000000   0.74272126   2.61508747
Z001872      0.819154   0.5406   0.94493599   0.000000   0.70183494   0.24310105   0.000000   0.74273278   2.61523907
Z001873      0.954466   0.5409   0.94499979   0.000000   0.70189501   0.24310478   0.000000   0.74274620   2.61541564
Z001874      1.030707   0.5412   0.94506866   0.000000   0.70195985   0.24310881   0.000000   0.74276069   2.61560624
Z001875      0.825183   0.5415   0.94512377   0.000000   0.70201174   0.24311203   0.000000   0.74277228   2.61575877
Z001876      1.609058   0.5418   0.94523118   0.000000   0.70211287   0.24311832   0.000000   0.74279486   2.61605605
Z001877      1.465865   0.5420   0.94532898   0.000000   0.70220494   0.24312403   0.000000   0.74281542   2.61632670
Z001878      0.868147   0.5423   0.94538686   0.000000   0.70225945   0.24312742   0.000000   0.74282759   2.61648691
Z001879      0.514484   0.5426   0.94542116   0.000000   0.70229174   0.24312942   0.000000   0.74283480   2.61658183
Z001880      0.934639   0.5429   0.94548344   0.000000   0.70235038   0.24313306   0.000000   0.74284789   2.61675421
Z001881      1.207780   0.5432   0.94556389   0.000000   0.70242613   0.24313776   0.000000   0.74286480   2.61697687
Z001882      1.304562   0.5435   0.94565074   0.000000   0.70250791   0.24314284   0.000000   0.74288305   2.61721724
Z001883      0.494432   0.5438   0.94568365   0.000000   0.70253889   0.24314476   0.000000   0.74288996   2.61730831
Z001884      1.875611   0.5441   0.94580841   0.000000   0.70265636   0.24315205   0.000000   0.74291617   2.61765360
Z001885      0.854775   0.5444   0.94586523   0.000000   0.70270987   0.24315536   0.000000   0.74292811   2.61781087
Z001886      0.784802   0.5446   0.94591739   0.000000   0.70275898   0.24315841   0.000000   0.74293906   2.61795522
Z001887      1.333709   0.5449   0.94600598   0.000000   0.70284240   0.24316358   0.000000   0.74295767   2.61820041
Z001888      1.187765   0.5452   0.94608484   0.000000   0.70291666   0.24316819   0.000000   0.74297423   2.61841867
Z001889      0.766668   0.5455   0.94613572   0.000000   0.70296457   0.24317116   0.000000   0.74298491   2.61855948
Z001890      0.875522   0.5458   0.94619381   0.000000   0.70301926   0.24317455   0.000000   0.74299711   2.61872024
Z001891      0.718524   0.5461   0.94624146   0.000000   0.70306413   0.24317733   0.000000   0.74300711   2.61885212
Z001892      1.330642   0.5464   0.94632967   0.000000   0.70314719   0.24318248   0.000000   0.74302562   2.61909626
Z001893      1.935800   0.5467   0.94645791   0.000000   0.70326795   0.24318996   0.000000   0.74305254   2.61945118
Z001894      0.556517   0.5470   0.94649476   0.000000   0.70330265   0.24319211   0.000000   0.74306027   2.61955317
Z001895      0.946278   0.5472   0.94655739   0.000000   0.70336163   0.24319576   0.000000   0.74307341   2.61972652
Z001896      1.332395   0.5475   0.94664555   0.000000   0.70344464   0.24320090   0.000000   0.74309191   2.61997049
Z001897      0.478862   0.5478   0.94667722   0.000000   0.70347447   0.24320275   0.000000   0.74309855   2.62005814
Z001898      0.983059   0.5481   0.94674221   0.000000   0.70353567   0.24320654   0.000000   0.74311218   2.62023803
Z001899      1.725592   0.5484   0.94685624   0.000000   0.70364305   0.24321319   0.000000   0.74313610   2.62055360
Z001900      0.440100   0.5487   0.94688530   0.000000   0.70367042   0.24321488   0.000000   0.74314220   2.62063405
Z001901      1.244591   0.5490   0.94696748   0.000000   0.70374781   0.24321967   0.000000   0.74315943   2.62086148
Z001902      1.096742   0.5493   0.94703986   0.000000   0.70381597   0.24322389   0.000000   0.74317460   2.62106180
Z001903      1.753187   0.5496   0.94715549   0.000000   0.70392486   0.24323063   0.000000   0.74319884   2.62138182
Z001904      0.403757   0.5498   0.94718211   0.000000   0.70394993   0.24323218   0.000000   0.74320442   2.62145549
Z001905      1.197014   0.5501   0.94726099   0.000000   0.70402422   0.24323677   0.000000   0.74322096   2.62167382
Z001906      0.957161   0.5504   0.94732404   0.000000   0.70408360   0.24324045   0.000000   0.74323417   2.62184833
Z001907      0.744033   0.5507   0.94737304   0.000000   0.70412974   0.24324330   0.000000   0.74324444   2.62198393
Z001908      0.951356   0.5510   0.94743567   0.000000   0.70418872   0.24324695   0.000000   0.74325756   2.62215725
Z001909      1.278474   0.5513   0.94751979   0.000000   0.70426794   0.24325184   0.000000   0.74327518   2.62239007
Z001910      1.635027   0.5516   0.94762730   0.000000   0.70436920   0.24325810   0.000000   0.74329770   2.62268763
Z001911      1.009141   0.5519   0.94769362   0.000000   0.70443166   0.24326196   0.000000   0.74331159   2.62287119
Z001912      0.844145   0.5522   0.94774908   0.000000   0.70448389   0.24326519   0.000000   0.74332321   2.62302467
Z001913      0.507917   0.5524   0.94778244   0.000000   0.70451531   0.24326713   0.000000   0.74333019   2.62311700
Z001914      1.620613   0.5527   0.94788883   0.000000   0.70461551   0.24327333   0.000000   0.74335247   2.62341145
Z001915      1.068677   0.5530   0.94795895   0.000000   0.70468155   0.24327741   0.000000   0.74336715   2.62360552
Z001916      0.713627   0.5533   0.94800576   0.000000   0.70472563   0.24328013   0.000000   0.74337695   2.62373506
Z001917      0.733833   0.5536   0.94805387   0.000000   0.70477095   0.24328293   0.000000   0.74338702   2.62386823
Z001918      1.544699   0.5539   0.94815511   0.000000   0.70486630   0.24328882   0.000000   0.74340821   2.62414842
Z001919      1.080217   0.5542   0.94822587   0.000000   0.70493294   0.24329293   0.000000   0.74342302   2.62434425
Z001920      1.345322   0.5545   0.94831395   0.000000   0.70501590   0.24329805   0.000000   0.74344145   2.62458802
Z001921      1.116434   0.5548   0.94838701   0.000000   0.70508471   0.24330230   0.000000   0.74345673   2.62479022
Z001922      0.978328   0.5550   0.94845100   0.000000   0.70514498   0.24330602   0.000000   0.74347012   2.62496732
Z001923      0.210976   0.5553   0.94846479   0.000000   0.70515797   0.24330682   0.000000   0.74347301   2.62500551
Z001924      1.432021   0.5556   0.94855841   0.000000   0.70524614   0.24331226   0.000000   0.74349259   2.62526459
Z001925      0.842706   0.5559   0.94861347   0.000000   0.70529801   0.24331546   0.000000   0.74350410   2.62541699
Z001926      1.602476   0.5562   0.94871812   0.000000   0.70539658   0.24332154   0.000000   0.74352599   2.62570663
Z001927      0.877715   0.5565   0.94877542   0.000000   0.70545054   0.24332487   0.000000   0.74353797   2.62586520
Z001928      1.255336   0.5568   0.94885732   0.000000   0.70552769   0.24332963   0.000000   0.74355509   2.62609188
Z001929      0.899033   0.5571   0.94891595   0.000000   0.70558292   0.24333304   0.000000   0.74356735   2.62625416
Z001930      1.103676   0.5574   0.94898790   0.000000   0.70565069   0.24333721   0.000000   0.74358239   2.62645329
Z001931      1.103724   0.5576   0.94905982   0.000000   0.70571843   0.24334139   0.000000   0.74359742   2.62665233
Z001932      0.741876   0.5579   0.94910815   0.000000   0.70576395   0.24334420   0.000000   0.74360752   2.62678608
Z001933      1.378945   0.5582   0.94919793   0.000000   0.70584852   0.24334941   0.000000   0.74362628   2.62703456
Z001934      0.590571   0.5585   0.94923636   0.000000   0.70588472   0.24335164   0.000000   0.74363431   2.62714093
Z001935      0.653571   0.5588   0.94927889   0.000000   0.70592478   0.24335411   0.000000   0.74364319   2.62725862
Z001936      2.589789   0.5591   0.94944728   0.000000   0.70608340   0.24336388   0.000000   0.74367836   2.62772468
Z001937      0.242720   0.5594   0.94946306   0.000000   0.70609826   0.24336480   0.000000   0.74368166   2.62776833
Z001938      1.272619   0.5597   0.94954573   0.000000   0.70617614   0.24336959   0.000000   0.74369892   2.62799715
Z001939      0.678058   0.5600   0.94958976   0.000000   0.70621762   0.24337215   0.000000   0.74370812   2.62811901
Z001940      1.101657   0.5602   0.94966128   0.000000   0.70628498   0.24337629   0.000000   0.74372305   2.62831694
Z001941      0.974120   0.5605   0.94972449   0.000000   0.70634453   0.24337996   0.000000   0.74373625   2.62849188
Z001942      1.043076   0.5608   0.94979214   0.000000   0.70640826   0.24338388   0.000000   0.74375037   2.62867912
Z001943      1.181727   0.5611   0.94986876   0.000000   0.70648043   0.24338833   0.000000   0.74376636   2.62889116
Z001944      1.032263   0.5614   0.94993565   0.000000   0.70654344   0.24339220   0.000000   0.74378032   2.62907630
Z001945      1.393447   0.5617   0.95002590   0.000000   0.70662847   0.24339744   0.000000   0.74379916   2.62932609
Z001946      0.638801   0.5620   0.95006726   0.000000   0.70666743   0.24339983   0.000000   0.74380779   2.62944055
Z001947      1.466780   0.5623   0.95016219   0.000000   0.70675685   0.24340534   0.000000   0.74382759   2.62970327
Z001948      1.188716   0.5626   0.95023907   0.000000   0.70682928   0.24340979   0.000000   0.74384363   2.62991607
Z001949      0.529333   0.5628   0.95027330   0.000000   0.70686153   0.24341177   0.000000   0.74385077   2.63001079
Z001950      0.732666   0.5631   0.95032066   0.000000   0.70690614   0.24341452   0.000000   0.74386065   2.63014187
Z001951      1.105372   0.5634   0.95039209   0.000000   0.70697343   0.24341866   0.000000   0.74387555   2.63033955
Z001952      1.358149   0.5637   0.95047980   0.000000   0.70705607   0.24342374   0.000000   0.74389384   2.63058232
Z001953      1.255281   0.5640   0.95056083   0.000000   0.70713241   0.24342843   0.000000   0.74391073   2.63080658
Z001954      1.457764   0.5643   0.95065488   0.000000   0.70722101   0.24343387   0.000000   0.74393034   2.63106688
Z001955      0.545956   0.5646   0.95069009   0.000000   0.70725418   0.24343591   0.000000   0.74393768   2.63116432
Z001956      1.149448   0.5649   0.95076419   0.000000   0.70732399   0.24344020   0.000000   0.74395312   2.63136941
Z001957      0.445221   0.5652   0.95079289   0.000000   0.70735102   0.24344186   0.000000   0.74395910   2.63144882
Z001958      1.757813   0.5654   0.95090612   0.000000   0.70745770   0.24344842   0.000000   0.74398270   2.63176221
Z001959      0.797120   0.5657   0.95095744   0.000000   0.70750606   0.24345139   0.000000   0.74399339   2.63190425
Z001960      0.770707   0.5660   0.95100705   0.000000   0.70755279   0.24345426   0.000000   0.74400373   2.63204154
Z001961      1.130725   0.5663   0.95107980   0.000000   0.70762133   0.24345847   0.000000   0.74401889   2.63224289
Z001962      1.301504   0.5666   0.95116350   0.000000   0.70770019   0.24346331   0.000000   0.74403632   2.63247453
Z001963      1.482401   0.5669   0.95125877   0.000000   0.70778995   0.24346882   0.000000   0.74405616   2.63273822
Z001964      0.993099   0.5672   0.95132257   0.000000   0.70785006   0.24347251   0.000000   0.74406945   2.63291479
Z001965      0.382744   0.5675   0.95134715   0.000000   0.70787322   0.24347393   0.000000   0.74407457   2.63298282
Z001966      1.579754   0.5678   0.95144856   0.000000   0.70796877   0.24347979   0.000000   0.74409568   2.63326350
Z001967      0.456255   0.5680   0.95147784   0.000000   0.70799635   0.24348149   0.000000   0.74410178   2.63334453
Z001968      0.923160   0.5683   0.95153707   0.000000   0.70805215   0.24348491   0.000000   0.74411411   2.63350844
Z001969      1.326644   0.5686   0.95162213   0.000000   0.70813231   0.24348983   0.000000   0.74413181   2.63374388
Z001970      1.819827   0.5689   0.95173875   0.000000   0.70824218   0.24349657   0.000000   0.74415609   2.63406663
Z001971      0.584352   0.5692   0.95177618   0.000000   0.70827745   0.24349873   0.000000   0.74416387   2.63417022
Z001972      0.698030   0.5695   0.95182088   0.000000   0.70831957   0.24350131   0.000000   0.74417318   2.63429393
Z001973      1.548216   0.5698   0.95191998   0.000000   0.70841294   0.24350704   0.000000   0.74419379   2.63456819
Z001974      0.779995   0.5701   0.95196988   0.000000   0.70845996   0.24350992   0.000000   0.74420417   2.63470630
Z001975      1.147326   0.5704   0.95204325   0.000000   0.70852909   0.24351416   0.000000   0.74421944   2.63490937
Z001976      0.789933   0.5706   0.95209375   0.000000   0.70857667   0.24351708   0.000000   0.74422994   2.63504913
Z001977      1.054426   0.5709   0.95216113   0.000000   0.70864016   0.24352097   0.000000   0.74424395   2.63523561
Z001978      0.801958   0.5712   0.95221236   0.000000   0.70868843   0.24352392   0.000000   0.74425461   2.63537740
Z001979      1.581822   0.5715   0.95231335   0.000000   0.70878360   0.24352975   0.000000   0.74427561   2.63565692
Z001980      1.376882   0.5718   0.95240121   0.000000   0.70886639   0.24353483   0.000000   0.74429387   2.63590008
Z001981      0.980663   0.5721   0.95246376   0.000000   0.70892532   0.24353844   0.000000   0.74430687   2.63607319
Z001982      0.638496   0.5724   0.95250447   0.000000   0.70896368   0.24354079   0.000000   0.74431534   2.63618586
Z001983      1.163129   0.5727   0.95257860   0.000000   0.70903354   0.24354506   0.000000   0.74433074   2.63639104
Z001984      0.321509   0.5730   0.95259909   0.000000   0.70905284   0.24354625   0.000000   0.74433500   2.63644773
Z001985      1.892069   0.5732   0.95271959   0.000000   0.70916640   0.24355320   0.000000   0.74436004   2.63678125
Z001986      0.702344   0.5735   0.95276430   0.000000   0.70920853   0.24355578   0.000000   0.74436933   2.63690499
Z001987      1.013358   0.5738   0.95282879   0.000000   0.70926929   0.24355950   0.000000   0.74438273   2.63708346
Z001988      1.607483   0.5741   0.95293103   0.000000   0.70936563   0.24356539   0.000000   0.74440397   2.63736641
Z001989      0.823706   0.5744   0.95298339   0.000000   0.70941498   0.24356841   0.000000   0.74441484   2.63751134
Z001990      0.763219   0.5747   0.95303189   0.000000   0.70946069   0.24357121   0.000000   0.74442491   2.63764558
Z001991      1.533199   0.5750   0.95312928   0.000000   0.70955246   0.24357682   0.000000   0.74444514   2.63791512
Z001992      0.846534   0.5753   0.95318303   0.000000   0.70960311   0.24357992   0.000000   0.74445630   2.63806387
Z001993      0.719154   0.5756   0.95322868   0.000000   0.70964613   0.24358255   0.000000   0.74446578   2.63819020
Z001994      0.895007   0.5758   0.95328547   0.000000   0.70969964   0.24358582   0.000000   0.74447757   2.63834737
Z001995      0.886951   0.5761   0.95334172   0.000000   0.70975266   0.24358906   0.000000   0.74448924   2.63850307
Z001996      2.007192   0.5764   0.95346896   0.000000   0.70987257   0.24359640   0.000000   0.74451565   2.63885523
Z001997      0.878031   0.5767   0.95352459   0.000000   0.70992499   0.24359960   0.000000   0.74452720   2.63900918
Z001998      1.041296   0.5770   0.95359054   0.000000   0.70998714   0.24360340   0.000000   0.74454088   2.63919170
Z001999      0.680342   0.5773   0.95363361   0.000000   0.71002773   0.24360588   0.000000   0.74454982   2.63931091
Z002000      1.026624   0.5776   0.95369858   0.000000   0.71008896   0.24360962   0.000000   0.74456330   2.63949073
Z002001      1.284566   0.5779   0.95377984   0.000000   0.71016554   0.24361430   0.000000   0.74458015   2.63971563
Z002002      0.575883   0.5782   0.95381626   0.000000   0.71019986   0.24361640   0.000000   0.74458771   2.63981641
Z002003      1.405920   0.5784   0.95390513   0.000000   0.71028362   0.24362151   0.000000   0.74460614   2.64006237
Z002004      1.081401   0.5787   0.95397345   0.000000   0.71034801   0.24362544   0.000000   0.74462031   2.64025146
Z002005      0.768071   0.5790   0.95402196   0.000000   0.71039372   0.24362824   0.000000   0.74463037   2.64038572
Z002006      1.482852   0.5793   0.95411557   0.000000   0.71048194   0.24363362   0.000000   0.74464978   2.64064479
Z002007      1.378305   0.5796   0.95420253   0.000000   0.71056390   0.24363863   0.000000   0.74466780   2.64088547
Z002008      0.703576   0.5799   0.95424690   0.000000   0.71060572   0.24364118   0.000000   0.74467700   2.64100827
Z002009      0.674990   0.5802   0.95428946   0.000000   0.71064583   0.24364363   0.000000   0.74468582   2.64112606
Z002010      1.045948   0.5805   0.95435538   0.000000   0.71070796   0.24364742   0.000000   0.74469949   2.64130851
Z002011      1.180817   0.5808   0.95442977   0.000000   0.71077807   0.24365170   0.000000   0.74471490   2.64151440
Z002012      0.549981   0.5810   0.95446441   0.000000   0.71081072   0.24365369   0.000000   0.74472208   2.64161026
Z002013      1.959252   0.5813   0.95458774   0.000000   0.71092696   0.24366078   0.000000   0.74474763   2.64195159
Z002014      0.895629   0.5816   0.95464408   0.000000   0.71098006   0.24366402   0.000000   0.74475930   2.64210753
Z002015      1.270289   0.5819   0.95472397   0.000000   0.71105535   0.24366861   0.000000   0.74477585   2.64232862
Z002016      0.425423   0.5822   0.95475071   0.000000   0.71108056   0.24367015   0.000000   0.74478139   2.64240263
Z002017      1.097933   0.5825   0.95481971   0.000000   0.71114559   0.24367411   0.000000   0.74479568   2.64259360
Z002018      1.341297   0.5828   0.95490396   0.000000   0.71122500   0.24367896   0.000000   0.74481313   2.64282678
Z002019      1.097272   0.5831   0.95497285   0.000000   0.71128994   0.24368291   0.000000   0.74482739   2.64301744
Z002020      0.585999   0.5834   0.95500963   0.000000   0.71132460   0.24368503   0.000000   0.74483501   2.64311923
Z002021      0.775600   0.5836   0.95505830   0.000000   0.71137047   0.24368782   0.000000   0.74484508   2.64325392
Z002022      1.692342   0.5839   0.95516443   0.000000   0.71147051   0.24369392   0.000000   0.74486705   2.64354767
Z002023      1.438580   0.5842   0.95525460   0.000000   0.71155550   0.24369910   0.000000   0.74488571   2.64379722
Z002024      0.533255   0.5845   0.95528801   0.000000   0.71158699   0.24370102   0.000000   0.74489263   2.64388969
Z002025      1.467067   0.5848   0.95537989   0.000000   0.71167360   0.24370629   0.000000   0.74491164   2.64414398
Z002026      0.688921   0.5851   0.95542302   0.000000   0.71171425   0.24370877   0.000000   0.74492056   2.64426334
Z002027      0.656305   0.5854   0.95546409   0.000000   0.71175297   0.24371112   0.000000   0.74492906   2.64437702
Z002028      0.946999   0.5857   0.95552334   0.000000   0.71180882   0.24371453   0.000000   0.74494132   2.64454100
Z002029      1.587064   0.5860   0.95562259   0.000000   0.71190237   0.24372022   0.000000   0.74496184   2.64481568
Z002030      0.883124   0.5862   0.95567779   0.000000   0.71195440   0.24372339   0.000000   0.74497326   2.64496845
Z002031      1.420474   0.5865   0.95576653   0.000000   0.71203805   0.24372848   0.000000   0.74499161   2.64521406
Z002032      0.714372   0.5868   0.95581114   0.000000   0.71208010   0.24373104   0.000000   0.74500084   2.64533753
Z002033      1.100497   0.5871   0.95587984   0.000000   0.71214486   0.24373498   0.000000   0.74501504   2.64552767
Z002034      1.414658   0.5874   0.95596811   0.000000   0.71222807   0.24374004   0.000000   0.74503329   2.64577197
Z002035      0.469304   0.5877   0.95599739   0.000000   0.71225566   0.24374172   0.000000   0.74503934   2.64585298
Z002036      1.395232   0.5880   0.95608438   0.000000   0.71233767   0.24374671   0.000000   0.74505732   2.64609375
Z002037      0.447391   0.5883   0.95611226   0.000000   0.71236395   0.24374831   0.000000   0.74506309   2.64617092
Z002038      1.327806   0.5886   0.95619500   0.000000   0.71244194   0.24375305   0.000000   0.74508018   2.64639989
Z002039      0.781475   0.5888   0.95624367   0.000000   0.71248782   0.24375584   0.000000   0.74509024   2.64653460
Z002040      2.176755   0.5891   0.95637916   0.000000   0.71261555   0.24376361   0.000000   0.74511823   2.64690959
Z002041      0.743105   0.5894   0.95642539   0.000000   0.71265913   0.24376626   0.000000   0.74512778   2.64703753
Z002042      0.482085   0.5897   0.95645537   0.000000   0.71268739   0.24376798   0.000000   0.74513398   2.64712051
Z002043      1.028993   0.5900   0.95651935   0.000000   0.71274771   0.24377164   0.000000   0.74514719   2.64729758
Z002044      1.142346   0.5903   0.95659034   0.000000   0.71281464   0.24377571   0.000000   0.74516185   2.64749407
Z002045      1.020478   0.5906   0.95665374   0.000000   0.71287440   0.24377934   0.000000   0.74517495   2.64766953
Z002046      1.075606   0.5909   0.95672053   0.000000   0.71293737   0.24378317   0.000000   0.74518874   2.64785439
Z002047      0.830389   0.5912   0.95677208   0.000000   0.71298596   0.24378612   0.000000   0.74519938   2.64799705
Z002048      1.643163   0.5914   0.95687403   0.000000   0.71308207   0.24379196   0.000000   0.74522043   2.64827921
Z002049      0.582287   0.5917   0.95691014   0.000000   0.71311612   0.24379402   0.000000   0.74522788   2.64837916
Z002050      1.401042   0.5920   0.95699700   0.000000   0.71319800   0.24379900   0.000000   0.74524581   2.64861954
Z002051      1.084490   0.5923   0.95706420   0.000000   0.71326135   0.24380284   0.000000   0.74525968   2.64880553
Z002052      0.905021   0.5926   0.95712025   0.000000   0.71331420   0.24380605   0.000000   0.74527124   2.64896067
Z002053      1.010414   0.5929   0.95718282   0.000000   0.71337318   0.24380963   0.000000   0.74528415   2.64913382
Z002054      0.582248   0.5932   0.95721886   0.000000   0.71340716   0.24381169   0.000000   0.74529159   2.64923357
Z002055      0.827434   0.5935   0.95727006   0.000000   0.71345543   0.24381462   0.000000   0.74530215   2.64937528
Z002056      1.838956   0.5938   0.95738380   0.000000   0.71356266   0.24382113   0.000000   0.74532561   2.64969006
Z002057      1.197348   0.5940   0.95745781   0.000000   0.71363244   0.24382537   0.000000   0.74534088   2.64989490
Z002058      0.736499   0.5943   0.95750331   0.000000   0.71367535   0.24382797   0.000000   0.74535026   2.65002084
Z002059      1.378824   0.5946   0.95758848   0.000000   0.71375564   0.24383284   0.000000   0.74536782   2.65025654
Z002060      0.550294   0.5949   0.95762245   0.000000   0.71378767   0.24383478   0.000000   0.74537483   2.65035057
Z002061      0.901168   0.5952   0.95767808   0.000000   0.71384011   0.24383796   0.000000   0.74538630   2.65050452
Z002062      1.374813   0.5955   0.95776290   0.000000   0.71392008   0.24384281   0.000000   0.74540378   2.65073927
Z002063      1.052029   0.5958   0.95782777   0.000000   0.71398125   0.24384652   0.000000   0.74541715   2.65091882
Z002064      0.740593   0.5961   0.95787343   0.000000   0.71402430   0.24384913   0.000000   0.74542656   2.65104518
Z002065      0.864561   0.5964   0.95792671   0.000000   0.71407453   0.24385217   0.000000   0.74543754   2.65119264
Z002066      1.755108   0.5966   0.95803481   0.000000   0.71417646   0.24385835   0.000000   0.74545982   2.65149184
Z002067      1.014337   0.5969   0.95809726   0.000000   0.71423534   0.24386192   0.000000   0.74547269   2.65166466
Z002068      1.152440   0.5972   0.95816817   0.000000   0.71430220   0.24386597   0.000000   0.74548730   2.65186093
Z002069      0.665822   0.5975   0.95820913   0.000000   0.71434082   0.24386831   0.000000   0.74549574   2.65197429
Z002070      0.777209   0.5978   0.95825693   0.000000   0.71438589   0.24387104   0.000000   0.74550558   2.65210657
Z002071      1.211054   0.5981   0.95833138   0.000000   0.71445608   0.24387529   0.000000   0.74552091   2.65231262
Z002072      0.792428   0.5984   0.95838007   0.000000   0.71450200   0.24387807   0.000000   0.74553094   2.65244739
Z002073      1.177686   0.5987   0.95845241   0.000000   0.71457021   0.24388220   0.000000   0.74554584   2.65264761
Z002074      1.726498   0.5990   0.95855841   0.000000   0.71467015   0.24388826   0.000000   0.74556766   2.65294096
Z002075      0.747742   0.5992   0.95860429   0.000000   0.71471342   0.24389087   0.000000   0.74557711   2.65306795
Z002076      0.881393   0.5995   0.95865836   0.000000   0.71476440   0.24389396   0.000000   0.74558824   2.65321759
Z002077      0.782519   0.5998   0.95870635   0.000000   0.71480965   0.24389670   0.000000   0.74559812   2.65335040
Z002078      1.858611   0.6001   0.95882027   0.000000   0.71491707   0.24390320   0.000000   0.74562156   2.65366569
Z002079      0.433212   0.6004   0.95884681   0.000000   0.71494209   0.24390471   0.000000   0.74562703   2.65373915
Z002080      0.619415   0.6007   0.95888475   0.000000   0.71497787   0.24390688   0.000000   0.74563483   2.65384416
Z002081      1.522587   0.6010   0.95897798   0.000000   0.71506578   0.24391220   0.000000   0.74565402   2.65410217
Z002082      0.520597   0.6013   0.95900984   0.000000   0.71509582   0.24391402   0.000000   0.74566057   2.65419036
Z002083      1.770348   0.6016   0.95911814   0.000000   0.71519795   0.24392019   0.000000   0.74568285   2.65449011
Z002084      1.216481   0.6018   0.95919252   0.000000   0.71526809   0.24392443   0.000000   0.74569815   2.65469596
Z002085      0.944784   0.6021   0.95925027   0.000000   0.71532254   0.24392773   0.000000   0.74571002   2.65485577
Z002086      0.794511   0.6024   0.95929881   0.000000   0.71536831   0.24393049   0.000000   0.74572001   2.65499012
Z002087      0.875589   0.6027   0.95935229   0.000000   0.71541874   0.24393354   0.000000   0.74573100   2.65513812
Z002088      0.759975   0.6030   0.95939869   0.000000   0.71546250   0.24393619   0.000000   0.74574054   2.65526655
Z002089      1.361261   0.6033   0.95948177   0.000000   0.71554085   0.24394092   0.000000   0.74575763   2.65549649
Z002090      1.187187   0.6036   0.95955419   0.000000   0.71560914   0.24394505   0.000000   0.74577251   2.65569693
Z002091      0.892434   0.6039   0.95960861   0.000000   0.71566046   0.24394815   0.000000   0.74578370   2.65584754
Z002092      1.099149   0.6042   0.95967561   0.000000   0.71572364   0.24395197   0.000000   0.74579747   2.65603297
Z002093      1.413137   0.6044   0.95976171   0.000000   0.71580484   0.24395687   0.000000   0.74581516   2.65627126
Z002094      0.775122   0.6047   0.95980891   0.000000   0.71584935   0.24395956   0.000000   0.74582486   2.65640191
Z002095      1.005207   0.6050   0.95987011   0.000000   0.71590706   0.24396305   0.000000   0.74583744   2.65657128
Z002096      1.110571   0.6053   0.95993770   0.000000   0.71597080   0.24396690   0.000000   0.74585132   2.65675833
Z002097      1.054411   0.6056   0.96000184   0.000000   0.71603129   0.24397055   0.000000   0.74586450   2.65693584
Z002098      0.432929   0.6059   0.96002816   0.000000   0.71605612   0.24397205   0.000000   0.74586991   2.65700871
Z002099      0.957869   0.6062   0.96008640   0.000000   0.71611104   0.24397536   0.000000   0.74588187   2.65716988
Z002100      1.986478   0.6065   0.96020710   0.000000   0.71622487   0.24398223   0.000000   0.74590666   2.65750395
Z002101      1.149662   0.6068   0.96027692   0.000000   0.71629071   0.24398621   0.000000   0.74592099   2.65769717
Z002102      0.619642   0.6070   0.96031453   0.000000   0.71632619   0.24398835   0.000000   0.74592871   2.65780128
Z002103      0.945811   0.6073   0.96037193   0.000000   0.71638032   0.24399161   0.000000   0.74594050   2.65796014
Z002104      1.056096   0.6076   0.96043600   0.000000   0.71644074   0.24399526   0.000000   0.74595365   2.65813745
Z002105      0.858898   0.6079   0.96048809   0.000000   0.71648986   0.24399822   0.000000   0.74596434   2.65828161
Z002106      1.551000   0.6082   0.96058210   0.000000   0.71657853   0.24400357   0.000000   0.74598364   2.65854180
Z002107      0.249969   0.6085   0.96059725   0.000000   0.71659281   0.24400443   0.000000   0.74598675   2.65858372
Z002108      1.387555   0.6088   0.96068130   0.000000   0.71667208   0.24400921   0.000000   0.74600399   2.65881634
Z002109      1.506113   0.6091   0.96077248   0.000000   0.71675808   0.24401440   0.000000   0.74602270   2.65906870
Z002110      0.390661   0.6094   0.96079612   0.000000   0.71678038   0.24401574   0.000000   0.74602755   2.65913414
Z002111      2.048316   0.6097   0.96092003   0.000000   0.71689724   0.24402279   0.000000   0.74605297   2.65947707
Z002112      0.400542   0.6099   0.96094425   0.000000   0.71692008   0.24402416   0.000000   0.74605794   2.65954409
Z002113      1.232741   0.6102   0.96101876   0.000000   0.71699036   0.24402840   0.000000   0.74607322   2.65975032
Z002114      0.290143   0.6105   0.96103629   0.000000   0.71700690   0.24402940   0.000000   0.74607682   2.65979884
Z002115      1.250788   0.6108   0.96111185   0.000000   0.71707816   0.24403369   0.000000   0.74609231   2.66000796
Z002116      1.215254   0.6111   0.96118523   0.000000   0.71714737   0.24403786   0.000000   0.74610736   2.66021105
Z002117      1.078097   0.6114   0.96125030   0.000000   0.71720874   0.24404156   0.000000   0.74612070   2.66039114
Z002118      1.551890   0.6117   0.96134392   0.000000   0.71729704   0.24404687   0.000000   0.74613989   2.66065024
Z002119      0.991673   0.6120   0.96140371   0.000000   0.71735344   0.24405027   0.000000   0.74615214   2.66081573
Z002120      0.408697   0.6123   0.96142835   0.000000   0.71737668   0.24405167   0.000000   0.74615719   2.66088391
Z002121      1.338802   0.6125   0.96150902   0.000000   0.71745277   0.24405625   0.000000   0.74617373   2.66110719
Z002122      0.954014   0.6128   0.96156649   0.000000   0.71750697   0.24405951   0.000000   0.74618550   2.66126623
Z002123      1.215142   0.6131   0.96163965   0.000000   0.71757598   0.24406367   0.000000   0.74620049   2.66146872
Z002124      0.916966   0.6134   0.96169484   0.000000   0.71762804   0.24406680   0.000000   0.74621180   2.66162146
Z002125      0.507700   0.6137   0.96172539   0.000000   0.71765685   0.24406854   0.000000   0.74621806   2.66170600
Z002126      1.294373   0.6140   0.96180324   0.000000   0.71773029   0.24407295   0.000000   0.74623401   2.66192148
Z002127      1.887489   0.6143   0.96191670   0.000000   0.71783731   0.24407939   0.000000   0.74625725   2.66223550
Z002128      0.748224   0.6146   0.96196166   0.000000   0.71787971   0.24408194   0.000000   0.74626645   2.66235991
Z002129      0.732891   0.6149   0.96200568   0.000000   0.71792124   0.24408444   0.000000   0.74627547   2.66248175
Z002130      1.168787   0.6151   0.96207586   0.000000   0.71798743   0.24408842   0.000000   0.74628984   2.66267598
Z002131      0.933444   0.6154   0.96213188   0.000000   0.71804028   0.24409160   0.000000   0.74630131   2.66283104
Z002132      0.609868   0.6157   0.96216848   0.000000   0.71807480   0.24409368   0.000000   0.74630880   2.66293231
Z002133      1.126427   0.6160   0.96223604   0.000000   0.71813853   0.24409751   0.000000   0.74632263   2.66311931
Z002134      1.718703   0.6163   0.96233908   0.000000   0.71823573   0.24410335   0.000000   0.74634372   2.66340448
Z002135      0.623226   0.6166   0.96237643   0.000000   0.71827096   0.24410547   0.000000   0.74635136   2.66350785
Z002136      1.298762   0.6169   0.96245423   0.000000   0.71834434   0.24410988   0.000000   0.74636728   2.66372317
Z002137      0.803797   0.6172   0.96250236   0.000000   0.71838975   0.24411261   0.000000   0.74637713   2.66385637
Z002138      1.316758   0.6175   0.96258117   0.000000   0.71846409   0.24411708   0.000000   0.74639326   2.66407451
Z002139      0.951930   0.6177   0.96263813   0.000000   0.71851782   0.24412031   0.000000   0.74640491   2.66423213
Z002140      0.972328   0.6180   0.96269628   0.000000   0.71857268   0.24412360   0.000000   0.74641680   2.66439308
Z002141      0.601000   0.6183   0.96273221   0.000000   0.71860658   0.24412564   0.000000   0.74642415   2.66449253
Z002142      1.210372   0.6186   0.96280456   0.000000   0.71867482   0.24412974   0.000000   0.74643895   2.66469275
Z002143      0.841543   0.6189   0.96285484   0.000000   0.71872225   0.24413258   0.000000   0.74644923   2.66483191
Z002144      1.794612   0.6192   0.96296201   0.000000   0.71882335   0.24413865   0.000000   0.74647114   2.66512852
Z002145      0.952748   0.6195   0.96301887   0.000000   0.71887700   0.24414188   0.000000   0.74648277   2.66528590
Z002146      1.309010   0.6198   0.96309697   0.000000   0.71895067   0.24414630   0.000000   0.74649874   2.66550205
Z002147      0.371792   0.6201   0.96311914   0.000000   0.71897159   0.24414755   0.000000   0.74650327   2.66556342
Z002148      0.590093   0.6203   0.96315433   0.000000   0.71900479   0.24414955   0.000000   0.74651046   2.66566081
Z002149      1.745254   0.6206   0.96325836   0.000000   0.71910292   0.24415544   0.000000   0.74653172   2.66594871
Z002150      0.919384   0.6209   0.96331313   0.000000   0.71915460   0.24415854   0.000000   0.74654292   2.66610031
Z002151      0.685397   0.6212   0.96335395   0.000000   0.71919311   0.24416085   0.000000   0.74655126   2.66621329
Z002152      1.270839   0.6215   0.96342961   0.000000   0.71926449   0.24416513   0.000000   0.74656672   2.66642269
Z002153      1.397140   0.6218   0.96351275   0.000000   0.71934292   0.24416983   0.000000   0.74658370   2.66665279
Z002154      0.794731   0.6221   0.96356003   0.000000   0.71938752   0.24417251   0.000000   0.74659336   2.66678362
Z002155      1.179704   0.6224   0.96363017   0.000000   0.71945369   0.24417648   0.000000   0.74660769   2.66697776
Z002156      1.291963   0.6227   0.96370696   0.000000   0.71952614   0.24418082   0.000000   0.74662337   2.66719027
Z002157      0.487125   0.6229   0.96373590   0.000000   0.71955344   0.24418246   0.000000   0.74662928   2.66727037
Z002158      1.013740   0.6232   0.96379611   0.000000   0.71961025   0.24418586   0.000000   0.74664158   2.66743702
Z002159      0.804096   0.6235   0.96384386   0.000000   0.71965529   0.24418856   0.000000   0.74665133   2.66756916
Z002160      0.997934   0.6238   0.96390309   0.000000   0.71971118   0.24419191   0.000000   0.74666342   2.66773309
Z002161      2.041224   0.6241   0.96402418   0.000000   0.71982542   0.24419876   0.000000   0.74668814   2.66806823
Z002162      0.646881   0.6244   0.96406254   0.000000   0.71986161   0.24420093   0.000000   0.74669597   2.66817438
Z002163      0.847957   0.6247   0.96411280   0.000000   0.71990903   0.24420377   0.000000   0.74670623   2.66831350
Z002164      1.119047   0.6250   0.96417911   0.000000   0.71997159   0.24420752   0.000000   0.74671976   2.66849702
Z002165      0.993780   0.6253   0.96423797   0.000000   0.72002713   0.24421084   0.000000   0.74673177   2.66865993
Z002166      0.895142   0.6255   0.96429097   0.000000   0.72007714   0.24421384   0.000000   0.74674259   2.66880662
Z002167      1.038194   0.6258   0.96435242   0.000000   0.72013511   0.24421731   0.000000   0.74675512   2.66897669
Z002168      1.209911   0.6261   0.96442401   0.000000   0.72020265   0.24422135   0.000000   0.74676973   2.66917481
Z002169      0.685196   0.6264   0.96446453   0.000000   0.72024089   0.24422364   0.000000   0.74677799   2.66928697
Z002170      1.050336   0.6267   0.96452664   0.000000   0.72029948   0.24422715   0.000000   0.74679066   2.66945884
Z002171      1.734102   0.6270   0.96462911   0.000000   0.72039617   0.24423294   0.000000   0.74681156   2.66974246
Z002172      1.106137   0.6273   0.96469444   0.000000   0.72045781   0.24423663   0.000000   0.74682488   2.66992327
Z002173      0.541091   0.6276   0.96472639   0.000000   0.72048796   0.24423843   0.000000   0.74683140   2.67001169
Z002174      0.945323   0.6279   0.96478219   0.000000   0.72054061   0.24424158   0.000000   0.74684277   2.67016613
Z002175      1.162186   0.6281   0.96485077   0.000000   0.72060531   0.24424545   0.000000   0.74685675   2.67035592
Z002176      0.433403   0.6284   0.96487633   0.000000   0.72062944   0.24424690   0.000000   0.74686197   2.67042668
Z002177      1.651066   0.6287   0.96497369   0.000000   0.72072130   0.24425239   0.000000   0.74688181   2.67069613
Z002178      0.789180   0.6290   0.96502020   0.000000   0.72076519   0.24425502   0.000000   0.74689129   2.67082486
Z002179      1.702338   0.6293   0.96512049   0.000000   0.72085981   0.24426068   0.000000   0.74691173   2.67110242
Z002180      0.710113   0.6296   0.96516231   0.000000   0.72089927   0.24426304   0.000000   0.74692025   2.67121815
Z002181      0.838057   0.6299   0.96521164   0.000000   0.72094582   0.24426582   0.000000   0.74693030   2.67135469
Z002182      0.974023   0.6302   0.96526896   0.000000   0.72099991   0.24426905   0.000000   0.74694198   2.67151333
Z002183      1.572510   0.6305   0.96536146   0.000000   0.72108719   0.24427427   0.000000   0.74696082   2.67176933
Z002184      0.562517   0.6307   0.96539453   0.000000   0.72111840   0.24427614   0.000000   0.74696756   2.67186087
Z002185      1.026305   0.6310   0.96545486   0.000000   0.72117532   0.24427954   0.000000   0.74697985   2.67202783
Z002186      0.359456   0.6313   0.96547598   0.000000   0.72119526   0.24428073   0.000000   0.74698415   2.67208629
Z002187      1.891835   0.6316   0.96558711   0.000000   0.72130012   0.24428699   0.000000   0.74700678   2.67239386
Z002188      1.089868   0.6319   0.96565110   0.000000   0.72136050   0.24429060   0.000000   0.74701981   2.67257095
Z002189      1.328459   0.6322   0.96572906   0.000000   0.72143406   0.24429500   0.000000   0.74703568   2.67278670
Z002190      0.738602   0.6325   0.96577238   0.000000   0.72147495   0.24429744   0.000000   0.74704450   2.67290662
Z002191      0.842617   0.6328   0.96582180   0.000000   0.72152158   0.24430022   0.000000   0.74705456   2.67304338
Z002192      0.971965   0.6331   0.96587878   0.000000   0.72157534   0.24430343   0.000000   0.74706616   2.67320108
Z002193      0.685177   0.6333   0.96591893   0.000000   0.72161324   0.24430570   0.000000   0.74707433   2.67331221
Z002194      1.640726   0.6336   0.96601505   0.000000   0.72170394   0.24431111   0.000000   0.74709389   2.67357822
Z002195      0.642878   0.6339   0.96605269   0.000000   0.72173946   0.24431323   0.000000   0.74710155   2.67368241
Z002196      1.462347   0.6342   0.96613829   0.000000   0.72182024   0.24431805   0.000000   0.74711896   2.67391931
Z002197      0.722476   0.6345   0.96618056   0.000000   0.72186013   0.24432043   0.000000   0.74712756   2.67403630
Z002198      1.305301   0.6348   0.96625691   0.000000   0.72193217   0.24432473   0.000000   0.74714309   2.67424760
Z002199      1.287307   0.6351   0.96633216   0.000000   0.72200319   0.24432897   0.000000   0.74715840   2.67445588
Z002200      0.682846   0.6354   0.96637207   0.000000   0.72204085   0.24433122   0.000000   0.74716652   2.67456632
Z002201      0.754996   0.6357   0.96641618   0.000000   0.72208248   0.24433370   0.000000   0.74717549   2.67468840
Z002202      1.359065   0.6359   0.96649555   0.000000   0.72215738   0.24433817   0.000000   0.74719163   2.67490807
Z002203      0.596712   0.6362   0.96653038   0.000000   0.72219026   0.24434013   0.000000   0.74719871   2.67500449
Z002204      0.794758   0.6365   0.96657677   0.000000   0.72223403   0.24434274   0.000000   0.74720814   2.67513287
Z002205      2.120582   0.6368   0.96670047   0.000000   0.72235077   0.24434970   0.000000   0.74723329   2.67547523
Z002206      1.097850   0.6371   0.96676448   0.000000   0.72241118   0.24435330   0.000000   0.74724630   2.67565237
Z002207      0.304810   0.6374   0.96678224   0.000000   0.72242794   0.24435430   0.000000   0.74724991   2.67570154
Z002208      1.206348   0.6377   0.96685253   0.000000   0.72249428   0.24435825   0.000000   0.74726420   2.67589608
Z002209      0.826074   0.6380   0.96690065   0.000000   0.72253969   0.24436096   0.000000   0.74727397   2.67602925
Z002210      1.370659   0.6383   0.96698046   0.000000   0.72261501   0.24436545   0.000000   0.74729019   2.67625012
Z002211      0.738073   0.6385   0.96702341   0.000000   0.72265555   0.24436786   0.000000   0.74729892   2.67636901
Z002212      1.061623   0.6388   0.96708518   0.000000   0.72271384   0.24437134   0.000000   0.74731147   2.67653996
Z002213      0.921569   0.6391   0.96713878   0.000000   0.72276443   0.24437435   0.000000   0.74732235   2.67668830
Z002214      1.344396   0.6394   0.96721694   0.000000   0.72283819   0.24437874   0.000000   0.74733823   2.67690462
Z002215      1.247103   0.6397   0.96728941   0.000000   0.72290659   0.24438282   0.000000   0.74735295   2.67710518
Z002216      0.797562   0.6400   0.96733573   0.000000   0.72295031   0.24438542   0.000000   0.74736236   2.67723340
Z002217      1.567743   0.6403   0.96742676   0.000000   0.72303622   0.24439054   0.000000   0.74738084   2.67748533
Z002218      0.375255   0.6406   0.96744854   0.000000   0.72305678   0.24439176   0.000000   0.74738526   2.67754561
Z002219      0.738960   0.6409   0.96749142   0.000000   0.72309725   0.24439417   0.000000   0.74739397   2.67766430
Z002220      0.960402   0.6411   0.96754714   0.000000   0.72314984   0.24439730   0.000000   0.74740528   2.67781850
Z002221      1.368362   0.6414   0.96762649   0.000000   0.72322473   0.24440176   0.000000   0.74742138   2.67803810
Z002222      1.392967   0.6417   0.96770722   0.000000   0.72330093   0.24440629   0.000000   0.74743777   2.67826154
Z002223      0.799299   0.6420   0.96775353   0.000000   0.72334463   0.24440889   0.000000   0.74744717   2.67838971
Z002224      1.402093   0.6423   0.96783473   0.000000   0.72342127   0.24441345   0.000000   0.74746365   2.67861443
Z002225      0.727459   0.6426   0.96787684   0.000000   0.72346102   0.24441582   0.000000   0.74747219   2.67873099
Z002226      0.670434   0.6429   0.96791564   0.000000   0.72349764   0.24441800   0.000000   0.74748006   2.67883837
Z002227      1.509588   0.6432   0.96800297   0.000000   0.72358007   0.24442290   0.000000   0.74749778   2.67908008
Z002228      0.891831   0.6435   0.96805454   0.000000   0.72362875   0.24442579   0.000000   0.74750824   2.67922281
Z002229      0.772294   0.6437   0.96809919   0.000000   0.72367089   0.24442830   0.000000   0.74751730   2.67934637
Z002230      0.970867   0.6440   0.96815530   0.000000   0.72372385   0.24443145   0.000000   0.74752868   2.67950166
Z002231      0.958213   0.6443   0.96821065   0.000000   0.72377610   0.24443456   0.000000   0.74753990   2.67965487
Z002232      1.884992   0.6446   0.96831950   0.000000   0.72387883   0.24444066   0.000000   0.74756197   2.67995610
Z002233      0.976235   0.6449   0.96837584   0.000000   0.72393201   0.24444382   0.000000   0.74757340   2.68011203
Z002234      0.580568   0.6452   0.96840933   0.000000   0.72396363   0.24444570   0.000000   0.74758019   2.68020473
Z002235      1.039943   0.6455   0.96846931   0.000000   0.72402025   0.24444907   0.000000   0.74759235   2.68037074
Z002236      0.758538   0.6458   0.96851305   0.000000   0.72406153   0.24445152   0.000000   0.74760121   2.68049179
Z002237      1.425729   0.6461   0.96859522   0.000000   0.72413910   0.24445613   0.000000   0.74761787   2.68071921
Z002238      0.361700   0.6463   0.96861606   0.000000   0.72415877   0.24445730   0.000000   0.74762209   2.68077689
Z002239      1.597266   0.6466   0.96870806   0.000000   0.72424561   0.24446245   0.000000   0.74764073   2.68103151
Z002240      1.365845   0.6469   0.96878669   0.000000   0.72431983   0.24446686   0.000000   0.74765667   2.68124912
Z002241      0.749344   0.6472   0.96882981   0.000000   0.72436053   0.24446928   0.000000   0.74766540   2.68136846
Z002242      0.730234   0.6475   0.96887182   0.000000   0.72440018   0.24447163   0.000000   0.74767391   2.68148473
Z002243      1.777254   0.6478   0.96897402   0.000000   0.72449665   0.24447736   0.000000   0.74769462   2.68176757
Z002244      0.480175   0.6481   0.96900162   0.000000   0.72452271   0.24447891   0.000000   0.74770021   2.68184396
Z002245      1.134395   0.6484   0.96906680   0.000000   0.72458424   0.24448256   0.000000   0.74771341   2.68202437
Z002246      0.738298   0.6487   0.96910921   0.000000   0.72462427   0.24448494   0.000000   0.74772200   2.68214174
Z002247      0.878902   0.6489   0.96915968   0.000000   0.72467192   0.24448776   0.000000   0.74773222   2.68228143
Z002248      1.133420   0.6492   0.96922475   0.000000   0.72473334   0.24449141   0.000000   0.74774539   2.68246151
Z002249      1.640297   0.6495   0.96931886   0.000000   0.72482218   0.24449668   0.000000   0.74776445   2.68272198
Z002250      1.055697   0.6498   0.96937941   0.000000   0.72487933   0.24450007   0.000000   0.74777670   2.68288955
Z002251      0.893453   0.6501   0.96943063   0.000000   0.72492769   0.24450294   0.000000   0.74778707   2.68303131
Z002252      0.892965   0.6504   0.96948180   0.000000   0.72497600   0.24450580   0.000000   0.74779743   2.68317294
Z002253      0.777570   0.6507   0.96952635   0.000000   0.72501805   0.24450830   0.000000   0.74780644   2.68329624
Z002254      0.837844   0.6510   0.96957434   0.000000   0.72506336   0.24451099   0.000000   0.74781615   2.68342906
Z002255      1.643579   0.6513   0.96966844   0.000000   0.72515219   0.24451625   0.000000   0.74783520   2.68368948
Z002256      0.884952   0.6515   0.96971908   0.000000   0.72519999   0.24451909   0.000000   0.74784544   2.68382964
Z002257      0.333169   0.6518   0.96973814   0.000000   0.72521799   0.24452015   0.000000   0.74784930   2.68388239
Z002258      1.954426   0.6521   0.96984991   0.000000   0.72532350   0.24452641   0.000000   0.74787191   2.68419174
Z002259      0.761619   0.6524   0.96989345   0.000000   0.72536460   0.24452884   0.000000   0.74788071   2.68431222
Z002260      1.338052   0.6527   0.96996990   0.000000   0.72543678   0.24453312   0.000000   0.74789618   2.68452383
Z002261      0.659231   0.6530   0.97000756   0.000000   0.72547233   0.24453523   0.000000   0.74790379   2.68462804
Z002262      1.229455   0.6533   0.97007776   0.000000   0.72553861   0.24453915   0.000000   0.74791799   2.68482233
Z002263      0.864257   0.6536   0.97012709   0.000000   0.72558518   0.24454191   0.000000   0.74792796   2.68495886
Z002264      0.401283   0.6539   0.97014999   0.000000   0.72560680   0.24454319   0.000000   0.74793259   2.68502224
Z002265      1.295520   0.6541   0.97022390   0.000000   0.72567657   0.24454733   0.000000   0.74794753   2.68522678
Z002266      1.620298   0.6544   0.97031628   0.000000   0.72576379   0.24455249   0.000000   0.74796621   2.68548248
Z002267      1.188091   0.6547   0.97038399   0.000000   0.72582771   0.24455628   0.000000   0.74797989   2.68566987
Z002268      0.936624   0.6550   0.97043735   0.000000   0.72587809   0.24455926   0.000000   0.74799068   2.68581754
Z002269      0.415731   0.6553   0.97046103   0.000000   0.72590044   0.24456058   0.000000   0.74799546   2.68588307
Z002270      1.380937   0.6556   0.97053965   0.000000   0.72597467   0.24456498   0.000000   0.74801135   2.68610068
Z002271      1.139778   0.6559   0.97060451   0.000000   0.72603591   0.24456860   0.000000   0.74802446   2.68628020
Z002272      0.798362   0.6562   0.97064993   0.000000   0.72607880   0.24457114   0.000000   0.74803363   2.68640590
Z002273      0.825239   0.6565   0.97069687   0.000000   0.72612311   0.24457376   0.000000   0.74804311   2.68653580
Z002274      1.269305   0.6567   0.97076903   0.000000   0.72619124   0.24457779   0.000000   0.74805769   2.68673552
Z002275      0.870158   0.6570   0.97081848   0.000000   0.72623793   0.24458055   0.000000   0.74806768   2.68687239
Z002276      1.287198   0.6573   0.97089161   0.000000   0.72630697   0.24458464   0.000000   0.74808245   2.68707477
Z002277      1.640154   0.6576   0.97098473   0.000000   0.72639490   0.24458984   0.000000   0.74810125   2.68733251
Z002278      0.553981   0.6579   0.97101618   0.000000   0.72642458   0.24459159   0.000000   0.74810760   2.68741953
Z002279      0.786365   0.6582   0.97106080   0.000000   0.72646671   0.24459409   0.000000   0.74811661   2.68754303
Z002280      0.797432   0.6585   0.97110603   0.000000   0.72650942   0.24459661   0.000000   0.74812574   2.68766822
Z002281      1.129586   0.6588   0.97117009   0.000000   0.72656990   0.24460019   0.000000   0.74813867   2.68784551
Z002282      1.021183   0.6591   0.97122798   0.000000   0.72662456   0.24460342   0.000000   0.74815036   2.68800572
Z002283      1.138151   0.6593   0.97129247   0.000000   0.72668545   0.24460702   0.000000   0.74816337   2.68818421
Z002284      1.432982   0.6596   0.97137363   0.000000   0.72676209   0.24461155   0.000000   0.74817975   2.68840884
Z002285      0.736358   0.6599   0.97141532   0.000000   0.72680145   0.24461387   0.000000   0.74818817   2.68852422
Z002286      1.401005   0.6602   0.97149461   0.000000   0.72687632   0.24461830   0.000000   0.74820416   2.68874367
Z002287      0.339490   0.6605   0.97151382   0.000000   0.72689445   0.24461937   0.000000   0.74820804   2.68879683
Z002288      1.455270   0.6608   0.97159613   0.000000   0.72697217   0.24462396   0.000000   0.74822464   2.68902463
Z002289      1.181896   0.6611   0.97166295   0.000000   0.72703526   0.24462769   0.000000   0.74823812   2.68920956
Z002290      0.499301   0.6614   0.97169117   0.000000   0.72706190   0.24462926   0.000000   0.74824381   2.68928765
Z002291      1.120953   0.6617   0.97175450   0.000000   0.72712171   0.24463279   0.000000   0.74825659   2.68946294
Z002292      0.490555   0.6619   0.97178221   0.000000   0.72714787   0.24463434   0.000000   0.74826218   2.68953963
Z002293      2.539380   0.6622   0.97192557   0.000000   0.72728323   0.24464233   0.000000   0.74829108   2.68993639
Z002294      0.171999   0.6625   0.97193527   0.000000   0.72729240   0.24464287   0.000000   0.74829304   2.68996325
Z002295      1.231089   0.6628   0.97200472   0.000000   0.72735798   0.24464674   0.000000   0.74830704   2.69015546
Z002296      1.031096   0.6631   0.97206286   0.000000   0.72741288   0.24464998   0.000000   0.74831876   2.69031638
Z002297      0.943966   0.6634   0.97211607   0.000000   0.72746312   0.24465295   0.000000   0.74832949   2.69046365
Z002298      0.414892   0.6637   0.97213946   0.000000   0.72748520   0.24465425   0.000000   0.74833420   2.69052836
Z002299      1.590773   0.6640   0.97222907   0.000000   0.72756983   0.24465925   0.000000   0.74835226   2.69077639
Z002300      0.839514   0.6643   0.97227635   0.000000   0.72761447   0.24466188   0.000000   0.74836179   2.69090723
Z002301      1.317804   0.6645   0.97235053   0.000000   0.72768452   0.24466601   0.000000   0.74837674   2.69111253
Z002302      0.821553   0.6648   0.97239676   0.000000   0.72772817   0.24466859   0.000000   0.74838605   2.69124048
Z002303      1.236019   0.6651   0.97246628   0.000000   0.72779382   0.24467246   0.000000   0.74840006   2.69143290
Z002304      1.040880   0.6654   0.97252481   0.000000   0.72784909   0.24467572   0.000000   0.74841185   2.69159487
Z002305      1.288125   0.6657   0.97259720   0.000000   0.72791745   0.24467975   0.000000   0.74842643   2.69179524
Z002306      0.721485   0.6660   0.97263774   0.000000   0.72795573   0.24468201   0.000000   0.74843459   2.69190743
Z002307      0.520681   0.6663   0.97266699   0.000000   0.72798335   0.24468364   0.000000   0.74844049   2.69198837
Z002308      1.321531   0.6666   0.97274119   0.000000   0.72805343   0.24468777   0.000000   0.74845543   2.69219375
Z002309      0.795599   0.6669   0.97278585   0.000000   0.72809560   0.24469025   0.000000   0.74846442   2.69231735
Z002310      1.238624   0.6671   0.97285535   0.000000   0.72816123   0.24469412   0.000000   0.74847841   2.69250971
Z002311      1.798409   0.6674   0.97295621   0.000000   0.72825648   0.24469973   0.000000   0.74849872   2.69278884
Z002312      0.672872   0.6677   0.97299393   0.000000   0.72829210   0.24470183   0.000000   0.74850631   2.69289324
Z002313      0.800002   0.6680   0.97303877   0.000000   0.72833444   0.24470433   0.000000   0.74851534   2.69301732
Z002314      0.634918   0.6683   0.97307434   0.000000   0.72836803   0.24470631   0.000000   0.74852250   2.69311578
Z002315      1.411968   0.6686   0.97315342   0.000000   0.72844272   0.24471071   0.000000   0.74853841   2.69333465
Z002316      1.137197   0.6689   0.97321709   0.000000   0.72850284   0.24471425   0.000000   0.74855122   2.69351085
Z002317      0.729149   0.6692   0.97325789   0.000000   0.72854138   0.24471652   0.000000   0.74855943   2.69362378
Z002318      0.826447   0.6695   0.97330413   0.000000   0.72858504   0.24471909   0.000000   0.74856874   2.69375176
Z002319      1.365343   0.6697   0.97338049   0.000000   0.72865716   0.24472333   0.000000   0.74858410   2.69396310
Z002320      1.145159   0.6700   0.97344451   0.000000   0.72871762   0.24472689   0.000000   0.74859698   2.69414028
Z002321      1.234373   0.6703   0.97351349   0.000000   0.72878276   0.24473073   0.000000   0.74861085   2.69433118
Z002322      1.026778   0.6706   0.97357084   0.000000   0.72883693   0.24473392   0.000000   0.74862239   2.69448991
Z002323      0.674802   0.6709   0.97360852   0.000000   0.72887251   0.24473601   0.000000   0.74862996   2.69459420
Z002324      1.207050   0.6712   0.97367590   0.000000   0.72893615   0.24473976   0.000000   0.74864351   2.69478069
Z002325      0.624789   0.6715   0.97371077   0.000000   0.72896908   0.24474169   0.000000   0.74865052   2.69487719
Z002326      0.622488   0.6718   0.97374550   0.000000   0.72900188   0.24474362   0.000000   0.74865751   2.69497331
Z002327      1.906179   0.6721   0.97385180   0.000000   0.72910227   0.24474953   0.000000   0.74867888   2.69526752
Z002328      1.021327   0.6723   0.97390873   0.000000   0.72915604   0.24475269   0.000000   0.74869032   2.69542507
Z002329      0.962412   0.6726   0.97396236   0.000000   0.72920669   0.24475567   0.000000   0.74870110   2.69557349
Z002330      0.920006   0.6729   0.97401360   0.000000   0.72925509   0.24475852   0.000000   0.74871140   2.69571532
Z002331      1.121721   0.6732   0.97407606   0.000000   0.72931408   0.24476199   0.000000   0.74872395   2.69588818
Z002332      0.980889   0.6735   0.97413066   0.000000   0.72936564   0.24476502   0.000000   0.74873492   2.69603929
Z002333      0.738688   0.6738   0.97417176   0.000000   0.72940446   0.24476730   0.000000   0.74874318   2.69615305
Z002334      1.542772   0.6741   0.97425758   0.000000   0.72948551   0.24477206   0.000000   0.74876042   2.69639055
Z002335      0.386758   0.6744   0.97427908   0.000000   0.72950582   0.24477326   0.000000   0.74876474   2.69645007
Z002336      0.856623   0.6747   0.97432670   0.000000   0.72955080   0.24477590   0.000000   0.74877431   2.69658186
Z002337      1.547837   0.6749   0.97441271   0.000000   0.72963204   0.24478068   0.000000   0.74879158   2.69681991
Z002338      1.581783   0.6752   0.97450056   0.000000   0.72971501   0.24478555   0.000000   0.74880922   2.69706304
Z002339      0.656146   0.6755   0.97453699   0.000000   0.72974942   0.24478757   0.000000   0.74881654   2.69716386
Z002340      1.074808   0.6758   0.97459664   0.000000   0.72980576   0.24479088   0.000000   0.74882852   2.69732895
Z002341      0.433466   0.6761   0.97462069   0.000000   0.72982847   0.24479222   0.000000   0.74883335   2.69739552
Z002342      1.185827   0.6764   0.97468647   0.000000   0.72989060   0.24479587   0.000000   0.74884655   2.69757756
Z002343      1.066050   0.6767   0.97474558   0.000000   0.72994643   0.24479915   0.000000   0.74885842   2.69774116
Z002344      1.114005   0.6770   0.97480732   0.000000   0.73000475   0.24480257   0.000000   0.74887081   2.69791204
Z002345      0.835044   0.6773   0.97485359   0.000000   0.73004845   0.24480514   0.000000   0.74888010   2.69804010
Z002346      1.710599   0.6775   0.97494833   0.000000   0.73013794   0.24481039   0.000000   0.74889911   2.69830230
Z002347      0.712965   0.6778   0.97498780   0.000000   0.73017522   0.24481258   0.000000   0.74890703   2.69841154
Z002348      0.607795   0.6781   0.97502144   0.000000   0.73020699   0.24481444   0.000000   0.74891378   2.69850464
Z002349      1.656735   0.6784   0.97511310   0.000000   0.73029357   0.24481953   0.000000   0.74893217   2.69875832
Z002350      0.980353   0.6787   0.97516731   0.000000   0.73034478   0.24482253   0.000000   0.74894305   2.69890836
Z002351      0.592905   0.6790   0.97520009   0.000000   0.73037574   0.24482435   0.000000   0.74894963   2.69899908
Z002352      0.749066   0.6793   0.97524149   0.000000   0.73041485   0.24482664   0.000000   0.74895793   2.69911366
Z002353      1.110021   0.6796   0.97530282   0.000000   0.73047278   0.24483004   0.000000   0.74897023   2.69928341
Z002354      1.174652   0.6799   0.97536770   0.000000   0.73053407   0.24483364   0.000000   0.74898325   2.69946297
Z002355      1.860011   0.6802   0.97547038   0.000000   0.73063106   0.24483932   0.000000   0.74900384   2.69974715
Z002356      0.333100   0.6804   0.97548876   0.000000   0.73064842   0.24484034   0.000000   0.74900752   2.69979802
Z002357      1.426298   0.6807   0.97556744   0.000000   0.73072274   0.24484470   0.000000   0.74902330   2.70001578
Z002358      0.535819   0.6810   0.97559699   0.000000   0.73075066   0.24484634   0.000000   0.74902922   2.70009756
Z002359      0.916011   0.6813   0.97564750   0.000000   0.73079836   0.24484913   0.000000   0.74903934   2.70023734
Z002360      1.169497   0.6816   0.97571195   0.000000   0.73085925   0.24485270   0.000000   0.74905226   2.70041572
Z002361      1.009786   0.6819   0.97576758   0.000000   0.73091180   0.24485578   0.000000   0.74906341   2.70056969
Z002362      1.238458   0.6822   0.97583578   0.000000   0.73097622   0.24485956   0.000000   0.74907708   2.70075845
Z002363      0.637452   0.6825   0.97587088   0.000000   0.73100937   0.24486150   0.000000   0.74908412   2.70085557
Z002364      1.182546   0.6828   0.97593596   0.000000   0.73107085   0.24486511   0.000000   0.74909716   2.70103569
Z002365      1.711825   0.6830   0.97603012   0.000000   0.73115980   0.24487032   0.000000   0.74911602   2.70129631
Z002366      0.572102   0.6833   0.97606158   0.000000   0.73118952   0.24487206   0.000000   0.74912233   2.70138337
Z002367      0.894554   0.6836   0.97611075   0.000000   0.73123597   0.24487478   0.000000   0.74913218   2.70151947
Z002368      1.184301   0.6839   0.97617583   0.000000   0.73129745   0.24487838   0.000000   0.74914521   2.70169959
Z002369      0.602895   0.6842   0.97620896   0.000000   0.73132874   0.24488021   0.000000   0.74915185   2.70179125
Z002370      1.113053   0.6845   0.97627008   0.000000   0.73138649   0.24488360   0.000000   0.74916409   2.70196043
Z002371      0.636427   0.6848   0.97630502   0.000000   0.73141950   0.24488553   0.000000   0.74917109   2.70205714
Z002372      2.086071   0.6851   0.97641950   0.000000   0.73152764   0.24489186   0.000000   0.74919401   2.70237397
Z002373      0.801252   0.6854   0.97646345   0.000000   0.73156916   0.24489429   0.000000   0.74920281   2.70249560
Z002374      0.790683   0.6856   0.97650681   0.000000   0.73161012   0.24489669   0.000000   0.74921149   2.70261560
Z002375      1.102094   0.6859   0.97656722   0.000000   0.73166719   0.24490003   0.000000   0.74922358   2.70278280
Z002376      0.640317   0.6862   0.97660231   0.000000   0.73170034   0.24490197   0.000000   0.74923061   2.70287991
Z002377      1.578222   0.6865   0.97668876   0.000000   0.73178201   0.24490675   0.000000   0.74924791   2.70311919
Z002378      0.746922   0.6868   0.97672966   0.000000   0.73182065   0.24490901   0.000000   0.74925610   2.70323238
Z002379      0.682398   0.6871   0.97676702   0.000000   0.73185595   0.24491107   0.000000   0.74926357   2.70333577
Z002380      1.052309   0.6874   0.97682461   0.000000   0.73191035   0.24491426   0.000000   0.74927510   2.70349516
Z002381      1.370188   0.6877   0.97689957   0.000000   0.73198117   0.24491840   0.000000   0.74929009   2.70370261
Z002382      1.114670   0.6880   0.97696052   0.000000   0.73203875   0.24492177   0.000000   0.74930229   2.70387130
Z002383      1.203001   0.6882   0.97702627   0.000000   0.73210087   0.24492540   0.000000   0.74931544   2.70405329
Z002384      1.176881   0.6885   0.97709057   0.000000   0.73216162   0.24492895   0.000000   0.74932830   2.70423125
Z002385      0.521825   0.6888   0.97711908   0.000000   0.73218855   0.24493053   0.000000   0.74933400   2.70431014
Z002386      0.758091   0.6891   0.97716048   0.000000   0.73222766   0.24493281   0.000000   0.74934228   2.70442472
Z002387      0.883273   0.6894   0.97720870   0.000000   0.73227322   0.24493548   0.000000   0.74935193   2.70455818
Z002388      1.588198   0.6897   0.97729537   0.000000   0.73235510   0.24494026   0.000000   0.74936926   2.70479805
Z002389      0.708243   0.6900   0.97733400   0.000000   0.73239160   0.24494240   0.000000   0.74937698   2.70490497
Z002390      1.339356   0.6903   0.97740704   0.000000   0.73246061   0.24494643   0.000000   0.74939158   2.70510711
Z002391      1.293784   0.6906   0.97747756   0.000000   0.73252723   0.24495032   0.000000   0.74940568   2.70530228
Z002392      0.467643   0.6908   0.97750304   0.000000   0.73255131   0.24495173   0.000000   0.74941077   2.70537280
Z002393      1.312886   0.6911   0.97757455   0.000000   0.73261888   0.24495568   0.000000   0.74942507   2.70557073
Z002394      0.994848   0.6914   0.97762872   0.000000   0.73267006   0.24495867   0.000000   0.74943589   2.70572066
Z002395      0.942503   0.6917   0.97768003   0.000000   0.73271853   0.24496150   0.000000   0.74944615   2.70586264
Z002396      0.928074   0.6920   0.97773053   0.000000   0.73276624   0.24496428   0.000000   0.74945624   2.70600242
Z002397      1.033927   0.6923   0.97778677   0.000000   0.73281938   0.24496739   0.000000   0.74946748   2.70615808
Z002398      0.328578   0.6926   0.97780464   0.000000   0.73283627   0.24496837   0.000000   0.74947105   2.70620753
Z002399      2.137059   0.6929   0.97792082   0.000000   0.73294603   0.24497478   0.000000   0.74949426   2.70652906
Z002400      1.243293   0.6932   0.97798837   0.000000   0.73300986   0.24497851   0.000000   0.74950775   2.70671601
Z002401      0.706802   0.6934   0.97802675   0.000000   0.73304613   0.24498063   0.000000   0.74951542   2.70682226
Z002402      0.357932   0.6937   0.97804619   0.000000   0.73306449   0.24498170   0.000000   0.74951930   2.70687605
Z002403      1.737313   0.6940   0.97814050   0.000000   0.73315360   0.24498690   0.000000   0.74953813   2.70713706
Z002404      0.368443   0.6943   0.97816049   0.000000   0.73317249   0.24498800   0.000000   0.74954212   2.70719239
Z002405      1.115861   0.6946   0.97822103   0.000000   0.73322969   0.24499134   0.000000   0.74955421   2.70735993
Z002406      1.261746   0.6949   0.97828945   0.000000   0.73329434   0.24499511   0.000000   0.74956787   2.70754930
Z002407      0.997911   0.6952   0.97834354   0.000000   0.73334545   0.24499809   0.000000   0.74957867   2.70769901
Z002408      1.158584   0.6955   0.97840632   0.000000   0.73340477   0.24500155   0.000000   0.74959120   2.70787276
Z002409      0.872261   0.6958   0.97845357   0.000000   0.73344942   0.24500415   0.000000   0.74960063   2.70800353
Z002410      1.266309   0.6960   0.97852214   0.000000   0.73351421   0.24500793   0.000000   0.74961432   2.70819331
Z002411      1.414072   0.6963   0.97859868   0.000000   0.73358652   0.24501215   0.000000   0.74962959   2.70840513
Z002412      0.163616   0.6966   0.97860753   0.000000   0.73359489   0.24501264   0.000000   0.74963136   2.70842963
Z002413      1.299668   0.6969   0.97867784   0.000000   0.73366132   0.24501651   0.000000   0.74964539   2.70862422
Z002414      0.628799   0.6972   0.97871184   0.000000   0.73369346   0.24501838   0.000000   0.74965217   2.70871833
Z002415      0.967964   0.6975   0.97876417   0.000000   0.73374290   0.24502127   0.000000   0.74966261   2.70886316
Z002416      1.622850   0.6978   0.97885187   0.000000   0.73382577   0.24502610   0.000000   0.74968011   2.70910588
Z002417      0.977896   0.6981   0.97890469   0.000000   0.73387569   0.24502901   0.000000   0.74969064   2.70925207
Z002418      1.451867   0.6984   0.97898308   0.000000   0.73394976   0.24503332   0.000000   0.74970628   2.70946903
Z002419      0.493315   0.6986   0.97900971   0.000000   0.73397492   0.24503479   0.000000   0.74971159   2.70954273
Z002420      0.922566   0.6989   0.97905950   0.000000   0.73402197   0.24503753   0.000000   0.74972151   2.70968051
Z002421      0.730965   0.6992   0.97909893   0.000000   0.73405923   0.24503970   0.000000   0.74972938   2.70978965
Z002422      1.762721   0.6995   0.97919399   0.000000   0.73414905   0.24504493   0.000000   0.74974833   2.71005273
Z002423      0.543347   0.6998   0.97922327   0.000000   0.73417673   0.24504654   0.000000   0.74975417   2.71013379
Z002424      0.761854   0.7001   0.97926433   0.000000   0.73421553   0.24504880   0.000000   0.74976235   2.71024742
Z002425      1.122244   0.7004   0.97932479   0.000000   0.73427266   0.24505213   0.000000   0.74977440   2.71041476
Z002426      1.547455   0.7007   0.97940812   0.000000   0.73435141   0.24505671   0.000000   0.74979101   2.71064539
Z002427      0.977529   0.7010   0.97946074   0.000000   0.73440113   0.24505961   0.000000   0.74980150   2.71079102
Z002428      1.054517   0.7012   0.97951749   0.000000   0.73445476   0.24506273   0.000000   0.74981281   2.71094806
Z002429      0.930238   0.7015   0.97956752   0.000000   0.73450204   0.24506548   0.000000   0.74982278   2.71108655
Z002430      0.812604   0.7018   0.97961122   0.000000   0.73454334   0.24506789   0.000000   0.74983148   2.71120749
Z002431      0.781221   0.7021   0.97965322   0.000000   0.73458303   0.24507020   0.000000   0.74983985   2.71132373
Z002432      1.011131   0.7024   0.97970756   0.000000   0.73463438   0.24507318   0.000000   0.74985068   2.71147413
Z002433      0.993666   0.7027   0.97976095   0.000000   0.73468483   0.24507612   0.000000   0.74986131   2.71162188
Z002434      1.814285   0.7030   0.97985838   0.000000   0.73477690   0.24508148   0.000000   0.74988072   2.71189153
Z002435      0.764420   0.7033   0.97989941   0.000000   0.73481568   0.24508373   0.000000   0.74988889   2.71200509
Z002436      0.666928   0.7036   0.97993520   0.000000   0.73484950   0.24508570   0.000000   0.74989602   2.71210415
Z002437      1.204921   0.7038   0.97999984   0.000000   0.73491059   0.24508925   0.000000   0.74990889   2.71228305
Z002438      1.135159   0.7041   0.98006072   0.000000   0.73496812   0.24509260   0.000000   0.74992101   2.71245153
Z002439      0.995788   0.7044   0.98011410   0.000000   0.73501857   0.24509553   0.000000   0.74993164   2.71259927
Z002440      0.648793   0.7047   0.98014887   0.000000   0.73505143   0.24509744   0.000000   0.74993856   2.71269550
Z002441      1.072308   0.7050   0.98020632   0.000000   0.73510572   0.24510060   0.000000   0.74994999   2.71285451
Z002442      1.186646   0.7053   0.98026987   0.000000   0.73516579   0.24510409   0.000000   0.74996264   2.71303040
Z002443      0.502802   0.7056   0.98029679   0.000000   0.73519123   0.24510557   0.000000   0.74996800   2.71310490
Z002444      2.206334   0.7059   0.98041487   0.000000   0.73530282   0.24511205   0.000000   0.74999150   2.71343170
Z002445      0.601937   0.7062   0.98044707   0.000000   0.73533325   0.24511382   0.000000   0.74999791   2.71352081
Z002446      0.906275   0.7064   0.98049553   0.000000   0.73537905   0.24511648   0.000000   0.75000755   2.71365495
Z002447      1.027343   0.7067   0.98055046   0.000000   0.73543096   0.24511950   0.000000   0.75001848   2.71380695
Z002448      0.428404   0.7070   0.98057335   0.000000   0.73545260   0.24512075   0.000000   0.75002303   2.71387032
Z002449      1.337064   0.7073   0.98064480   0.000000   0.73552012   0.24512468   0.000000   0.75003724   2.71406805
Z002450      1.168339   0.7076   0.98070720   0.000000   0.73557910   0.24512810   0.000000   0.75004966   2.71424075
Z002451      0.856566   0.7079   0.98075293   0.000000   0.73562232   0.24513061   0.000000   0.75005875   2.71436732
Z002452      1.179772   0.7082   0.98081590   0.000000   0.73568183   0.24513407   0.000000   0.75007127   2.71454159
Z002453      1.301613   0.7085   0.98088534   0.000000   0.73574746   0.24513788   0.000000   0.75008508   2.71473379
Z002454      0.813845   0.7088   0.98092874   0.000000   0.73578848   0.24514026   0.000000   0.75009371   2.71485391
Z002455      0.908488   0.7090   0.98097718   0.000000   0.73583426   0.24514292   0.000000   0.75010334   2.71498797
Z002456      1.257727   0.7093   0.98104422   0.000000   0.73589762   0.24514660   0.000000   0.75011667   2.71517349
Z002457      1.050758   0.7096   0.98110020   0.000000   0.73595053   0.24514967   0.000000   0.75012780   2.71532843
Z002458      0.778548   0.7099   0.98114166   0.000000   0.73598972   0.24515194   0.000000   0.75013604   2.71544319
Z002459      0.220347   0.7102   0.98115340   0.000000   0.73600081   0.24515258   0.000000   0.75013837   2.71547566
Z002460      1.568224   0.7105   0.98123688   0.000000   0.73607972   0.24515716   0.000000   0.75015497   2.71570672
Z002461      1.740398   0.7108   0.98132948   0.000000   0.73616724   0.24516224   0.000000   0.75017337   2.71596300
Z002462      0.705198   0.7111   0.98136699   0.000000   0.73620269   0.24516430   0.000000   0.75018082   2.71606681
Z002463      1.105487   0.7114   0.98142576   0.000000   0.73625824   0.24516752   0.000000   0.75019250   2.71622948
Z002464      0.891154   0.7116   0.98147313   0.000000   0.73630301   0.24517012   0.000000   0.75020191   2.71636057
Z002465      0.674760   0.7119   0.98150898   0.000000   0.73633690   0.24517208   0.000000   0.75020903   2.71645980
Z002466      1.196239   0.7122   0.98157253   0.000000   0.73639696   0.24517556   0.000000   0.75022165   2.71663567
Z002467      0.910697   0.7125   0.98162089   0.000000   0.73644267   0.24517821   0.000000   0.75023126   2.71676951
Z002468      1.312098   0.7128   0.98169053   0.000000   0.73650850   0.24518203   0.000000   0.75024509   2.71696227
Z002469      0.535192   0.7131   0.98171893   0.000000   0.73653535   0.24518359   0.000000   0.75025073   2.71704087
Z002470      1.528838   0.7134   0.98180003   0.000000   0.73661200   0.24518803   0.000000   0.75026683   2.71726533
Z002471      0.684001   0.7137   0.98183631   0.000000   0.73664629   0.24519002   0.000000   0.75027404   2.71736571
Z002472      1.769710   0.7140   0.98193011   0.000000   0.73673496   0.24519516   0.000000   0.75029266   2.71762533
Z002473      0.813933   0.7142   0.98197324   0.000000   0.73677572   0.24519752   0.000000   0.75030122   2.71774468
Z002474      0.371332   0.7145   0.98199291   0.000000   0.73679431   0.24519859   0.000000   0.75030513   2.71779912
Z002475      1.110621   0.7148   0.98205172   0.000000   0.73684991   0.24520182   0.000000   0.75031680   2.71796191
Z002476      1.217809   0.7151   0.98211619   0.000000   0.73691085   0.24520535   0.000000   0.75032960   2.71814034
Z002477      0.477961   0.7154   0.98214149   0.000000   0.73693476   0.24520673   0.000000   0.75033462   2.71821035
Z002478      1.413422   0.7157   0.98221627   0.000000   0.73700544   0.24521083   0.000000   0.75034946   2.71841731
Z002479      1.632841   0.7160   0.98230262   0.000000   0.73708706   0.24521555   0.000000   0.75036659   2.71865629
Z002480      0.829418   0.7163   0.98234646   0.000000   0.73712851   0.24521795   0.000000   0.75037529   2.71877763
Z002481      0.730315   0.7166   0.98238505   0.000000   0.73716499   0.24522006   0.000000   0.75038294   2.71888444
Z002482      0.713756   0.7168   0.98242276   0.000000   0.73720063   0.24522213   0.000000   0.75039043   2.71898881
Z002483      1.670632   0.7171   0.98251099   0.000000   0.73728403   0.24522696   0.000000   0.75040793   2.71923299
Z002484      0.452584   0.7174   0.98253488   0.000000   0.73730662   0.24522826   0.000000   0.75041267   2.71929912
Z002485      1.436728   0.7177   0.98261071   0.000000   0.73737830   0.24523241   0.000000   0.75042770   2.71950898
Z002486      0.351667   0.7180   0.98262926   0.000000   0.73739584   0.24523343   0.000000   0.75043138   2.71956033
Z002487      1.083379   0.7183   0.98268641   0.000000   0.73744986   0.24523655   0.000000   0.75044272   2.71971849
Z002488      1.678336   0.7186   0.98277490   0.000000   0.73753351   0.24524139   0.000000   0.75046026   2.71996340
Z002489      1.025858   0.7189   0.98282896   0.000000   0.73758461   0.24524435   0.000000   0.75047098   2.72011303
Z002490      0.932767   0.7192   0.98287810   0.000000   0.73763107   0.24524704   0.000000   0.75048072   2.72024903
Z002491      1.027083   0.7194   0.98293220   0.000000   0.73768220   0.24524999   0.000000   0.75049144   2.72039874
Z002492      0.891025   0.7197   0.98297911   0.000000   0.73772655   0.24525256   0.000000   0.75050074   2.72052858
Z002493      0.592487   0.7200   0.98301030   0.000000   0.73775603   0.24525426   0.000000   0.75050692   2.72061489
Z002494      0.862968   0.7203   0.98305571   0.000000   0.73779896   0.24525675   0.000000   0.75051592   2.72074058
Z002495      1.716863   0.7206   0.98314602   0.000000   0.73788434   0.24526168   0.000000   0.75053382   2.72099052
Z002496      0.788696   0.7209   0.98318749   0.000000   0.73792354   0.24526395   0.000000   0.75054204   2.72110530
Z002497      1.102000   0.7212   0.98324541   0.000000   0.73797830   0.24526711   0.000000   0.75055351   2.72126561
Z002498      1.097866   0.7215   0.98330310   0.000000   0.73803284   0.24527027   0.000000   0.75056494   2.72142527
Z002499      1.095141   0.7218   0.98336062   0.000000   0.73808722   0.24527341   0.000000   0.75057634   2.72158447
Z002500      0.694688   0.7220   0.98339710   0.000000   0.73812170   0.24527540   0.000000   0.75058356   2.72168543
Z002501      1.466812   0.7223   0.98347410   0.000000   0.73819449   0.24527961   0.000000   0.75059881   2.72189852
Z002502      0.462095   0.7226   0.98349835   0.000000   0.73821741   0.24528093   0.000000   0.75060361   2.72196563
Z002503      1.142783   0.7229   0.98355830   0.000000   0.73827409   0.24528421   0.000000   0.75061549   2.72213156
Z002504      0.713197   0.7232   0.98359570   0.000000   0.73830945   0.24528625   0.000000   0.75062289   2.72223508
Z002505      1.059009   0.7235   0.98365122   0.000000   0.73836194   0.24528928   0.000000   0.75063389   2.72238874
Z002506      1.847270   0.7238   0.98374803   0.000000   0.73845346   0.24529457   0.000000   0.75065305   2.72265667
Z002507      1.053267   0.7241   0.98380320   0.000000   0.73850562   0.24529758   0.000000   0.75066397   2.72280935
Z002508      0.487951   0.7244   0.98382875   0.000000   0.73852978   0.24529897   0.000000   0.75066903   2.72288007
Z002509      0.978826   0.7246   0.98388000   0.000000   0.73857822   0.24530177   0.000000   0.75067917   2.72302190
Z002510      0.756376   0.7249   0.98391958   0.000000   0.73861565   0.24530393   0.000000   0.75068701   2.72313146
Z002511      1.396246   0.7252   0.98399263   0.000000   0.73868471   0.24530792   0.000000   0.75070147   2.72333364
Z002512      1.017492   0.7255   0.98404585   0.000000   0.73873502   0.24531082   0.000000   0.75071200   2.72348092
Z002513      0.384586   0.7258   0.98406596   0.000000   0.73875404   0.24531192   0.000000   0.75071598   2.72353658
Z002514      1.994902   0.7261   0.98417022   0.000000   0.73885261   0.24531761   0.000000   0.75073661   2.72382515
Z002515      0.404474   0.7264   0.98419136   0.000000   0.73887259   0.24531876   0.000000   0.75074079   2.72388363
Z002516      1.254313   0.7267   0.98425687   0.000000   0.73893453   0.24532234   0.000000   0.75075375   2.72406496
Z002517      1.213815   0.7270   0.98432025   0.000000   0.73899445   0.24532579   0.000000   0.75076628   2.72424035
Z002518      1.097044   0.7272   0.98437750   0.000000   0.73904858   0.24532892   0.000000   0.75077761   2.72439882
Z002519      0.781557   0.7275   0.98441828   0.000000   0.73908714   0.24533114   0.000000   0.75078567   2.72451167
Z002520      0.541150   0.7278   0.98444651   0.000000   0.73911383   0.24533268   0.000000   0.75079125   2.72458980
Z002521      1.134465   0.7281   0.98450567   0.000000   0.73916976   0.24533591   0.000000   0.75080295   2.72475354
Z002522      0.871417   0.7284   0.98455110   0.000000   0.73921272   0.24533838   0.000000   0.75081194   2.72487927
Z002523      1.638255   0.7287   0.98463647   0.000000   0.73929343   0.24534304   0.000000   0.75082881   2.72511554
Z002524      1.256402   0.7290   0.98470191   0.000000   0.73935531   0.24534660   0.000000   0.75084175   2.72529666
Z002525      0.522215   0.7293   0.98472910   0.000000   0.73938102   0.24534809   0.000000   0.75084713   2.72537192
Z002526      1.248565   0.7296   0.98479410   0.000000   0.73944247   0.24535163   0.000000   0.75085997   2.72555180
Z002527      0.887792   0.7298   0.98484030   0.000000   0.73948615   0.24535415   0.000000   0.75086910   2.72567966
Z002528      0.536367   0.7301   0.98486820   0.000000   0.73951253   0.24535567   0.000000   0.75087462   2.72575689
Z002529      1.624838   0.7304   0.98495270   0.000000   0.73959243   0.24536027   0.000000   0.75089132   2.72599077
Z002530      0.774884   0.7307   0.98499299   0.000000   0.73963052   0.24536247   0.000000   0.75089928   2.72610226
Z002531      0.889289   0.7310   0.98503921   0.000000   0.73967422   0.24536498   0.000000   0.75090841   2.72623017
Z002532      0.708213   0.7313   0.98507600   0.000000   0.73970902   0.24536699   0.000000   0.75091568   2.72633202
Z002533      1.851469   0.7316   0.98517216   0.000000   0.73979994   0.24537223   0.000000   0.75093468   2.72659816
Z002534      1.033695   0.7319   0.98522583   0.000000   0.73985068   0.24537515   0.000000   0.75094527   2.72674667
Z002535      0.751070   0.7322   0.98526481   0.000000   0.73988754   0.24537727   0.000000   0.75095297   2.72685455
Z002536      0.942181   0.7324   0.98531369   0.000000   0.73993376   0.24537993   0.000000   0.75096263   2.72698984
Z002537      0.970765   0.7327   0.98536404   0.000000   0.73998137   0.24538267   0.000000   0.75097257   2.72712920
Z002538      0.798639   0.7330   0.98540545   0.000000   0.74002052   0.24538493   0.000000   0.75098075   2.72724381
Z002539      0.759717   0.7333   0.98544483   0.000000   0.74005776   0.24538707   0.000000   0.75098853   2.72735281
Z002540      1.458372   0.7336   0.98552041   0.000000   0.74012922   0.24539119   0.000000   0.75100345   2.72756197
Z002541      1.184244   0.7339   0.98558175   0.000000   0.74018723   0.24539452   0.000000   0.75101556   2.72773174
Z002542      1.338257   0.7342   0.98565104   0.000000   0.74025275   0.24539829   0.000000   0.75102923   2.72792351
Z002543      0.510379   0.7345   0.98567746   0.000000   0.74027773   0.24539973   0.000000   0.75103445   2.72799663
Z002544      0.799606   0.7348   0.98571884   0.000000   0.74031686   0.24540198   0.000000   0.75104262   2.72811115
Z002545      1.593994   0.7350   0.98580130   0.000000   0.74039483   0.24540647   0.000000   0.75105889   2.72833936
Z002546      0.858754   0.7353   0.98584570   0.000000   0.74043682   0.24540889   0.000000   0.75106765   2.72846226
Z002547      0.611152   0.7356   0.98587730   0.000000   0.74046669   0.24541060   0.000000   0.75107389   2.72854971
Z002548      0.974015   0.7359   0.98592764   0.000000   0.74051430   0.24541334   0.000000   0.75108382   2.72868903
Z002549      0.984988   0.7362   0.98597853   0.000000   0.74056242   0.24541611   0.000000   0.75109386   2.72882988
Z002550      1.306781   0.7365   0.98604602   0.000000   0.74062624   0.24541978   0.000000   0.75110718   2.72901668
Z002551      1.198194   0.7368   0.98610788   0.000000   0.74068474   0.24542314   0.000000   0.75111938   2.72918788
Z002552      1.477094   0.7371   0.98618411   0.000000   0.74075682   0.24542729   0.000000   0.75113441   2.72939885
Z002553      0.538817   0.7374   0.98621191   0.000000   0.74078311   0.24542880   0.000000   0.75113989   2.72947578
Z002554      0.588253   0.7376   0.98624225   0.000000   0.74081180   0.24543045   0.000000   0.75114588   2.72955975
Z002555      1.053293   0.7379   0.98629656   0.000000   0.74086316   0.24543340   0.000000   0.75115659   2.72971007
Z002556      1.064622   0.7382   0.98635144   0.000000   0.74091505   0.24543638   0.000000   0.75116741   2.72986196
Z002557      1.138872   0.7385   0.98641012   0.000000   0.74097055   0.24543957   0.000000   0.75117898   2.73002437
Z002558      1.059886   0.7388   0.98646472   0.000000   0.74102218   0.24544254   0.000000   0.75118974   2.73017547
Z002559      0.872275   0.7391   0.98650964   0.000000   0.74106466   0.24544498   0.000000   0.75119860   2.73029979
Z002560      1.533197   0.7394   0.98658856   0.000000   0.74113929   0.24544927   0.000000   0.75121415   2.73051821
Z002561      0.497779   0.7397   0.98661417   0.000000   0.74116351   0.24545066   0.000000   0.75121920   2.73058910
Z002562      1.647623   0.7400   0.98669892   0.000000   0.74124366   0.24545526   0.000000   0.75123591   2.73082367
Z002563      0.298963   0.7402   0.98671430   0.000000   0.74125820   0.24545610   0.000000   0.75123894   2.73086622
Z002564      1.383454   0.7405   0.98678542   0.000000   0.74132546   0.24545996   0.000000   0.75125295   2.73106306
Z002565      0.827121   0.7408   0.98682793   0.000000   0.74136566   0.24546227   0.000000   0.75126133   2.73118070
Z002566      0.695748   0.7411   0.98686367   0.000000   0.74139946   0.24546421   0.000000   0.75126837   2.73127964
Z002567      0.719735   0.7414   0.98690064   0.000000   0.74143443   0.24546622   0.000000   0.75127565   2.73138196
Z002568      2.321283   0.7417   0.98701982   0.000000   0.74154713   0.24547269   0.000000   0.75129913   2.73171180
Z002569      0.577998   0.7420   0.98704948   0.000000   0.74157519   0.24547430   0.000000   0.75130497   2.73179389
Z002570      0.778718   0.7423   0.98708944   0.000000   0.74161297   0.24547647   0.000000   0.75131284   2.73190447
Z002571      1.153827   0.7426   0.98714862   0.000000   0.74166894   0.24547968   0.000000   0.75132450   2.73206826
Z002572      0.772630   0.7428   0.98718823   0.000000   0.74170640   0.24548183   0.000000   0.75133230   2.73217790
Z002573      1.028856   0.7431   0.98724097   0.000000   0.74175628   0.24548469   0.000000   0.75134268   2.73232386
Z002574      1.004950   0.7434   0.98729247   0.000000   0.74180498   0.24548749   0.000000   0.75135282   2.73246639
Z002575      1.087903   0.7437   0.98734820   0.000000   0.74185769   0.24549051   0.000000   0.75136379   2.73262062
Z002576      0.819340   0.7440   0.98739016   0.000000   0.74189737   0.24549279   0.000000   0.75137205   2.73273675
Z002577      1.229504   0.7443   0.98745310   0.000000   0.74195690   0.24549620   0.000000   0.75138444   2.73291095
Z002578      1.024101   0.7446   0.98750551   0.000000   0.74200646   0.24549904   0.000000   0.75139476   2.73305600
Z002579      1.363527   0.7449   0.98757526   0.000000   0.74207243   0.24550283   0.000000   0.75140849   2.73324904
Z002580      0.920010   0.7452   0.98762230   0.000000   0.74211693   0.24550538   0.000000   0.75141775   2.73337925
Z002581      0.914476   0.7454   0.98766905   0.000000   0.74216114   0.24550791   0.000000   0.75142695   2.73350863
Z002582      0.718203   0.7457   0.98770576   0.000000   0.74219586   0.24550990   0.000000   0.75143417   2.73361022
Z002583      0.529256   0.7460   0.98773280   0.000000   0.74222143   0.24551137   0.000000   0.75143949   2.73368507
Z002584      1.717778   0.7463   0.98782054   0.000000   0.74230442   0.24551613   0.000000   0.75145675   2.73392790
Z002585      0.549273   0.7466   0.98784859   0.000000   0.74233094   0.24551765   0.000000   0.75146227   2.73400553
Z002586      1.685290   0.7469   0.98793461   0.000000   0.74241230   0.24552231   0.000000   0.75147919   2.73424360
Z002587      1.002543   0.7472   0.98798576   0.000000   0.74246068   0.24552508   0.000000   0.75148925   2.73438516
Z002588      1.028658   0.7475   0.98803823   0.000000   0.74251030   0.24552792   0.000000   0.75149957   2.73453037
Z002589      0.351005   0.7478   0.98805612   0.000000   0.74252723   0.24552889   0.000000   0.75150309   2.73457990
Z002590      1.272909   0.7480   0.98812102   0.000000   0.74258861   0.24553241   0.000000   0.75151585   2.73475950
Z002591      1.540096   0.7483   0.98819949   0.000000   0.74266283   0.24553666   0.000000   0.75153128   2.73497670
Z002592      0.375697   0.7486   0.98821863   0.000000   0.74268093   0.24553770   0.000000   0.75153504   2.73502966
Z002593      0.848519   0.7489   0.98826185   0.000000   0.74272181   0.24554004   0.000000   0.75154354   2.73514927
Z002594      1.075675   0.7492   0.98831661   0.000000   0.74277361   0.24554301   0.000000   0.75155431   2.73530085
Z002595      1.242896   0.7495   0.98837987   0.000000   0.74283344   0.24554643   0.000000   0.75156674   2.73547592
Z002596      1.775600   0.7498   0.98847020   0.000000   0.74291888   0.24555132   0.000000   0.75158450   2.73572591
Z002597      0.327593   0.7501   0.98848686   0.000000   0.74293463   0.24555222   0.000000   0.75158777   2.73577202
Z002598      1.081458   0.7504   0.98854184   0.000000   0.74298664   0.24555520   0.000000   0.75159858   2.73592420
Z002599      0.983426   0.7507   0.98859183   0.000000   0.74303392   0.24555791   0.000000   0.75160840   2.73606253
Z002600      0.837241   0.7509   0.98863437   0.000000   0.74307416   0.24556021   0.000000   0.75161676   2.73618027
Z002601      0.700552   0.7512   0.98866995   0.000000   0.74310782   0.24556214   0.000000   0.75162375   2.73627877
Z002602      1.236562   0.7515   0.98873275   0.000000   0.74316721   0.24556554   0.000000   0.75163609   2.73645256
Z002603      1.380115   0.7518   0.98880281   0.000000   0.74323348   0.24556933   0.000000   0.75164985   2.73664646
Z002604      1.159612   0.7521   0.98886165   0.000000   0.74328914   0.24557251   0.000000   0.75166141   2.73680930
Z002605      0.438323   0.7524   0.98888388   0.000000   0.74331017   0.24557371   0.000000   0.75166577   2.73687084
Z002606      1.436013   0.7527   0.98895671   0.000000   0.74337905   0.24557766   0.000000   0.75168008   2.73707240
Z002607      1.088986   0.7530   0.98901191   0.000000   0.74343127   0.24558064   0.000000   0.75169092   2.73722518
Z002608      0.862681   0.7533   0.98905563   0.000000   0.74347262   0.24558301   0.000000   0.75169950   2.73734618
Z002609      0.746858   0.7535   0.98909347   0.000000   0.74350842   0.24558505   0.000000   0.75170693   2.73745090
Z002610      1.231424   0.7538   0.98915584   0.000000   0.74356741   0.24558843   0.000000   0.75171918   2.73762352
Z002611      0.588042   0.7541   0.98918561   0.000000   0.74359558   0.24559004   0.000000   0.75172502   2.73770592
Z002612      0.922989   0.7544   0.98923234   0.000000   0.74363977   0.24559256   0.000000   0.75173419   2.73783523
Z002613      1.793040   0.7547   0.98932306   0.000000   0.74372559   0.24559747   0.000000   0.75175200   2.73808633
Z002614      1.061078   0.7550   0.98937673   0.000000   0.74377636   0.24560037   0.000000   0.75176254   2.73823486
Z002615      1.034435   0.7553   0.98942903   0.000000   0.74382583   0.24560320   0.000000   0.75177280   2.73837961
Z002616      0.482187   0.7556   0.98945340   0.000000   0.74384889   0.24560452   0.000000   0.75177758   2.73844707
Z002617      0.910510   0.7559   0.98949942   0.000000   0.74389241   0.24560700   0.000000   0.75178661   2.73857442
Z002618      1.052914   0.7561   0.98955261   0.000000   0.74394273   0.24560988   0.000000   0.75179705   2.73872164
Z002619      1.326407   0.7564   0.98961960   0.000000   0.74400610   0.24561350   0.000000   0.75181019   2.73890703
Z002620      0.843501   0.7567   0.98966218   0.000000   0.74404638   0.24561580   0.000000   0.75181855   2.73902488
Z002621      0.602417   0.7570   0.98969259   0.000000   0.74407514   0.24561744   0.000000   0.75182451   2.73910904
Z002622      1.715132   0.7573   0.98977912   0.000000   0.74415700   0.24562212   0.000000   0.75184148   2.73934853
Z002623      0.988250   0.7576   0.98982896   0.000000   0.74420415   0.24562481   0.000000   0.75185126   2.73948647
Z002624      0.605404   0.7579   0.98985948   0.000000   0.74423303   0.24562646   0.000000   0.75185725   2.73957095
Z002625      1.672526   0.7582   0.98994378   0.000000   0.74431277   0.24563101   0.000000   0.75187378   2.73980426
Z002626      0.686917   0.7585   0.98997839   0.000000   0.74434551   0.24563288   0.000000   0.75188056   2.73990004
Z002627      0.538893   0.7587   0.99000554   0.000000   0.74437119   0.24563435   0.000000   0.75188589   2.73997517
Z002628      1.257815   0.7590   0.99006888   0.000000   0.74443111   0.24563777   0.000000   0.75189831   2.74015048
Z002629      0.340523   0.7593   0.99008602   0.000000   0.74444733   0.24563869   0.000000   0.75190167   2.74019793
Z002630      1.909524   0.7596   0.99018213   0.000000   0.74453824   0.24564388   0.000000   0.75192051   2.74046390
Z002631      1.038572   0.7599   0.99023437   0.000000   0.74458767   0.24564670   0.000000   0.75193075   2.74060850
Z002632      1.190067   0.7602   0.99029421   0.000000   0.74464428   0.24564993   0.000000   0.75194248   2.74077413
Z002633      0.598989   0.7605   0.99032433   0.000000   0.74467277   0.24565156   0.000000   0.75194838   2.74085747
Z002634      0.981508   0.7608   0.99037366   0.000000   0.74471944   0.24565422   0.000000   0.75195804   2.74099400
Z002635      1.076421   0.7611   0.99042774   0.000000   0.74477060   0.24565714   0.000000   0.75196864   2.74114368
Z002636      0.982249   0.7613   0.99047708   0.000000   0.74481728   0.24565980   0.000000   0.75197831   2.74128022
Z002637      0.834367   0.7616   0.99051897   0.000000   0.74485691   0.24566206   0.000000   0.75198652   2.74139618
Z002638      1.329827   0.7619   0.99058572   0.000000   0.74492006   0.24566566   0.000000   0.75199959   2.74158092
Z002639      0.493816   0.7622   0.99061051   0.000000   0.74494351   0.24566700   0.000000   0.75200445   2.74164950
Z002640      1.173860   0.7625   0.99066940   0.000000   0.74499922   0.24567018   0.000000   0.75201598   2.74181249
Z002641      1.803752   0.7628   0.99075984   0.000000   0.74508479   0.24567505   0.000000   0.75203370   2.74206282
Z002642      0.713337   0.7631   0.99079560   0.000000   0.74511862   0.24567698   0.000000   0.75204070   2.74216178
Z002643      0.951621   0.7634   0.99084329   0.000000   0.74516373   0.24567955   0.000000   0.75205004   2.74229376
Z002644      0.435292   0.7637   0.99086510   0.000000   0.74518437   0.24568073   0.000000   0.75205431   2.74235412
Z002645      1.456069   0.7639   0.99093802   0.000000   0.74525336   0.24568466   0.000000   0.75206859   2.74255596
Z002646      0.530891   0.7642   0.99096461   0.000000   0.74527851   0.24568610   0.000000   0.75207379   2.74262953
Z002647      1.108618   0.7645   0.99102010   0.000000   0.74533101   0.24568909   0.000000   0.75208466   2.74278311
Z002648      1.317288   0.7648   0.99108602   0.000000   0.74539338   0.24569264   0.000000   0.75209756   2.74296554
Z002649      1.510945   0.7651   0.99116159   0.000000   0.74546487   0.24569671   0.000000   0.75211235   2.74317470
Z002650      0.366226   0.7654   0.99117990   0.000000   0.74548220   0.24569770   0.000000   0.75211594   2.74322538
Z002651      1.245827   0.7657   0.99124218   0.000000   0.74554112   0.24570106   0.000000   0.75212813   2.74339774
Z002652      0.762845   0.7660   0.99128030   0.000000   0.74557719   0.24570311   0.000000   0.75213559   2.74350324
Z002653      1.331525   0.7663   0.99134682   0.000000   0.74564012   0.24570669   0.000000   0.75214860   2.74368734
Z002654      1.100293   0.7665   0.99140176   0.000000   0.74569211   0.24570965   0.000000   0.75215935   2.74383941
Z002655      0.409320   0.7668   0.99142220   0.000000   0.74571144   0.24571076   0.000000   0.75216335   2.74389597
Z002656      0.821978   0.7671   0.99146323   0.000000   0.74575026   0.24571297   0.000000   0.75217138   2.74400952
Z002657      1.291201   0.7674   0.99152766   0.000000   0.74581122   0.24571644   0.000000   0.75218398   2.74418784
Z002658      1.537594   0.7677   0.99160435   0.000000   0.74588378   0.24572057   0.000000   0.75219898   2.74440010
Z002659      0.975535   0.7680   0.99165298   0.000000   0.74592980   0.24572318   0.000000   0.75220850   2.74453471
Z002660      0.875417   0.7683   0.99169662   0.000000   0.74597108   0.24572553   0.000000   0.75221703   2.74465547
Z002661      1.229499   0.7686   0.99175788   0.000000   0.74602905   0.24572883   0.000000   0.75222901   2.74482502
Z002662      0.539993   0.7689   0.99178478   0.000000   0.74605450   0.24573028   0.000000   0.75223427   2.74489947
Z002663      0.467196   0.7691   0.99180805   0.000000   0.74607651   0.24573153   0.000000   0.75223882   2.74496386
Z002664      1.753270   0.7694   0.99189534   0.000000   0.74615911   0.24573623   0.000000   0.75225589   2.74520546
Z002665      0.882960   0.7697   0.99193928   0.000000   0.74620068   0.24573860   0.000000   0.75226448   2.74532707
Z002666      0.818851   0.7700   0.99198002   0.000000   0.74623923   0.24574079   0.000000   0.75227244   2.74543983
Z002667      1.414293   0.7703   0.99205036   0.000000   0.74630579   0.24574458   0.000000   0.75228619   2.74563451
Z002668      0.761596   0.7706   0.99208823   0.000000   0.74634162   0.24574661   0.000000   0.75229359   2.74573931
Z002669      1.353420   0.7709   0.99215550   0.000000   0.74640527   0.24575023   0.000000   0.75230674   2.74592549
Z002670      0.852605   0.7712   0.99219786   0.000000   0.74644535   0.24575251   0.000000   0.75231502   2.74604273
Z002671      0.926519   0.7715   0.99224389   0.000000   0.74648890   0.24575499   0.000000   0.75232401   2.74617010
Z002672      0.940170   0.7717   0.99229057   0.000000   0.74653307   0.24575750   0.000000   0.75233313   2.74629932
Z002673      0.731313   0.7720   0.99232688   0.000000   0.74656743   0.24575945   0.000000   0.75234023   2.74639980
Z002674      1.041169   0.7723   0.99237855   0.000000   0.74661632   0.24576223   0.000000   0.75235032   2.74654282
Z002675      0.816072   0.7726   0.99241904   0.000000   0.74665464   0.24576441   0.000000   0.75235823   2.74665488
Z002676      2.266287   0.7729   0.99253144   0.000000   0.74676098   0.24577045   0.000000   0.75238018   2.74696594
Z002677      0.317968   0.7732   0.99254720   0.000000   0.74677590   0.24577130   0.000000   0.75238326   2.74700957
Z002678      0.948444   0.7735   0.99259421   0.000000   0.74682038   0.24577383   0.000000   0.75239244   2.74713967
Z002679      0.700395   0.7738   0.99262891   0.000000   0.74685322   0.24577569   0.000000   0.75239922   2.74723572
Z002680      1.287271   0.7741   0.99269268   0.000000   0.74691356   0.24577912   0.000000   0.75241167   2.74741220
Z002681      1.061064   0.7743   0.99274522   0.000000   0.74696327   0.24578194   0.000000   0.75242193   2.74755761
Z002682      0.657736   0.7746   0.99277778   0.000000   0.74699409   0.24578369   0.000000   0.75242829   2.74764773
Z002683      1.166226   0.7749   0.99283549   0.000000   0.74704870   0.24578679   0.000000   0.75243956   2.74780746
Z002684      0.939280   0.7752   0.99288196   0.000000   0.74709267   0.24578929   0.000000   0.75244863   2.74793607
Z002685      1.229179   0.7755   0.99294276   0.000000   0.74715020   0.24579256   0.000000   0.75246050   2.74810432
Z002686      0.979188   0.7758   0.99299117   0.000000   0.74719601   0.24579516   0.000000   0.75246994   2.74823831
Z002687      1.559170   0.7761   0.99306822   0.000000   0.74726892   0.24579930   0.000000   0.75248498   2.74845157
Z002688      0.411135   0.7764   0.99308853   0.000000   0.74728815   0.24580039   0.000000   0.75248895   2.74850779
Z002689      1.204365   0.7767   0.99314802   0.000000   0.74734444   0.24580358   0.000000   0.75250056   2.74867242
Z002690      0.558726   0.7769   0.99317561   0.000000   0.74737055   0.24580507   0.000000   0.75250594   2.74874878
Z002691      0.841140   0.7772   0.99321714   0.000000   0.74740984   0.24580730   0.000000   0.75251404   2.74886371
Z002692      1.153009   0.7775   0.99327404   0.000000   0.74746369   0.24581035   0.000000   0.75252514   2.74902120
Z002693      1.677386   0.7778   0.99335679   0.000000   0.74754200   0.24581479   0.000000   0.75254129   2.74925022
Z002694      0.481047   0.7781   0.99338051   0.000000   0.74756445   0.24581607   0.000000   0.75254591   2.74931588
Z002695      1.491162   0.7784   0.99345403   0.000000   0.74763401   0.24582001   0.000000   0.75256025   2.74951934
Z002696      0.964755   0.7787   0.99350157   0.000000   0.74767901   0.24582257   0.000000   0.75256952   2.74965093
Z002697      0.355570   0.7790   0.99351909   0.000000   0.74769559   0.24582351   0.000000   0.75257294   2.74969942
Z002698      1.404711   0.7793   0.99358829   0.000000   0.74776107   0.24582722   0.000000   0.75258643   2.74989092
Z002699      0.997365   0.7795   0.99363740   0.000000   0.74780754   0.24582986   0.000000   0.75259601   2.75002684
Z002700      1.174647   0.7798   0.99369522   0.000000   0.74786226   0.24583296   0.000000   0.75260728   2.75018686
Z002701      0.393231   0.7801   0.99371457   0.000000   0.74788057   0.24583400   0.000000   0.75261106   2.75024042
Z002702      0.848026   0.7804   0.99375629   0.000000   0.74792006   0.24583624   0.000000   0.75261919   2.75035590
Z002703      1.932962   0.7807   0.99385136   0.000000   0.74801002   0.24584133   0.000000   0.75263772   2.75061900
Z002704      0.910657   0.7810   0.99389612   0.000000   0.74805239   0.24584374   0.000000   0.75264645   2.75074290
Z002705      1.092198   0.7813   0.99394980   0.000000   0.74810318   0.24584661   0.000000   0.75265691   2.75089145
Z002706      0.676880   0.7816   0.99398305   0.000000   0.74813466   0.24584840   0.000000   0.75266339   2.75098349
Z002707      0.838433   0.7819   0.99402424   0.000000   0.74817363   0.24585061   0.000000   0.75267142   2.75109747
Z002708      0.989566   0.7821   0.99407283   0.000000   0.74821962   0.24585321   0.000000   0.75268088   2.75123196
Z002709      0.972995   0.7824   0.99412059   0.000000   0.74826482   0.24585577   0.000000   0.75269019   2.75136416
Z002710      0.933345   0.7827   0.99416640   0.000000   0.74830817   0.24585823   0.000000   0.75269912   2.75149093
Z002711      1.382504   0.7830   0.99423422   0.000000   0.74837236   0.24586187   0.000000   0.75271233   2.75167864
Z002712      1.156001   0.7833   0.99429091   0.000000   0.74842601   0.24586490   0.000000   0.75272337   2.75183553
Z002713      0.801518   0.7836   0.99433021   0.000000   0.74846320   0.24586701   0.000000   0.75273103   2.75194428
Z002714      0.728827   0.7839   0.99436593   0.000000   0.74849700   0.24586892   0.000000   0.75273798   2.75204315
Z002715      1.737582   0.7842   0.99445106   0.000000   0.74857757   0.24587349   0.000000   0.75275456   2.75227876
Z002716      0.598361   0.7845   0.99448037   0.000000   0.74860531   0.24587506   0.000000   0.75276027   2.75235987
Z002717      0.706878   0.7847   0.99451498   0.000000   0.74863807   0.24587691   0.000000   0.75276701   2.75245567
Z002718      0.897313   0.7850   0.99455891   0.000000   0.74867964   0.24587927   0.000000   0.75277556   2.75257724
Z002719      1.213353   0.7853   0.99461829   0.000000   0.74873584   0.24588245   0.000000   0.75278712   2.75274159
Z002720      0.645026   0.7856   0.99464985   0.000000   0.74876571   0.24588414   0.000000   0.75279327   2.75282893
Z002721      1.773059   0.7859   0.99473656   0.000000   0.74884778   0.24588878   0.000000   0.75281015   2.75306892
Z002722      1.204536   0.7862   0.99479544   0.000000   0.74890351   0.24589194   0.000000   0.75282161   2.75323189
Z002723      0.595330   0.7865   0.99482454   0.000000   0.74893104   0.24589349   0.000000   0.75282727   2.75331241
Z002724      0.889397   0.7868   0.99486799   0.000000   0.74897217   0.24589582   0.000000   0.75283573   2.75343268
Z002725      0.875374   0.7871   0.99491075   0.000000   0.74901264   0.24589811   0.000000   0.75284405   2.75355102
Z002726      0.833016   0.7873   0.99495143   0.000000   0.74905114   0.24590029   0.000000   0.75285197   2.75366361
Z002727      1.652394   0.7876   0.99503209   0.000000   0.74912749   0.24590461   0.000000   0.75286766   2.75388685
Z002728      0.343188   0.7879   0.99504884   0.000000   0.74914334   0.24590550   0.000000   0.75287092   2.75393320
Z002729      1.183656   0.7882   0.99510659   0.000000   0.74919800   0.24590859   0.000000   0.75288216   2.75409303
Z002730      1.065972   0.7885   0.99515858   0.000000   0.74924720   0.24591138   0.000000   0.75289227   2.75423692
Z002731      1.413831   0.7888   0.99522751   0.000000   0.74931244   0.24591506   0.000000   0.75290568   2.75442769
Z002732      0.955015   0.7891   0.99527405   0.000000   0.74935650   0.24591756   0.000000   0.75291473   2.75455650
Z002733      0.650168   0.7894   0.99530573   0.000000   0.74938648   0.24591925   0.000000   0.75292089   2.75464418
Z002734      1.384563   0.7897   0.99537317   0.000000   0.74945031   0.24592286   0.000000   0.75293401   2.75483083
Z002735      0.720891   0.7899   0.99540827   0.000000   0.74948354   0.24592474   0.000000   0.75294083   2.75492798
Z002736      0.607377   0.7902   0.99543784   0.000000   0.74951152   0.24592632   0.000000   0.75294658   2.75500981
Z002737      0.794018   0.7905   0.99547649   0.000000   0.74954810   0.24592839   0.000000   0.75295410   2.75511677
Z002738      1.708594   0.7908   0.99555962   0.000000   0.74962679   0.24593283   0.000000   0.75297026   2.75534685
Z002739      1.343635   0.7911   0.99562496   0.000000   0.74968863   0.24593633   0.000000   0.75298296   2.75552769
Z002740      0.696920   0.7914   0.99565884   0.000000   0.74972070   0.24593814   0.000000   0.75298955   2.75562146
Z002741      0.803615   0.7917   0.99569790   0.000000   0.74975767   0.24594023   0.000000   0.75299714   2.75572956
Z002742      1.260587   0.7920   0.99575915   0.000000   0.74981565   0.24594350   0.000000   0.75300905   2.75589909
Z002743      0.570400   0.7923   0.99578686   0.000000   0.74984188   0.24594498   0.000000   0.75301443   2.75597577
Z002744      1.364924   0.7925   0.99585314   0.000000   0.74990462   0.24594853   0.000000   0.75302731   2.75615922
Z002745      0.926715   0.7928   0.99589813   0.000000   0.74994720   0.24595093   0.000000   0.75303606   2.75628373
Z002746      0.503316   0.7931   0.99592256   0.000000   0.74997032   0.24595224   0.000000   0.75304080   2.75635133
Z002747      1.486909   0.7934   0.99599470   0.000000   0.75003861   0.24595609   0.000000   0.75305482   2.75655100
Z002748      0.730272   0.7937   0.99603012   0.000000   0.75007214   0.24595799   0.000000   0.75306170   2.75664903
Z002749      1.532433   0.7940   0.99610442   0.000000   0.75014247   0.24596196   0.000000   0.75307613   2.75685467
Z002750      1.260739   0.7943   0.99616553   0.000000   0.75020031   0.24596522   0.000000   0.75308800   2.75702378
Z002751      0.702966   0.7946   0.99619959   0.000000   0.75023255   0.24596704   0.000000   0.75309462   2.75711805
Z002752      0.479431   0.7949   0.99622281   0.000000   0.75025453   0.24596828   0.000000   0.75309913   2.75718233
Z002753      1.036281   0.7951   0.99627300   0.000000   0.75030204   0.24597096   0.000000   0.75310888   2.75732123
Z002754      1.054552   0.7954   0.99632406   0.000000   0.75035037   0.24597369   0.000000   0.75311879   2.75746254
Z002755      1.163881   0.7957   0.99638039   0.000000   0.75040369   0.24597670   0.000000   0.75312973   2.75761844
Z002756      0.787334   0.7960   0.99641848   0.000000   0.75043975   0.24597873   0.000000   0.75313713   2.75772388
Z002757      1.661419   0.7963   0.99649884   0.000000   0.75051582   0.24598302   0.000000   0.75315273   2.75794628
Z002758      0.836916   0.7966   0.99653931   0.000000   0.75055412   0.24598518   0.000000   0.75316058   2.75805827
Z002759      0.634074   0.7969   0.99656996   0.000000   0.75058314   0.24598682   0.000000   0.75316653   2.75814309
Z002760      1.119153   0.7972   0.99662404   0.000000   0.75063433   0.24598971   0.000000   0.75317703   2.75829278
Z002761      1.290794   0.7975   0.99668639   0.000000   0.75069336   0.24599304   0.000000   0.75318913   2.75846535
Z002762      0.755092   0.7977   0.99672286   0.000000   0.75072788   0.24599498   0.000000   0.75319621   2.75856628
Z002763      0.851387   0.7980   0.99676396   0.000000   0.75076679   0.24599718   0.000000   0.75320418   2.75868004
Z002764      0.963700   0.7983   0.99681048   0.000000   0.75081082   0.24599966   0.000000   0.75321321   2.75880878
Z002765      0.521036   0.7986   0.99683562   0.000000   0.75083462   0.24600100   0.000000   0.75321809   2.75887837
Z002766      2.092698   0.7989   0.99693657   0.000000   0.75093018   0.24600639   0.000000   0.75323768   2.75915775
Z002767      0.963200   0.7992   0.99698301   0.000000   0.75097415   0.24600886   0.000000   0.75324668   2.75928628
Z002768      0.603321   0.7995   0.99701209   0.000000   0.75100168   0.24601041   0.000000   0.75325233   2.75936677
Z002769      1.300164   0.7998   0.99707475   0.000000   0.75106099   0.24601376   0.000000   0.75326448   2.75954018
Z002770      0.496457   0.8001   0.99709867   0.000000   0.75108363   0.24601503   0.000000   0.75326912   2.75960637
Z002771      1.262458   0.8003   0.99715947   0.000000   0.75114119   0.24601828   0.000000   0.75328091   2.75977466
Z002772      0.395911   0.8006   0.99717853   0.000000   0.75115924   0.24601929   0.000000   0.75328461   2.75982742
Z002773      1.749623   0.8009   0.99726275   0.000000   0.75123897   0.24602378   0.000000   0.75330094   2.76006051
Z002774      0.823691   0.8012   0.99730239   0.000000   0.75127649   0.24602590   0.000000   0.75330863   2.76017020
Z002775      0.787475   0.8015   0.99734027   0.000000   0.75131235   0.24602792   0.000000   0.75331597   2.76027505
Z002776      1.402829   0.8018   0.99740773   0.000000   0.75137622   0.24603151   0.000000   0.75332905   2.76046176
Z002777      0.919599   0.8021   0.99745194   0.000000   0.75141807   0.24603387   0.000000   0.75333762   2.76058411
Z002778      1.194153   0.8024   0.99750933   0.000000   0.75147240   0.24603693   0.000000   0.75334874   2.76074294
Z002779      0.850417   0.8027   0.99755018   0.000000   0.75151108   0.24603911   0.000000   0.75335666   2.76085601
Z002780      0.642786   0.8029   0.99758106   0.000000   0.75154031   0.24604075   0.000000   0.75336265   2.76094146
Z002781      1.172352   0.8032   0.99763735   0.000000   0.75159360   0.24604375   0.000000   0.75337356   2.76109727
Z002782      0.604729   0.8035   0.99766638   0.000000   0.75162109   0.24604530   0.000000   0.75337918   2.76117761
Z002783      1.132711   0.8038   0.99772075   0.000000   0.75167255   0.24604820   0.000000   0.75338972   2.76132807
Z002784      1.635017   0.8041   0.99779918   0.000000   0.75174681   0.24605238   0.000000   0.75340491   2.76154515
Z002785      1.025179   0.8044   0.99784835   0.000000   0.75179335   0.24605499   0.000000   0.75341444   2.76168121
Z002786      1.064051   0.8047   0.99789936   0.000000   0.75184164   0.24605771   0.000000   0.75342432   2.76182239
Z002787      0.411242   0.8050   0.99791907   0.000000   0.75186030   0.24605876   0.000000   0.75342814   2.76187694
Z002788      0.775631   0.8053   0.99795623   0.000000   0.75189549   0.24606074   0.000000   0.75343534   2.76197981
Z002789      1.827350   0.8055   0.99804377   0.000000   0.75197836   0.24606540   0.000000   0.75345229   2.76222207
Z002790      0.384202   0.8058   0.99806216   0.000000   0.75199578   0.24606638   0.000000   0.75345586   2.76227298
Z002791      1.050559   0.8061   0.99811246   0.000000   0.75204340   0.24606906   0.000000   0.75346560   2.76241218
Z002792      0.765943   0.8064   0.99814912   0.000000   0.75207811   0.24607101   0.000000   0.75347270   2.76251364
Z002793      1.646815   0.8067   0.99822791   0.000000   0.75215270   0.24607521   0.000000   0.75348795   2.76273171
Z002794      0.649827   0.8070   0.99825899   0.000000   0.75218213   0.24607686   0.000000   0.75349397   2.76281772
Z002795      1.477315   0.8073   0.99832962   0.000000   0.75224900   0.24608062   0.000000   0.75350764   2.76301321
Z002796      0.824816   0.8076   0.99836905   0.000000   0.75228633   0.24608272   0.000000   0.75351528   2.76312232
Z002797      1.009004   0.8079   0.99841726   0.000000   0.75233197   0.24608528   0.000000   0.75352461   2.76325576
Z002798      0.592884   0.8081   0.99844558   0.000000   0.75235879   0.24608679   0.000000   0.75353009   2.76333415
Z002799      0.808610   0.8084   0.99848420   0.000000   0.75239536   0.24608885   0.000000   0.75353757   2.76344103
Z002800      1.080484   0.8087   0.99853579   0.000000   0.75244420   0.24609159   0.000000   0.75354755   2.76358382
Z002801      1.264613   0.8090   0.99859615   0.000000   0.75250135   0.24609480   0.000000   0.75355923   2.76375088
Z002802      1.529972   0.8093   0.99866915   0.000000   0.75257046   0.24609869   0.000000   0.75357336   2.76395290
Z002803      0.468243   0.8096   0.99869148   0.000000   0.75259161   0.24609987   0.000000   0.75357768   2.76401471
Z002804      1.106195   0.8099   0.99874423   0.000000   0.75264155   0.24610268   0.000000   0.75358788   2.76416071
Z002805      1.106266   0.8102   0.99879697   0.000000   0.75269148   0.24610548   0.000000   0.75359809   2.76430666
Z002806      0.860479   0.8105   0.99883798   0.000000   0.75273031   0.24610767   0.000000   0.75360602   2.76442015
Z002807      0.855111   0.8107   0.99887872   0.000000   0.75276888   0.24610983   0.000000   0.75361390   2.76453290
Z002808      1.239291   0.8110   0.99893774   0.000000   0.75282477   0.24611297   0.000000   0.75362532   2.76469627
Z002809      0.840167   0.8113   0.99897775   0.000000   0.75286265   0.24611510   0.000000   0.75363305   2.76480698
Z002810      0.553186   0.8116   0.99900408   0.000000   0.75288758   0.24611650   0.000000   0.75363815   2.76487986
Z002811      1.247347   0.8119   0.99906344   0.000000   0.75294379   0.24611965   0.000000   0.75364963   2.76504416
Z002812      1.996175   0.8122   0.99915840   0.000000   0.75303370   0.24612470   0.000000   0.75366799   2.76530695
Z002813      0.549400   0.8125   0.99918452   0.000000   0.75305843   0.24612609   0.000000   0.75367304   2.76537926
Z002814      0.538171   0.8128   0.99921010   0.000000   0.75308266   0.24612745   0.000000   0.75367798   2.76545007
Z002815      1.365026   0.8131   0.99927498   0.000000   0.75314409   0.24613090   0.000000   0.75369053   2.76562962
Z002816      0.555224   0.8133   0.99930136   0.000000   0.75316907   0.24613230   0.000000   0.75369563   2.76570264
Z002817      0.947452   0.8136   0.99934637   0.000000   0.75321168   0.24613469   0.000000   0.75370433   2.76582720
Z002818      1.350100   0.8139   0.99941049   0.000000   0.75327239   0.24613810   0.000000   0.75371672   2.76600465
Z002819      0.691560   0.8142   0.99944332   0.000000   0.75330348   0.24613984   0.000000   0.75372306   2.76609551
Z002820      1.432867   0.8145   0.99951132   0.000000   0.75336787   0.24614345   0.000000   0.75373620   2.76628372
Z002821      1.205449   0.8148   0.99956850   0.000000   0.75342202   0.24614649   0.000000   0.75374725   2.76644199
Z002822      0.396898   0.8151   0.99958733   0.000000   0.75343984   0.24614749   0.000000   0.75375089   2.76649409
Z002823      1.317576   0.8154   0.99964980   0.000000   0.75349900   0.24615081   0.000000   0.75376296   2.76666699
Z002824      1.204546   0.8157   0.99970690   0.000000   0.75355306   0.24615384   0.000000   0.75377399   2.76682501
Z002825      0.956583   0.8159   0.99975222   0.000000   0.75359598   0.24615624   0.000000   0.75378275   2.76695045
Z002826      0.493121   0.8162   0.99977558   0.000000   0.75361810   0.24615748   0.000000   0.75378726   2.76701511
Z002827      0.731749   0.8165   0.99981024   0.000000   0.75365092   0.24615932   0.000000   0.75379396   2.76711103
Z002828      1.303435   0.8168   0.99987196   0.000000   0.75370936   0.24616260   0.000000   0.75380588   2.76728184
Z002829      1.346290   0.8171   0.99993568   0.000000   0.75376970   0.24616598   0.000000   0.75381818   2.76745820
Z002830      1.121885   0.8174   0.99998876   0.000000   0.75381996   0.24616880   0.000000   0.75382843   2.76760511
Z002831      1.245194   0.8177   1.00004766   0.000000   0.75387573   0.24617193   0.000000   0.75383981   2.76776811
Z002832      0.519926   0.8180   1.00007224   0.000000   0.75389901   0.24617323   0.000000   0.75384455   2.76783615
Z002833      0.934659   0.8183   1.00011643   0.000000   0.75394085   0.24617558   0.000000   0.75385308   2.76795844
Z002834      0.713901   0.8185   1.00015017   0.000000   0.75397280   0.24617737   0.000000   0.75385960   2.76805182
Z002835      1.414285   0.8188   1.00021699   0.000000   0.75403608   0.24618091   0.000000   0.75387250   2.76823677
Z002836      0.877923   0.8191   1.00025846   0.000000   0.75407535   0.24618311   0.000000   0.75388050   2.76835153
Z002837      0.935884   0.8194   1.00030265   0.000000   0.75411720   0.24618545   0.000000   0.75388903   2.76847384
Z002838      0.924909   0.8197   1.00034631   0.000000   0.75415854   0.24618777   0.000000   0.75389746   2.76859468
Z002839      1.237695   0.8200   1.00040472   0.000000   0.75421385   0.24619087   0.000000   0.75390873   2.76875633
Z002840      1.267331   0.8203   1.00046451   0.000000   0.75427047   0.24619404   0.000000   0.75392027   2.76892179
Z002841      0.952484   0.8206   1.00050942   0.000000   0.75431300   0.24619642   0.000000   0.75392893   2.76904611
Z002842      0.918430   0.8209   1.00055272   0.000000   0.75435401   0.24619872   0.000000   0.75393729   2.76916595
Z002843      0.522585   0.8211   1.00057736   0.000000   0.75437733   0.24620002   0.000000   0.75394204   2.76923412
Z002844      1.437986   0.8214   1.00064512   0.000000   0.75444150   0.24620361   0.000000   0.75395511   2.76942165
Z002845      0.521652   0.8217   1.00066969   0.000000   0.75446477   0.24620492   0.000000   0.75395985   2.76948967
Z002846      0.679584   0.8220   1.00070170   0.000000   0.75449508   0.24620661   0.000000   0.75396603   2.76957825
Z002847      2.174455   0.8223   1.00080407   0.000000   0.75459203   0.24621204   0.000000   0.75398577   2.76986158
Z002848      0.662067   0.8226   1.00083523   0.000000   0.75462154   0.24621369   0.000000   0.75399178   2.76994781
Z002849      1.051775   0.8229   1.00088471   0.000000   0.75466840   0.24621631   0.000000   0.75400132   2.77008477
Z002850      0.522723   0.8232   1.00090930   0.000000   0.75469168   0.24621762   0.000000   0.75400607   2.77015282
Z002851      1.306098   0.8235   1.00097072   0.000000   0.75474985   0.24622087   0.000000   0.75401791   2.77032280
Z002852      0.988985   0.8238   1.00101721   0.000000   0.75479387   0.24622333   0.000000   0.75402687   2.77045147
Z002853      0.983269   0.8240   1.00106342   0.000000   0.75483763   0.24622578   0.000000   0.75403578   2.77057936
Z002854      0.659213   0.8243   1.00109439   0.000000   0.75486697   0.24622742   0.000000   0.75404175   2.77066508
Z002855      1.283102   0.8246   1.00115465   0.000000   0.75492404   0.24623061   0.000000   0.75405337   2.77083187
Z002856      0.556999   0.8249   1.00118081   0.000000   0.75494881   0.24623200   0.000000   0.75405841   2.77090426
Z002857      1.832355   0.8252   1.00126682   0.000000   0.75503027   0.24623655   0.000000   0.75407499   2.77114231
Z002858      0.666339   0.8255   1.00129809   0.000000   0.75505988   0.24623821   0.000000   0.75408101   2.77122885
Z002859      1.504213   0.8258   1.00136865   0.000000   0.75512670   0.24624195   0.000000   0.75409461   2.77142413
Z002860      0.485880   0.8261   1.00139143   0.000000   0.75514828   0.24624315   0.000000   0.75409900   2.77148719
Z002861      0.853440   0.8264   1.00143145   0.000000   0.75518618   0.24624527   0.000000   0.75410671   2.77159793
Z002862      0.623745   0.8266   1.00146069   0.000000   0.75521387   0.24624682   0.000000   0.75411235   2.77167885
Z002863      1.275215   0.8269   1.00152044   0.000000   0.75527046   0.24624998   0.000000   0.75412386   2.77184425
Z002864      1.381611   0.8272   1.00158516   0.000000   0.75533176   0.24625341   0.000000   0.75413633   2.77202337
Z002865      0.569520   0.8275   1.00161183   0.000000   0.75535702   0.24625482   0.000000   0.75414146   2.77209718
Z002866      1.481279   0.8278   1.00168118   0.000000   0.75542269   0.24625849   0.000000   0.75415482   2.77228911
Z002867      1.064974   0.8281   1.00173102   0.000000   0.75546990   0.24626113   0.000000   0.75416442   2.77242705
Z002868      0.612991   0.8284   1.00175970   0.000000   0.75549706   0.24626264   0.000000   0.75416994   2.77250642
Z002869      1.008423   0.8287   1.00180687   0.000000   0.75554173   0.24626514   0.000000   0.75417903   2.77263697
Z002870      1.353897   0.8290   1.00187018   0.000000   0.75560169   0.24626849   0.000000   0.75419122   2.77281218
Z002871      0.770157   0.8292   1.00190618   0.000000   0.75563579   0.24627039   0.000000   0.75419815   2.77291182
Z002872      0.677024   0.8295   1.00193782   0.000000   0.75566575   0.24627207   0.000000   0.75420424   2.77299939
Z002873      0.869540   0.8298   1.00197845   0.000000   0.75570423   0.24627421   0.000000   0.75421206   2.77311184
Z002874      1.048831   0.8301   1.00202744   0.000000   0.75575064   0.24627681   0.000000   0.75422150   2.77324743
Z002875      1.850423   0.8304   1.00211384   0.000000   0.75583247   0.24628137   0.000000   0.75423813   2.77348655
Z002876      0.845828   0.8307   1.00215332   0.000000   0.75586986   0.24628346   0.000000   0.75424573   2.77359581
Z002877      0.799068   0.8310   1.00219060   0.000000   0.75590517   0.24628543   0.000000   0.75425290   2.77369900
Z002878      0.632197   0.8313   1.00222010   0.000000   0.75593310   0.24628699   0.000000   0.75425858   2.77378063
Z002879      1.363206   0.8316   1.00228367   0.000000   0.75599332   0.24629035   0.000000   0.75427081   2.77395659
Z002880      0.491783   0.8318   1.00230660   0.000000   0.75601504   0.24629157   0.000000   0.75427522   2.77402005
Z002881      1.295596   0.8321   1.00236700   0.000000   0.75607224   0.24629476   0.000000   0.75428684   2.77418719
Z002882      0.800208   0.8324   1.00240429   0.000000   0.75610756   0.24629673   0.000000   0.75429402   2.77429040
Z002883      1.395102   0.8327   1.00246928   0.000000   0.75616911   0.24630016   0.000000   0.75430652   2.77447026
Z002884      0.993117   0.8330   1.00251552   0.000000   0.75621292   0.24630261   0.000000   0.75431542   2.77459826
Z002885      0.549404   0.8333   1.00254110   0.000000   0.75623714   0.24630396   0.000000   0.75432034   2.77466905
Z002886      1.796336   0.8336   1.00262471   0.000000   0.75631633   0.24630837   0.000000   0.75433642   2.77490044
Z002887      0.766954   0.8339   1.00266039   0.000000   0.75635013   0.24631026   0.000000   0.75434328   2.77499919
Z002888      0.574883   0.8342   1.00268713   0.000000   0.75637546   0.24631167   0.000000   0.75434842   2.77507320
Z002889      1.246174   0.8344   1.00274508   0.000000   0.75643034   0.24631473   0.000000   0.75435957   2.77523359
Z002890      0.482800   0.8347   1.00276752   0.000000   0.75645160   0.24631592   0.000000   0.75436388   2.77529571
Z002891      1.117595   0.8350   1.00281947   0.000000   0.75650081   0.24631866   0.000000   0.75437387   2.77543947
Z002892      1.101928   0.8353   1.00287067   0.000000   0.75654930   0.24632137   0.000000   0.75438372   2.77558118
Z002893      1.600893   0.8356   1.00294503   0.000000   0.75661973   0.24632529   0.000000   0.75439801   2.77578697
Z002894      0.913204   0.8359   1.00298743   0.000000   0.75665989   0.24632753   0.000000   0.75440616   2.77590432
Z002895      0.732147   0.8362   1.00302141   0.000000   0.75669208   0.24632933   0.000000   0.75441269   2.77599837
Z002896      1.081648   0.8365   1.00307161   0.000000   0.75673963   0.24633198   0.000000   0.75442234   2.77613730
Z002897      0.452809   0.8368   1.00309261   0.000000   0.75675953   0.24633308   0.000000   0.75442638   2.77619544
Z002898      1.414748   0.8370   1.00315823   0.000000   0.75682169   0.24633655   0.000000   0.75443899   2.77637705
Z002899      1.279965   0.8373   1.00321758   0.000000   0.75687790   0.24633968   0.000000   0.75445040   2.77654130
Z002900      0.463379   0.8376   1.00323906   0.000000   0.75689824   0.24634081   0.000000   0.75445452   2.77660074
Z002901      0.663220   0.8379   1.00326980   0.000000   0.75692736   0.24634244   0.000000   0.75446043   2.77668581
Z002902      1.750677   0.8382   1.00335090   0.000000   0.75700419   0.24634672   0.000000   0.75447601   2.77691029
Z002903      1.035554   0.8385   1.00339886   0.000000   0.75704961   0.24634925   0.000000   0.75448522   2.77704302
Z002904      0.993455   0.8388   1.00344485   0.000000   0.75709318   0.24635167   0.000000   0.75449406   2.77717031
Z002905      0.899814   0.8391   1.00348650   0.000000   0.75713263   0.24635387   0.000000   0.75450206   2.77728557
Z002906      1.116869   0.8394   1.00353818   0.000000   0.75718158   0.24635660   0.000000   0.75451199   2.77742860
Z002907      0.614726   0.8396   1.00356662   0.000000   0.75720852   0.24635809   0.000000   0.75451745   2.77750730
Z002908      0.623952   0.8399   1.00359547   0.000000   0.75723586   0.24635962   0.000000   0.75452299   2.77758717
Z002909      1.215415   0.8402   1.00365167   0.000000   0.75728909   0.24636258   0.000000   0.75453378   2.77774271
Z002910      1.353178   0.8405   1.00371422   0.000000   0.75734834   0.24636588   0.000000   0.75454579   2.77791581
Z002911      1.240862   0.8408   1.00377155   0.000000   0.75740265   0.24636890   0.000000   0.75455680   2.77807448
Z002912      0.737954   0.8411   1.00380563   0.000000   0.75743494   0.24637070   0.000000   0.75456334   2.77816882
Z002913      1.143539   0.8414   1.00385844   0.000000   0.75748496   0.24637348   0.000000   0.75457348   2.77831497
Z002914      0.541592   0.8417   1.00388344   0.000000   0.75750864   0.24637480   0.000000   0.75457828   2.77838417
Z002915      1.796485   0.8420   1.00396635   0.000000   0.75758718   0.24637917   0.000000   0.75459419   2.77861363
Z002916      0.187998   0.8422   1.00397503   0.000000   0.75759540   0.24637963   0.000000   0.75459586   2.77863764
Z002917      1.038487   0.8425   1.00402293   0.000000   0.75764078   0.24638215   0.000000   0.75460505   2.77877022
Z002918      1.217182   0.8428   1.00407906   0.000000   0.75769395   0.24638511   0.000000   0.75461583   2.77892556
Z002919      0.629147   0.8431   1.00410806   0.000000   0.75772143   0.24638664   0.000000   0.75462139   2.77900584
Z002920      1.108077   0.8434   1.00415914   0.000000   0.75776981   0.24638933   0.000000   0.75463119   2.77914719
Z002921      1.810906   0.8437   1.00424257   0.000000   0.75784884   0.24639373   0.000000   0.75464720   2.77937809
Z002922      0.769815   0.8440   1.00427802   0.000000   0.75788243   0.24639559   0.000000   0.75465400   2.77947621
Z002923      0.925558   0.8443   1.00432063   0.000000   0.75792280   0.24639784   0.000000   0.75466218   2.77959415
Z002924      0.389426   0.8446   1.00433856   0.000000   0.75793978   0.24639878   0.000000   0.75466562   2.77964377
Z002925      1.091812   0.8448   1.00438881   0.000000   0.75798738   0.24640143   0.000000   0.75467525   2.77978284
Z002926      1.380653   0.8451   1.00445233   0.000000   0.75804755   0.24640477   0.000000   0.75468744   2.77995864
Z002927      0.438166   0.8454   1.00447248   0.000000   0.75806665   0.24640584   0.000000   0.75469130   2.78001441
Z002928      1.431741   0.8457   1.00453832   0.000000   0.75812901   0.24640930   0.000000   0.75470393   2.78019662
Z002929      0.980761   0.8460   1.00458340   0.000000   0.75817172   0.24641168   0.000000   0.75471257   2.78032139
Z002930      1.187100   0.8463   1.00463795   0.000000   0.75822340   0.24641455   0.000000   0.75472303   2.78047237
Z002931      0.893863   0.8466   1.00467901   0.000000   0.75826230   0.24641671   0.000000   0.75473091   2.78058601
Z002932      0.849460   0.8469   1.00471803   0.000000   0.75829926   0.24641876   0.000000   0.75473839   2.78069399
Z002933      1.377248   0.8472   1.00478126   0.000000   0.75835917   0.24642209   0.000000   0.75475051   2.78086899
Z002934      0.705067   0.8474   1.00481362   0.000000   0.75838982   0.24642380   0.000000   0.75475671   2.78095856
Z002935      0.866080   0.8477   1.00485336   0.000000   0.75842747   0.24642589   0.000000   0.75476433   2.78106855
Z002936      0.776362   0.8480   1.00488898   0.000000   0.75846122   0.24642776   0.000000   0.75477116   2.78116712
Z002937      0.662196   0.8483   1.00491935   0.000000   0.75848999   0.24642936   0.000000   0.75477698   2.78125119
Z002938      2.034909   0.8486   1.00501265   0.000000   0.75857838   0.24643427   0.000000   0.75479486   2.78150941
Z002939      0.919745   0.8489   1.00505480   0.000000   0.75861832   0.24643649   0.000000   0.75480294   2.78162607
Z002940      0.646119   0.8492   1.00508441   0.000000   0.75864637   0.24643804   0.000000   0.75480861   2.78170800
Z002941      1.404225   0.8495   1.00514873   0.000000   0.75870730   0.24644143   0.000000   0.75482093   2.78188603
Z002942      0.498686   0.8498   1.00517157   0.000000   0.75872894   0.24644263   0.000000   0.75482531   2.78194923
Z002943      0.802139   0.8500   1.00520829   0.000000   0.75876373   0.24644456   0.000000   0.75483235   2.78205087
Z002944      1.180259   0.8503   1.00526232   0.000000   0.75881492   0.24644740   0.000000   0.75484269   2.78220039
Z002945      1.349640   0.8506   1.00532407   0.000000   0.75887342   0.24645065   0.000000   0.75485452   2.78237130
Z002946      0.416135   0.8509   1.00534311   0.000000   0.75889146   0.24645165   0.000000   0.75485817   2.78242398
Z002947      1.216951   0.8512   1.00539876   0.000000   0.75894419   0.24645458   0.000000   0.75486883   2.78257802
Z002948      1.093481   0.8515   1.00544875   0.000000   0.75899155   0.24645720   0.000000   0.75487840   2.78271638
Z002949      1.281460   0.8518   1.00550732   0.000000   0.75904704   0.24646028   0.000000   0.75488962   2.78287847
Z002950      1.101531   0.8521   1.00555764   0.000000   0.75909472   0.24646293   0.000000   0.75489926   2.78301775
Z002951      0.725197   0.8524   1.00559077   0.000000   0.75912610   0.24646467   0.000000   0.75490560   2.78310942
Z002952      0.806912   0.8526   1.00562762   0.000000   0.75916101   0.24646661   0.000000   0.75491265   2.78321140
Z002953      0.842842   0.8529   1.00566609   0.000000   0.75919747   0.24646863   0.000000   0.75492002   2.78331790
Z002954      1.005138   0.8532   1.00571197   0.000000   0.75924093   0.24647104   0.000000   0.75492880   2.78344487
Z002955      0.916299   0.8535   1.00575378   0.000000   0.75928055   0.24647324   0.000000   0.75493680   2.78356058
Z002956      1.209347   0.8538   1.00580895   0.000000   0.75933281   0.24647613   0.000000   0.75494736   2.78371326
Z002957      1.885438   0.8541   1.00589491   0.000000   0.75941426   0.24648065   0.000000   0.75496382   2.78395118
Z002958      0.260539   0.8544   1.00590679   0.000000   0.75942551   0.24648127   0.000000   0.75496609   2.78398405
Z002959      0.603336   0.8547   1.00593429   0.000000   0.75945157   0.24648272   0.000000   0.75497135   2.78406015
Z002960      1.306178   0.8550   1.00599380   0.000000   0.75950796   0.24648584   0.000000   0.75498274   2.78422487
Z002961      1.095795   0.8552   1.00604371   0.000000   0.75955524   0.24648847   0.000000   0.75499229   2.78436300
Z002962      1.172523   0.8555   1.00609710   0.000000   0.75960583   0.24649127   0.000000   0.75500250   2.78451076
Z002963      0.361429   0.8558   1.00611355   0.000000   0.75962142   0.24649213   0.000000   0.75500565   2.78455630
Z002964      1.022599   0.8561   1.00616009   0.000000   0.75966552   0.24649458   0.000000   0.75501456   2.78468511
Z002965      1.203176   0.8564   1.00621484   0.000000   0.75971739   0.24649745   0.000000   0.75502503   2.78483662
Z002966      1.110417   0.8567   1.00626534   0.000000   0.75976524   0.24650010   0.000000   0.75503469   2.78497640
Z002967      1.459366   0.8570   1.00633170   0.000000   0.75982811   0.24650359   0.000000   0.75504738   2.78516004
Z002968      0.751176   0.8573   1.00636584   0.000000   0.75986046   0.24650538   0.000000   0.75505391   2.78525454
Z002969      0.878773   0.8576   1.00640577   0.000000   0.75989830   0.24650747   0.000000   0.75506155   2.78536506
Z002970      0.860348   0.8578   1.00644486   0.000000   0.75993534   0.24650953   0.000000   0.75506902   2.78547324
Z002971      0.952712   0.8581   1.00648813   0.000000   0.75997634   0.24651180   0.000000   0.75507729   2.78559300
Z002972      0.403699   0.8584   1.00650646   0.000000   0.75999371   0.24651276   0.000000   0.75508080   2.78564374
Z002973      1.868152   0.8587   1.00659127   0.000000   0.76007406   0.24651721   0.000000   0.75509701   2.78587845
Z002974      0.684495   0.8590   1.00662233   0.000000   0.76010350   0.24651884   0.000000   0.75510295   2.78596442
Z002975      1.227227   0.8593   1.00667801   0.000000   0.76015625   0.24652176   0.000000   0.75511359   2.78611851
Z002976      0.863907   0.8596   1.00671719   0.000000   0.76019338   0.24652381   0.000000   0.75512108   2.78622695
Z002977      1.208676   0.8599   1.00677199   0.000000   0.76024530   0.24652669   0.000000   0.75513156   2.78637862
Z002978      0.886007   0.8602   1.00681215   0.000000   0.76028336   0.24652880   0.000000   0.75513923   2.78648977
Z002979      0.742496   0.8604   1.00684580   0.000000   0.76031524   0.24653056   0.000000   0.75514566   2.78658289
Z002980      1.403987   0.8607   1.00690940   0.000000   0.76037551   0.24653390   0.000000   0.75515782   2.78675892
Z002981      0.489178   0.8610   1.00693156   0.000000   0.76039650   0.24653506   0.000000   0.75516205   2.78682024
Z002982      1.050057   0.8613   1.00697910   0.000000   0.76044155   0.24653755   0.000000   0.75517114   2.78695183
Z002983      0.485006   0.8616   1.00700106   0.000000   0.76046236   0.24653870   0.000000   0.75517533   2.78701260
Z002984      2.124631   0.8619   1.00709721   0.000000   0.76055347   0.24654374   0.000000   0.75519370   2.78727870
Z002985      0.841964   0.8622   1.00713529   0.000000   0.76058955   0.24654574   0.000000   0.75520097   2.78738410
Z002986      1.001778   0.8625   1.00718060   0.000000   0.76063248   0.24654811   0.000000   0.75520963   2.78750949
Z002987      0.621479   0.8628   1.00720869   0.000000   0.76065911   0.24654959   0.000000   0.75521499   2.78758725
Z002988      0.873375   0.8630   1.00724817   0.000000   0.76069652   0.24655165   0.000000   0.75522253   2.78769652
Z002989      1.017172   0.8633   1.00729414   0.000000   0.76074008   0.24655406   0.000000   0.75523131   2.78782373
Z002990      1.253623   0.8636   1.00735077   0.000000   0.76079374   0.24655703   0.000000   0.75524213   2.78798048
Z002991      0.579385   0.8639   1.00737694   0.000000   0.76081854   0.24655840   0.000000   0.75524712   2.78805290
Z002992      1.171346   0.8642   1.00742983   0.000000   0.76086866   0.24656117   0.000000   0.75525722   2.78819928
Z002993      1.283690   0.8645   1.00748777   0.000000   0.76092356   0.24656421   0.000000   0.75526829   2.78835964
Z002994      0.944950   0.8648   1.00753041   0.000000   0.76096397   0.24656644   0.000000   0.75527643   2.78847765
Z002995      0.736618   0.8651   1.00756364   0.000000   0.76099546   0.24656818   0.000000   0.75528277   2.78856962
Z002996      1.603920   0.8654   1.00763597   0.000000   0.76106400   0.24657197   0.000000   0.75529658   2.78876981
Z002997      0.879302   0.8656   1.00767561   0.000000   0.76110157   0.24657405   0.000000   0.75530414   2.78887952
Z002998      0.365977   0.8659   1.00769211   0.000000   0.76111720   0.24657491   0.000000   0.75530729   2.78892517
Z002999      0.837485   0.8662   1.00772985   0.000000   0.76115296   0.24657689   0.000000   0.75531449   2.78902963
Z003000      1.289735   0.8665   1.00778796   0.000000   0.76120803   0.24657993   0.000000   0.75532558   2.78919044
Z003001      0.734345   0.8668   1.00782103   0.000000   0.76123937   0.24658166   0.000000   0.75533189   2.78928198
Z003002      1.709989   0.8671   1.00789802   0.000000   0.76131233   0.24658569   0.000000   0.75534658   2.78949506
Z003003      0.860674   0.8674   1.00793676   0.000000   0.76134904   0.24658772   0.000000   0.75535398   2.78960227
Z003004      1.074762   0.8677   1.00798512   0.000000   0.76139486   0.24659025   0.000000   0.75536320   2.78973611
Z003005      0.792556   0.8680   1.00802077   0.000000   0.76142865   0.24659212   0.000000   0.75537000   2.78983478
Z003006      0.589368   0.8682   1.00804727   0.000000   0.76145377   0.24659351   0.000000   0.75537506   2.78990814
Z003007      1.366822   0.8685   1.00810873   0.000000   0.76151201   0.24659672   0.000000   0.75538678   2.79007822
Z003008      0.900764   0.8688   1.00814922   0.000000   0.76155038   0.24659884   0.000000   0.75539450   2.79019028
Z003009      0.983362   0.8691   1.00819340   0.000000   0.76159225   0.24660115   0.000000   0.75540293   2.79031257
Z003010      0.981423   0.8694   1.00823749   0.000000   0.76163403   0.24660346   0.000000   0.75541134   2.79043459
Z003011      0.494490   0.8697   1.00825970   0.000000   0.76165508   0.24660462   0.000000   0.75541557   2.79049606
Z003012      1.882416   0.8700   1.00834422   0.000000   0.76173518   0.24660904   0.000000   0.75543169   2.79072998
Z003013      1.164922   0.8703   1.00839650   0.000000   0.76178472   0.24661178   0.000000   0.75544166   2.79087467
Z003014      0.450647   0.8706   1.00841672   0.000000   0.76180389   0.24661283   0.000000   0.75544551   2.79093063
Z003015      1.036472   0.8708   1.00846322   0.000000   0.76184795   0.24661527   0.000000   0.75545438   2.79105932
Z003016      1.107104   0.8711   1.00851287   0.000000   0.76189500   0.24661786   0.000000   0.75546384   2.79119673
Z003017      0.606702   0.8714   1.00854007   0.000000   0.76192078   0.24661929   0.000000   0.75546903   2.79127201
Z003018      0.788239   0.8717   1.00857540   0.000000   0.76195427   0.24662113   0.000000   0.75547576   2.79136981
Z003019      1.226911   0.8720   1.00863039   0.000000   0.76200638   0.24662401   0.000000   0.75548624   2.79152198
Z003020      1.760471   0.8723   1.00870925   0.000000   0.76208112   0.24662813   0.000000   0.75550127   2.79174023
Z003021      0.324354   0.8726   1.00872377   0.000000   0.76209488   0.24662889   0.000000   0.75550404   2.79178043
Z003022      1.369110   0.8729   1.00878507   0.000000   0.76215297   0.24663209   0.000000   0.75551572   2.79195008
Z003023      0.531089   0.8732   1.00880884   0.000000   0.76217550   0.24663334   0.000000   0.75552025   2.79201587
Z003024      1.361868   0.8734   1.00886978   0.000000   0.76223326   0.24663652   0.000000   0.75553186   2.79218453
Z003025      0.922243   0.8737   1.00891103   0.000000   0.76227236   0.24663868   0.000000   0.75553972   2.79229871
Z003026      0.916320   0.8740   1.00895201   0.000000   0.76231119   0.24664082   0.000000   0.75554752   2.79241212
Z003027      0.753584   0.8743   1.00898571   0.000000   0.76234313   0.24664258   0.000000   0.75555394   2.79250538
Z003028      0.756935   0.8746   1.00901954   0.000000   0.76237519   0.24664435   0.000000   0.75556039   2.79259902
Z003029      1.386252   0.8749   1.00908149   0.000000   0.76243391   0.24664758   0.000000   0.75557218   2.79277047
Z003030      1.052686   0.8752   1.00912852   0.000000   0.76247848   0.24665004   0.000000   0.75558114   2.79290062
Z003031      1.545649   0.8755   1.00919754   0.000000   0.76254389   0.24665365   0.000000   0.75559429   2.79309166
Z003032      0.635652   0.8758   1.00922592   0.000000   0.76257079   0.24665513   0.000000   0.75559969   2.79317019
Z003033      0.888488   0.8760   1.00926557   0.000000   0.76260837   0.24665720   0.000000   0.75560724   2.79327995
Z003034      0.631773   0.8763   1.00929377   0.000000   0.76263509   0.24665867   0.000000   0.75561261   2.79335797
Z003035      0.816568   0.8766   1.00933020   0.000000   0.76266962   0.24666057   0.000000   0.75561954   2.79345880
Z003036      1.609880   0.8769   1.00940200   0.000000   0.76273767   0.24666432   0.000000   0.75563321   2.79365752
Z003037      0.665539   0.8772   1.00943167   0.000000   0.76276580   0.24666587   0.000000   0.75563886   2.79373964
Z003038      0.814245   0.8775   1.00946797   0.000000   0.76280020   0.24666777   0.000000   0.75564577   2.79384009
Z003039      1.691049   0.8778   1.00954332   0.000000   0.76287162   0.24667170   0.000000   0.75566011   2.79404865
Z003040      0.565839   0.8781   1.00956853   0.000000   0.76289551   0.24667302   0.000000   0.75566491   2.79411841
Z003041      1.020212   0.8784   1.00961396   0.000000   0.76293857   0.24667539   0.000000   0.75567356   2.79424416
Z003042      1.393139   0.8786   1.00967599   0.000000   0.76299736   0.24667863   0.000000   0.75568536   2.79441582
Z003043      0.462224   0.8789   1.00969656   0.000000   0.76301686   0.24667970   0.000000   0.75568927   2.79447276
Z003044      1.249904   0.8792   1.00975218   0.000000   0.76306958   0.24668260   0.000000   0.75569986   2.79462670
Z003045      0.775900   0.8795   1.00978670   0.000000   0.76310229   0.24668440   0.000000   0.75570642   2.79472223
Z003046      0.429199   0.8798   1.00980579   0.000000   0.76312039   0.24668540   0.000000   0.75571006   2.79477506
Z003047      1.339720   0.8801   1.00986536   0.000000   0.76317685   0.24668851   0.000000   0.75572139   2.79493994
Z003048      1.835236   0.8804   1.00994694   0.000000   0.76325417   0.24669276   0.000000   0.75573691   2.79516571
Z003049      0.809578   0.8807   1.00998291   0.000000   0.76328827   0.24669464   0.000000   0.75574375   2.79526526
Z003050      0.528126   0.8810   1.01000637   0.000000   0.76331050   0.24669586   0.000000   0.75574821   2.79533020
Z003051      1.022533   0.8812   1.01005178   0.000000   0.76335355   0.24669823   0.000000   0.75575685   2.79545589
Z003052      1.260704   0.8815   1.01010776   0.000000   0.76340661   0.24670115   0.000000   0.75576749   2.79561081
Z003053      0.478170   0.8818   1.01012898   0.000000   0.76342673   0.24670226   0.000000   0.75577153   2.79566955
Z003054      1.156296   0.8821   1.01018030   0.000000   0.76347536   0.24670493   0.000000   0.75578129   2.79581157
Z003055      1.128069   0.8824   1.01023035   0.000000   0.76352280   0.24670754   0.000000   0.75579080   2.79595008
Z003056      0.890631   0.8827   1.01026985   0.000000   0.76356024   0.24670960   0.000000   0.75579831   2.79605941
Z003057      0.885562   0.8830   1.01030911   0.000000   0.76359746   0.24671165   0.000000   0.75580578   2.79616809
Z003058      1.238465   0.8833   1.01036401   0.000000   0.76364950   0.24671451   0.000000   0.75581621   2.79632003
Z003059      1.422418   0.8836   1.01042704   0.000000   0.76370925   0.24671780   0.000000   0.75582819   2.79649447
Z003060      0.622670   0.8838   1.01045463   0.000000   0.76373539   0.24671924   0.000000   0.75583343   2.79657082
Z003061      1.198716   0.8841   1.01050772   0.000000   0.76378571   0.24672200   0.000000   0.75584352   2.79671775
Z003062      0.241998   0.8844   1.01051843   0.000000   0.76379587   0.24672256   0.000000   0.75584556   2.79674740
Z003063      1.309791   0.8847   1.01057642   0.000000   0.76385083   0.24672558   0.000000   0.75585658   2.79690788
Z003064      0.642709   0.8850   1.01060486   0.000000   0.76387780   0.24672706   0.000000   0.75586199   2.79698661
Z003065      1.380869   0.8853   1.01066596   0.000000   0.76393571   0.24673025   0.000000   0.75587359   2.79715570
Z003066      1.145919   0.8856   1.01071664   0.000000   0.76398375   0.24673289   0.000000   0.75588322   2.79729597
Z003067      1.217764   0.8859   1.01077048   0.000000   0.76403479   0.24673569   0.000000   0.75589345   2.79744499
Z003068      0.937690   0.8862   1.01081193   0.000000   0.76407408   0.24673785   0.000000   0.75590133   2.79755970
Z003069      0.687269   0.8864   1.01084230   0.000000   0.76410287   0.24673943   0.000000   0.75590710   2.79764376
Z003070      0.627612   0.8867   1.01087003   0.000000   0.76412916   0.24674088   0.000000   0.75591236   2.79772051
Z003071      1.829159   0.8870   1.01095083   0.000000   0.76420574   0.24674509   0.000000   0.75592771   2.79794411
Z003072      0.506930   0.8873   1.01097321   0.000000   0.76422696   0.24674625   0.000000   0.75593196   2.79800606
Z003073      0.739491   0.8876   1.01100586   0.000000   0.76425790   0.24674795   0.000000   0.75593816   2.79809641
Z003074      0.864843   0.8879   1.01104403   0.000000   0.76429409   0.24674994   0.000000   0.75594541   2.79820206
Z003075      1.215492   0.8882   1.01109766   0.000000   0.76434493   0.24675273   0.000000   0.75595559   2.79835050
Z003076      1.708523   0.8885   1.01117302   0.000000   0.76441636   0.24675665   0.000000   0.75596990   2.79855906
Z003077      0.416933   0.8888   1.01119140   0.000000   0.76443379   0.24675761   0.000000   0.75597339   2.79860994
Z003078      1.401365   0.8890   1.01125318   0.000000   0.76449235   0.24676083   0.000000   0.75598512   2.79878091
Z003079      0.809363   0.8893   1.01128884   0.000000   0.76452616   0.24676268   0.000000   0.75599189   2.79887962
Z003080      0.413198   0.8896   1.01130705   0.000000   0.76454342   0.24676363   0.000000   0.75599534   2.79893001
Z003081      1.224829   0.8899   1.01136101   0.000000   0.76459457   0.24676644   0.000000   0.75600558   2.79907934
Z003082      0.778793   0.8902   1.01139530   0.000000   0.76462708   0.24676822   0.000000   0.75601209   2.79917426
Z003083      1.278453   0.8905   1.01145159   0.000000   0.76468044   0.24677115   0.000000   0.75602278   2.79933004
Z003084      1.234421   0.8908   1.01150592   0.000000   0.76473194   0.24677398   0.000000   0.75603309   2.79948040
Z003085      0.962153   0.8911   1.01154825   0.000000   0.76477207   0.24677618   0.000000   0.75604112   2.79959757
Z003086      0.649716   0.8914   1.01157683   0.000000   0.76479916   0.24677767   0.000000   0.75604654   2.79967666
Z003087      1.433165   0.8916   1.01163985   0.000000   0.76485891   0.24678095   0.000000   0.75605850   2.79985109
Z003088      0.819847   0.8919   1.01167590   0.000000   0.76489308   0.24678282   0.000000   0.75606534   2.79995084
Z003089      1.180562   0.8922   1.01172778   0.000000   0.76494226   0.24678552   0.000000   0.75607518   2.80009444
Z003090      0.293142   0.8925   1.01174066   0.000000   0.76495447   0.24678619   0.000000   0.75607762   2.80013009
Z003091      1.379194   0.8928   1.01180125   0.000000   0.76501191   0.24678934   0.000000   0.75608911   2.80029778
Z003092      0.879035   0.8931   1.01183986   0.000000   0.76504851   0.24679135   0.000000   0.75609644   2.80040462
Z003093      0.444223   0.8934   1.01185936   0.000000   0.76506700   0.24679236   0.000000   0.75610014   2.80045861
Z003094      2.178589   0.8937   1.01195499   0.000000   0.76515765   0.24679733   0.000000   0.75611827   2.80072326
Z003095      0.888799   0.8940   1.01199398   0.000000   0.76519462   0.24679936   0.000000   0.75612567   2.80083119
Z003096      0.661260   0.8943   1.01202299   0.000000   0.76522212   0.24680087   0.000000   0.75613117   2.80091147
Z003097      0.796843   0.8945   1.01205793   0.000000   0.76525525   0.24680268   0.000000   0.75613779   2.80100819
Z003098      0.956207   0.8948   1.01209986   0.000000   0.76529500   0.24680486   0.000000   0.75614574   2.80112422
Z003099      0.945259   0.8951   1.01214130   0.000000   0.76533428   0.24680702   0.000000   0.75615360   2.80123890
Z003100      1.169494   0.8954   1.01219254   0.000000   0.76538287   0.24680968   0.000000   0.75616331   2.80138074
Z003101      0.961979   0.8957   1.01223469   0.000000   0.76542282   0.24681187   0.000000   0.75617130   2.80149737
Z003102      0.616035   0.8960   1.01226167   0.000000   0.76544840   0.24681327   0.000000   0.75617641   2.80157205
Z003103      1.617440   0.8963   1.01233249   0.000000   0.76551554   0.24681695   0.000000   0.75618984   2.80176805
Z003104      0.766005   0.8966   1.01236602   0.000000   0.76554733   0.24681869   0.000000   0.75619619   2.80186085
Z003105      1.101019   0.8969   1.01241420   0.000000   0.76559301   0.24682119   0.000000   0.75620532   2.80199420
Z003106      1.013050   0.8971   1.01245852   0.000000   0.76563502   0.24682350   0.000000   0.75621372   2.80211685
Z003107      1.126099   0.8974   1.01250777   0.000000   0.76568171   0.24682605   0.000000   0.75622305   2.80225316
Z003108      0.683170   0.8977   1.01253764   0.000000   0.76571003   0.24682761   0.000000   0.75622871   2.80233583
Z003109      0.647562   0.8980   1.01256595   0.000000   0.76573687   0.24682908   0.000000   0.75623407   2.80241418
Z003110      0.696585   0.8983   1.01259639   0.000000   0.76576574   0.24683066   0.000000   0.75623984   2.80249844
Z003111      1.772450   0.8986   1.01267384   0.000000   0.76583916   0.24683468   0.000000   0.75625451   2.80271278
Z003112      0.923785   0.8989   1.01271418   0.000000   0.76587741   0.24683677   0.000000   0.75626216   2.80282444
Z003113      1.228758   0.8992   1.01276784   0.000000   0.76592828   0.24683956   0.000000   0.75627232   2.80297293
Z003114      0.818778   0.8995   1.01280358   0.000000   0.76596216   0.24684141   0.000000   0.75627909   2.80307185
Z003115      0.833367   0.8997   1.01283995   0.000000   0.76599664   0.24684330   0.000000   0.75628597   2.80317251
Z003116      0.874193   0.9000   1.01287809   0.000000   0.76603281   0.24684528   0.000000   0.75629320   2.80327807
Z003117      1.007709   0.9003   1.01292204   0.000000   0.76607448   0.24684756   0.000000   0.75630152   2.80339973
Z003118      1.135879   0.9006   1.01297158   0.000000   0.76612144   0.24685013   0.000000   0.75631090   2.80353682
Z003119      0.951063   0.9009   1.01301304   0.000000   0.76616075   0.24685228   0.000000   0.75631875   2.80365157
Z003120      0.530417   0.9012   1.01303616   0.000000   0.76618267   0.24685348   0.000000   0.75632313   2.80371555
Z003121      1.304803   0.9015   1.01309301   0.000000   0.76623658   0.24685643   0.000000   0.75633389   2.80387291
Z003122      1.123111   0.9018   1.01314194   0.000000   0.76628297   0.24685897   0.000000   0.75634315   2.80400831
Z003123      1.694289   0.9021   1.01321571   0.000000   0.76635291   0.24686280   0.000000   0.75635712   2.80421249
Z003124      0.428803   0.9023   1.01323438   0.000000   0.76637061   0.24686377   0.000000   0.75636065   2.80426416
Z003125      0.558300   0.9026   1.01325868   0.000000   0.76639365   0.24686503   0.000000   0.75636525   2.80433141
Z003126      1.236543   0.9029   1.01331249   0.000000   0.76644467   0.24686782   0.000000   0.75637543   2.80448033
Z003127      0.792317   0.9032   1.01334695   0.000000   0.76647735   0.24686961   0.000000   0.75638195   2.80457572
Z003128      0.985811   0.9035   1.01338983   0.000000   0.76651800   0.24687183   0.000000   0.75639007   2.80469439
Z003129      0.828165   0.9038   1.01342584   0.000000   0.76655214   0.24687370   0.000000   0.75639688   2.80479405
Z003130      1.633283   0.9041   1.01349683   0.000000   0.76661945   0.24687738   0.000000   0.75641031   2.80499053
Z003131      1.079340   0.9044   1.01354373   0.000000   0.76666392   0.24687981   0.000000   0.75641918   2.80512033
Z003132      0.553718   0.9047   1.01356778   0.000000   0.76668673   0.24688106   0.000000   0.75642373   2.80518690
Z003133      0.876131   0.9049   1.01360584   0.000000   0.76672281   0.24688303   0.000000   0.75643093   2.80529221
Z003134      1.358888   0.9052   1.01366484   0.000000   0.76677875   0.24688609   0.000000   0.75644209   2.80545551
Z003135      1.070313   0.9055   1.01371129   0.000000   0.76682280   0.24688849   0.000000   0.75645088   2.80558408
Z003136      0.428300   0.9058   1.01372988   0.000000   0.76684042   0.24688946   0.000000   0.75645439   2.80563552
Z003137      1.294552   0.9061   1.01378605   0.000000   0.76689368   0.24689237   0.000000   0.75646502   2.80579097
Z003138      0.393555   0.9064   1.01380312   0.000000   0.76690986   0.24689325   0.000000   0.75646824   2.80583821
Z003139      1.308251   0.9067   1.01385985   0.000000   0.76696366   0.24689619   0.000000   0.75647897   2.80599523
Z003140      1.617354   0.9070   1.01392996   0.000000   0.76703013   0.24689983   0.000000   0.75649223   2.80618927
Z003141      0.809825   0.9073   1.01396505   0.000000   0.76706341   0.24690164   0.000000   0.75649886   2.80628639
Z003142      0.928433   0.9075   1.01400527   0.000000   0.76710155   0.24690373   0.000000   0.75650647   2.80639772
Z003143      1.175001   0.9078   1.01405617   0.000000   0.76714980   0.24690636   0.000000   0.75651609   2.80653856
Z003144      0.399874   0.9081   1.01407348   0.000000   0.76716622   0.24690726   0.000000   0.75651936   2.80658649
Z003145      0.706454   0.9084   1.01410407   0.000000   0.76719522   0.24690884   0.000000   0.75652514   2.80667114
Z003146      1.524358   0.9087   1.01417005   0.000000   0.76725778   0.24691226   0.000000   0.75653761   2.80685374
Z003147      0.954487   0.9090   1.01421134   0.000000   0.76729694   0.24691440   0.000000   0.75654542   2.80696804
Z003148      0.970529   0.9093   1.01425333   0.000000   0.76733675   0.24691657   0.000000   0.75655335   2.80708423
Z003149      0.765672   0.9096   1.01428644   0.000000   0.76736815   0.24691829   0.000000   0.75655961   2.80717587
Z003150      1.834748   0.9099   1.01436576   0.000000   0.76744336   0.24692239   0.000000   0.75657460   2.80739540
Z003151      0.152999   0.9101   1.01437237   0.000000   0.76744963   0.24692274   0.000000   0.75657584   2.80741370
Z003152      1.399294   0.9104   1.01443283   0.000000   0.76750697   0.24692587   0.000000   0.75658727   2.80758104
Z003153      0.888869   0.9107   1.01447123   0.000000   0.76754337   0.24692785   0.000000   0.75659452   2.80768731
Z003154      1.114549   0.9110   1.01451936   0.000000   0.76758902   0.24693035   0.000000   0.75660361   2.80782052
Z003155      0.296895   0.9113   1.01453218   0.000000   0.76760117   0.24693101   0.000000   0.75660604   2.80785599
Z003156      1.267077   0.9116   1.01458688   0.000000   0.76765304   0.24693384   0.000000   0.75661637   2.80800738
Z003157      0.638614   0.9119   1.01461444   0.000000   0.76767917   0.24693527   0.000000   0.75662157   2.80808365
Z003158      2.007230   0.9122   1.01470103   0.000000   0.76776128   0.24693975   0.000000   0.75663793   2.80832331
Z003159      0.854904   0.9125   1.01473790   0.000000   0.76779624   0.24694165   0.000000   0.75664489   2.80842535
Z003160      0.717777   0.9127   1.01476884   0.000000   0.76782559   0.24694325   0.000000   0.75665073   2.80851100
Z003161      0.890714   0.9130   1.01480724   0.000000   0.76786200   0.24694524   0.000000   0.75665798   2.80861726
Z003162      0.723331   0.9133   1.01483841   0.000000   0.76789156   0.24694685   0.000000   0.75666387   2.80870354
Z003163      1.420142   0.9136   1.01489960   0.000000   0.76794958   0.24695002   0.000000   0.75667542   2.80887287
Z003164      0.881663   0.9139   1.01493757   0.000000   0.76798559   0.24695198   0.000000   0.75668259   2.80897797
Z003165      0.449193   0.9142   1.01495691   0.000000   0.76800393   0.24695298   0.000000   0.75668624   2.80903151
Z003166      1.463981   0.9145   1.01501994   0.000000   0.76806370   0.24695624   0.000000   0.75669814   2.80920594
Z003167      0.961399   0.9148   1.01506132   0.000000   0.76810294   0.24695838   0.000000   0.75670595   2.80932045
Z003168      0.882930   0.9151   1.01509931   0.000000   0.76813896   0.24696035   0.000000   0.75671312   2.80942560
Z003169      1.408024   0.9153   1.01515987   0.000000   0.76819639   0.24696348   0.000000   0.75672455   2.80959321
Z003170      1.212440   0.9156   1.01521200   0.000000   0.76824583   0.24696617   0.000000   0.75673439   2.80973750
Z003171      0.409399   0.9159   1.01522960   0.000000   0.76826252   0.24696708   0.000000   0.75673771   2.80978621
Z003172      0.887320   0.9162   1.01526774   0.000000   0.76829869   0.24696905   0.000000   0.75674490   2.80989176
Z003173      0.862418   0.9165   1.01530480   0.000000   0.76833383   0.24697097   0.000000   0.75675189   2.80999433
Z003174      0.919334   0.9168   1.01534429   0.000000   0.76837128   0.24697301   0.000000   0.75675935   2.81010363
Z003175      1.165493   0.9171   1.01539435   0.000000   0.76841875   0.24697560   0.000000   0.75676879   2.81024217
Z003176      1.284334   0.9174   1.01544949   0.000000   0.76847105   0.24697845   0.000000   0.75677919   2.81039478
Z003177      1.079398   0.9177   1.01549582   0.000000   0.76851498   0.24698084   0.000000   0.75678793   2.81052300
Z003178      0.923819   0.9179   1.01553546   0.000000   0.76855257   0.24698289   0.000000   0.75679541   2.81063271
Z003179      0.789220   0.9182   1.01556932   0.000000   0.76858468   0.24698464   0.000000   0.75680179   2.81072642
Z003180      1.033326   0.9185   1.01561364   0.000000   0.76862671   0.24698693   0.000000   0.75681015   2.81084907
Z003181      0.765321   0.9188   1.01564645   0.000000   0.76865783   0.24698862   0.000000   0.75681634   2.81093990
Z003182      1.413442   0.9191   1.01570704   0.000000   0.76871529   0.24699175   0.000000   0.75682776   2.81110758
Z003183      0.841096   0.9194   1.01574308   0.000000   0.76874947   0.24699361   0.000000   0.75683456   2.81120734
Z003184      0.314657   0.9197   1.01575656   0.000000   0.76876226   0.24699431   0.000000   0.75683710   2.81124465
Z003185      1.107125   0.9200   1.01580399   0.000000   0.76880723   0.24699676   0.000000   0.75684604   2.81137591
Z003186      1.904637   0.9203   1.01588555   0.000000   0.76888458   0.24700097   0.000000   0.75686142   2.81160163
Z003187      0.747260   0.9205   1.01591754   0.000000   0.76891491   0.24700262   0.000000   0.75686745   2.81169016
Z003188      0.985140   0.9208   1.01595969   0.000000   0.76895490   0.24700480   0.000000   0.75687540   2.81180684
Z003189      0.698554   0.9211   1.01598958   0.000000   0.76898324   0.24700634   0.000000   0.75688103   2.81188956
Z003190      1.113991   0.9214   1.01603723   0.000000   0.76902843   0.24700880   0.000000   0.75689001   2.81202144
Z003191      0.762797   0.9217   1.01606985   0.000000   0.76905937   0.24701048   0.000000   0.75689616   2.81211172
Z003192      0.568484   0.9220   1.01609416   0.000000   0.76908242   0.24701174   0.000000   0.75690074   2.81217899
Z003193      1.760807   0.9223   1.01616942   0.000000   0.76915380   0.24701562   0.000000   0.75691492   2.81238729
Z003194      0.494192   0.9226   1.01619054   0.000000   0.76917383   0.24701671   0.000000   0.75691890   2.81244574
Z003195      1.635398   0.9229   1.01626040   0.000000   0.76924008   0.24702032   0.000000   0.75693206   2.81263909
Z003196      0.587578   0.9231   1.01628549   0.000000   0.76926388   0.24702161   0.000000   0.75693679   2.81270853
Z003197      0.833170   0.9234   1.01632107   0.000000   0.76929762   0.24702345   0.000000   0.75694349   2.81280699
Z003198      1.534326   0.9237   1.01638656   0.000000   0.76935973   0.24702683   0.000000   0.75695583   2.81298824
Z003199      0.714529   0.9240   1.01641705   0.000000   0.76938865   0.24702840   0.000000   0.75696157   2.81307263
Z003200      0.887839   0.9243   1.01645493   0.000000   0.76942457   0.24703035   0.000000   0.75696871   2.81317746
Z003201      0.577778   0.9246   1.01647957   0.000000   0.76944794   0.24703163   0.000000   0.75697335   2.81324566
Z003202      1.194538   0.9249   1.01653051   0.000000   0.76949626   0.24703425   0.000000   0.75698294   2.81338664
Z003203      0.824221   0.9252   1.01656565   0.000000   0.76952958   0.24703607   0.000000   0.75698956   2.81348389
Z003204      1.335948   0.9255   1.01662258   0.000000   0.76958358   0.24703900   0.000000   0.75700028   2.81364147
Z003205      1.455211   0.9257   1.01668458   0.000000   0.76964238   0.24704220   0.000000   0.75701195   2.81381306
Z003206      0.963847   0.9260   1.01672563   0.000000   0.76968131   0.24704432   0.000000   0.75701968   2.81392667
Z003207      0.421077   0.9263   1.01674356   0.000000   0.76969832   0.24704524   0.000000   0.75702306   2.81397629
Z003208      0.740276   0.9266   1.01677508   0.000000   0.76972821   0.24704686   0.000000   0.75702899   2.81406352
Z003209      1.243635   0.9269   1.01682801   0.000000   0.76977842   0.24704959   0.000000   0.75703896   2.81421002
Z003210      1.043463   0.9272   1.01687241   0.000000   0.76982053   0.24705188   0.000000   0.75704732   2.81433291
Z003211      1.049926   0.9275   1.01691707   0.000000   0.76986289   0.24705418   0.000000   0.75705572   2.81445652
Z003212      0.559934   0.9278   1.01694089   0.000000   0.76988548   0.24705541   0.000000   0.75706020   2.81452242
Z003213      1.374603   0.9281   1.01699933   0.000000   0.76994091   0.24705842   0.000000   0.75707120   2.81468418
Z003214      0.987056   0.9283   1.01704129   0.000000   0.76998070   0.24706059   0.000000   0.75707910   2.81480030
Z003215      1.289301   0.9286   1.01709607   0.000000   0.77003267   0.24706341   0.000000   0.75708941   2.81495193
Z003216      0.704981   0.9289   1.01712602   0.000000   0.77006107   0.24706495   0.000000   0.75709504   2.81503481
Z003217      1.156174   0.9292   1.01717513   0.000000   0.77010764   0.24706748   0.000000   0.75710428   2.81517071
Z003218      0.755734   0.9295   1.01720721   0.000000   0.77013808   0.24706914   0.000000   0.75711032   2.81525952
Z003219      0.919847   0.9298   1.01724626   0.000000   0.77017512   0.24707115   0.000000   0.75711767   2.81536759
Z003220      0.630451   0.9301   1.01727302   0.000000   0.77020049   0.24707253   0.000000   0.75712270   2.81544164
Z003221      0.861486   0.9304   1.01730958   0.000000   0.77023517   0.24707441   0.000000   0.75712958   2.81554282
Z003222      2.021805   0.9307   1.01739533   0.000000   0.77031651   0.24707882   0.000000   0.75714571   2.81578016
Z003223      0.760540   0.9309   1.01742758   0.000000   0.77034710   0.24708049   0.000000   0.75715177   2.81586941
Z003224      0.560333   0.9312   1.01745134   0.000000   0.77036963   0.24708171   0.000000   0.75715624   2.81593516
Z003225      1.415497   0.9315   1.01751133   0.000000   0.77042653   0.24708480   0.000000   0.75716752   2.81610119
Z003226      0.602154   0.9318   1.01753684   0.000000   0.77045073   0.24708611   0.000000   0.75717232   2.81617181
Z003227      0.956467   0.9321   1.01757736   0.000000   0.77048916   0.24708820   0.000000   0.75717994   2.81628395
Z003228      1.214986   0.9324   1.01762881   0.000000   0.77053797   0.24709085   0.000000   0.75718961   2.81642635
Z003229      0.662790   0.9327   1.01765688   0.000000   0.77056459   0.24709229   0.000000   0.75719489   2.81650402
Z003230      1.223512   0.9330   1.01770867   0.000000   0.77061371   0.24709496   0.000000   0.75720463   2.81664736
Z003231      0.502606   0.9333   1.01772994   0.000000   0.77063388   0.24709605   0.000000   0.75720862   2.81670622
Z003232      1.389744   0.9335   1.01778873   0.000000   0.77068966   0.24709908   0.000000   0.75721968   2.81686895
Z003233      1.524764   0.9338   1.01785322   0.000000   0.77075082   0.24710240   0.000000   0.75723180   2.81704743
Z003234      0.644437   0.9341   1.01788047   0.000000   0.77077667   0.24710380   0.000000   0.75723692   2.81712283
Z003235      1.101746   0.9344   1.01792704   0.000000   0.77082084   0.24710620   0.000000   0.75724567   2.81725173
Z003236      0.709941   0.9347   1.01795704   0.000000   0.77084930   0.24710774   0.000000   0.75725131   2.81733476
Z003237      0.416454   0.9350   1.01797464   0.000000   0.77086599   0.24710864   0.000000   0.75725462   2.81738346
Z003238      1.466219   0.9353   1.01803657   0.000000   0.77092474   0.24711183   0.000000   0.75726625   2.81755488
Z003239      0.954754   0.9356   1.01807689   0.000000   0.77096299   0.24711390   0.000000   0.75727383   2.81766647
Z003240      0.812104   0.9359   1.01811118   0.000000   0.77099551   0.24711567   0.000000   0.75728027   2.81776136
Z003241      1.623495   0.9361   1.01817970   0.000000   0.77106051   0.24711919   0.000000   0.75729314   2.81795100
Z003242      0.783338   0.9364   1.01821275   0.000000   0.77109186   0.24712089   0.000000   0.75729935   2.81804248
Z003243      0.954997   0.9367   1.01825303   0.000000   0.77113007   0.24712296   0.000000   0.75730692   2.81815397
Z003244      0.474253   0.9370   1.01827304   0.000000   0.77114904   0.24712399   0.000000   0.75731068   2.81820933
Z003245      1.811132   0.9373   1.01834940   0.000000   0.77122148   0.24712792   0.000000   0.75732502   2.81842067
Z003246      0.506096   0.9376   1.01837073   0.000000   0.77124171   0.24712902   0.000000   0.75732903   2.81847970
Z003247      0.884437   0.9379   1.01840800   0.000000   0.77127707   0.24713093   0.000000   0.75733603   2.81858286
Z003248      0.690126   0.9382   1.01843708   0.000000   0.77130465   0.24713243   0.000000   0.75734149   2.81866333
Z003249      1.006003   0.9385   1.01847945   0.000000   0.77134485   0.24713461   0.000000   0.75734944   2.81878061
Z003250      1.387113   0.9387   1.01853786   0.000000   0.77140026   0.24713761   0.000000   0.75736041   2.81894227
Z003251      1.442160   0.9390   1.01859857   0.000000   0.77145784   0.24714073   0.000000   0.75737181   2.81911028
Z003252      0.721930   0.9393   1.01862895   0.000000   0.77148666   0.24714229   0.000000   0.75737751   2.81919436
Z003253      0.736074   0.9396   1.01865992   0.000000   0.77151604   0.24714388   0.000000   0.75738333   2.81928008
Z003254      1.138901   0.9399   1.01870783   0.000000   0.77156148   0.24714634   0.000000   0.75739232   2.81941266
Z003255      0.599555   0.9402   1.01873304   0.000000   0.77158540   0.24714764   0.000000   0.75739705   2.81948245
Z003256      0.925914   0.9405   1.01877197   0.000000   0.77162233   0.24714964   0.000000   0.75740436   2.81959019
Z003257      1.144679   0.9408   1.01882008   0.000000   0.77166797   0.24715211   0.000000   0.75741339   2.81972336
Z003258      1.327967   0.9411   1.01887589   0.000000   0.77172091   0.24715498   0.000000   0.75742386   2.81987779
Z003259      0.536385   0.9413   1.01889842   0.000000   0.77174228   0.24715613   0.000000   0.75742809   2.81994016
Z003260      1.241726   0.9416   1.01895057   0.000000   0.77179176   0.24715881   0.000000   0.75743788   2.82008450
Z003261      0.979138   0.9419   1.01899168   0.000000   0.77183076   0.24716092   0.000000   0.75744559   2.82019828
Z003262      1.539333   0.9422   1.01905629   0.000000   0.77189205   0.24716424   0.000000   0.75745771   2.82037710
Z003263      0.312232   0.9425   1.01906940   0.000000   0.77190448   0.24716492   0.000000   0.75746017   2.82041336
Z003264      0.918511   0.9428   1.01910793   0.000000   0.77194104   0.24716689   0.000000   0.75746740   2.82052002
Z003265      1.230663   0.9431   1.01915955   0.000000   0.77199001   0.24716955   0.000000   0.75747709   2.82066288
Z003266      0.786935   0.9434   1.01919255   0.000000   0.77202131   0.24717124   0.000000   0.75748328   2.82075421
Z003267      0.330590   0.9437   1.01920641   0.000000   0.77203446   0.24717195   0.000000   0.75748588   2.82079257
Z003268      1.714878   0.9439   1.01927829   0.000000   0.77210265   0.24717564   0.000000   0.75749936   2.82099151
Z003269      1.444441   0.9442   1.01933881   0.000000   0.77216007   0.24717875   0.000000   0.75751071   2.82115901
Z003270      0.833929   0.9445   1.01937374   0.000000   0.77219320   0.24718054   0.000000   0.75751726   2.82125568
Z003271      0.745209   0.9448   1.01940495   0.000000   0.77222281   0.24718214   0.000000   0.75752311   2.82134205
Z003272      0.712982   0.9451   1.01943480   0.000000   0.77225113   0.24718367   0.000000   0.75752871   2.82142467
Z003273      1.049623   0.9454   1.01947874   0.000000   0.77229281   0.24718593   0.000000   0.75753695   2.82154627
Z003274      1.188961   0.9457   1.01952849   0.000000   0.77234001   0.24718848   0.000000   0.75754627   2.82168398
Z003275      0.961640   0.9460   1.01956873   0.000000   0.77237818   0.24719055   0.000000   0.75755382   2.82179532
Z003276      0.643806   0.9463   1.01959565   0.000000   0.77240373   0.24719193   0.000000   0.75755886   2.82186985
Z003277      0.863250   0.9465   1.01963175   0.000000   0.77243797   0.24719378   0.000000   0.75756563   2.82196976
Z003278      1.795153   0.9468   1.01970680   0.000000   0.77250917   0.24719763   0.000000   0.75757970   2.82217745
Z003279      0.366458   0.9471   1.01972211   0.000000   0.77252370   0.24719842   0.000000   0.75758257   2.82221984
Z003280      1.414740   0.9474   1.01978122   0.000000   0.77257978   0.24720145   0.000000   0.75759365   2.82238344
Z003281      1.310464   0.9477   1.01983596   0.000000   0.77263170   0.24720425   0.000000   0.75760390   2.82253492
Z003282      0.243509   0.9480   1.01984613   0.000000   0.77264135   0.24720478   0.000000   0.75760581   2.82256307
Z003283      1.116533   0.9483   1.01989274   0.000000   0.77268558   0.24720717   0.000000   0.75761454   2.82269208
Z003284      0.433555   0.9486   1.01991084   0.000000   0.77270275   0.24720809   0.000000   0.75761794   2.82274217
Z003285      1.348709   0.9489   1.01996713   0.000000   0.77275614   0.24721098   0.000000   0.75762848   2.82289795
Z003286      1.204802   0.9491   1.02001739   0.000000   0.77280383   0.24721356   0.000000   0.75763790   2.82303706
Z003287      1.070778   0.9494   1.02006205   0.000000   0.77284620   0.24721585   0.000000   0.75764626   2.82316066
Z003288      1.166110   0.9497   1.02011067   0.000000   0.77289233   0.24721834   0.000000   0.75765537   2.82329522
Z003289      0.736826   0.9500   1.02014138   0.000000   0.77292147   0.24721991   0.000000   0.75766113   2.82338023
Z003290      0.908965   0.9503   1.02017926   0.000000   0.77295741   0.24722186   0.000000   0.75766822   2.82348507
Z003291      1.023815   0.9506   1.02022192   0.000000   0.77299788   0.24722404   0.000000   0.75767621   2.82360312
Z003292      0.999746   0.9509   1.02026356   0.000000   0.77303739   0.24722618   0.000000   0.75768401   2.82371838
Z003293      0.933854   0.9512   1.02030245   0.000000   0.77307428   0.24722817   0.000000   0.75769129   2.82382601
Z003294      0.776197   0.9515   1.02033477   0.000000   0.77310494   0.24722983   0.000000   0.75769734   2.82391544
Z003295      1.270443   0.9517   1.02038764   0.000000   0.77315511   0.24723253   0.000000   0.75770724   2.82406179
Z003296      0.122484   0.9520   1.02039274   0.000000   0.77315995   0.24723280   0.000000   0.75770820   2.82407590
Z003297      2.406590   0.9523   1.02049286   0.000000   0.77325493   0.24723792   0.000000   0.75772694   2.82435299
Z003298      0.628708   0.9526   1.02051900   0.000000   0.77327974   0.24723926   0.000000   0.75773184   2.82442534
Z003299      0.763185   0.9529   1.02055073   0.000000   0.77330984   0.24724089   0.000000   0.75773778   2.82451316
Z003300      0.805290   0.9532   1.02058421   0.000000   0.77334160   0.24724260   0.000000   0.75774404   2.82460581
Z003301      1.017013   0.9535   1.02062647   0.000000   0.77338171   0.24724477   0.000000   0.75775195   2.82472279
Z003302      0.872855   0.9538   1.02066274   0.000000   0.77341611   0.24724663   0.000000   0.75775874   2.82482316
Z003303      0.897808   0.9541   1.02070003   0.000000   0.77345150   0.24724854   0.000000   0.75776572   2.82492637
Z003304      1.009062   0.9543   1.02074194   0.000000   0.77349126   0.24725068   0.000000   0.75777356   2.82504235
Z003305      1.411546   0.9546   1.02080054   0.000000   0.77354686   0.24725368   0.000000   0.75778453   2.82520453
Z003306      0.867304   0.9549   1.02083653   0.000000   0.77358101   0.24725553   0.000000   0.75779127   2.82530416
Z003307      0.802483   0.9552   1.02086983   0.000000   0.77361260   0.24725723   0.000000   0.75779750   2.82539631
Z003308      1.215965   0.9555   1.02092027   0.000000   0.77366046   0.24725981   0.000000   0.75780693   2.82553592
Z003309      0.845211   0.9558   1.02095533   0.000000   0.77369372   0.24726161   0.000000   0.75781349   2.82563293
Z003310      1.342210   0.9561   1.02101098   0.000000   0.77374652   0.24726445   0.000000   0.75782390   2.82578695
Z003311      0.547734   0.9564   1.02103368   0.000000   0.77376806   0.24726562   0.000000   0.75782815   2.82584978
Z003312      0.530676   0.9567   1.02105567   0.000000   0.77378893   0.24726674   0.000000   0.75783226   2.82591065
Z003313      1.177666   0.9569   1.02110447   0.000000   0.77383523   0.24726924   0.000000   0.75784139   2.82604570
Z003314      0.996188   0.9572   1.02114573   0.000000   0.77387438   0.24727135   0.000000   0.75784911   2.82615991
Z003315      1.725021   0.9575   1.02121716   0.000000   0.77394216   0.24727501   0.000000   0.75786247   2.82635760
Z003316      0.493458   0.9578   1.02123759   0.000000   0.77396154   0.24727605   0.000000   0.75786629   2.82641414
Z003317      1.590465   0.9581   1.02130341   0.000000   0.77402399   0.24727942   0.000000   0.75787859   2.82659631
Z003318      0.259826   0.9584   1.02131416   0.000000   0.77403420   0.24727997   0.000000   0.75788060   2.82662606
Z003319      0.934448   0.9587   1.02135282   0.000000   0.77407087   0.24728195   0.000000   0.75788783   2.82673305
Z003320      0.733551   0.9590   1.02138316   0.000000   0.77409966   0.24728350   0.000000   0.75789350   2.82681702
Z003321      1.754901   0.9593   1.02145572   0.000000   0.77416851   0.24728721   0.000000   0.75790707   2.82701784
Z003322      0.433719   0.9595   1.02147365   0.000000   0.77418552   0.24728813   0.000000   0.75791042   2.82706745
Z003323      0.806182   0.9598   1.02150697   0.000000   0.77421714   0.24728983   0.000000   0.75791665   2.82715966
Z003324      1.293000   0.9601   1.02156039   0.000000   0.77426783   0.24729256   0.000000   0.75792663   2.82730752
Z003325      1.157191   0.9604   1.02160818   0.000000   0.77431318   0.24729501   0.000000   0.75793557   2.82743980
Z003326      1.042292   0.9607   1.02165122   0.000000   0.77435402   0.24729721   0.000000   0.75794361   2.82755892
Z003327      1.052668   0.9610   1.02169468   0.000000   0.77439525   0.24729943   0.000000   0.75795173   2.82767918
Z003328      0.748613   0.9613   1.02172557   0.000000   0.77442457   0.24730101   0.000000   0.75795751   2.82776469
Z003329      0.906716   0.9616   1.02176299   0.000000   0.77446007   0.24730292   0.000000   0.75796450   2.82786824
Z003330      0.838003   0.9619   1.02179756   0.000000   0.77449287   0.24730469   0.000000   0.75797096   2.82796392
Z003331      0.837152   0.9621   1.02183208   0.000000   0.77452563   0.24730645   0.000000   0.75797741   2.82805948
Z003332      0.807270   0.9624   1.02186537   0.000000   0.77455722   0.24730815   0.000000   0.75798363   2.82815160
Z003333      1.759711   0.9627   1.02193791   0.000000   0.77462605   0.24731186   0.000000   0.75799718   2.82835236
Z003334      1.131064   0.9630   1.02198452   0.000000   0.77467028   0.24731424   0.000000   0.75800588   2.82848135
Z003335      0.674502   0.9633   1.02201230   0.000000   0.77469664   0.24731566   0.000000   0.75801107   2.82855826
Z003336      0.491905   0.9636   1.02203257   0.000000   0.77471587   0.24731670   0.000000   0.75801486   2.82861433
Z003337      1.414886   0.9639   1.02209083   0.000000   0.77477116   0.24731967   0.000000   0.75802574   2.82877559
Z003338      1.257327   0.9642   1.02214259   0.000000   0.77482027   0.24732232   0.000000   0.75803541   2.82891884
Z003339      0.149924   0.9645   1.02214876   0.000000   0.77482613   0.24732263   0.000000   0.75803656   2.82893592
Z003340      1.440531   0.9648   1.02220804   0.000000   0.77488238   0.24732566   0.000000   0.75804763   2.82909998
Z003341      0.731808   0.9650   1.02223814   0.000000   0.77491095   0.24732720   0.000000   0.75805325   2.82918330
Z003342      0.969368   0.9653   1.02227801   0.000000   0.77494878   0.24732923   0.000000   0.75806069   2.82929364
Z003343      1.177716   0.9656   1.02232644   0.000000   0.77499473   0.24733171   0.000000   0.75806973   2.82942767
Z003344      1.374796   0.9659   1.02238295   0.000000   0.77504835   0.24733459   0.000000   0.75808028   2.82958406
Z003345      1.143662   0.9662   1.02242994   0.000000   0.77509295   0.24733699   0.000000   0.75808906   2.82971413
Z003346      0.419406   0.9665   1.02244717   0.000000   0.77510930   0.24733787   0.000000   0.75809227   2.82976181
Z003347      0.875583   0.9668   1.02248314   0.000000   0.77514343   0.24733971   0.000000   0.75809899   2.82986135
Z003348      1.068543   0.9671   1.02252702   0.000000   0.77518507   0.24734195   0.000000   0.75810718   2.82998280
Z003349      0.484224   0.9674   1.02254690   0.000000   0.77520394   0.24734296   0.000000   0.75811089   2.83003782
Z003350      1.598210   0.9676   1.02261250   0.000000   0.77526619   0.24734631   0.000000   0.75812313   2.83021938
Z003351      0.854164   0.9679   1.02264755   0.000000   0.77529945   0.24734810   0.000000   0.75812967   2.83031638
Z003352      0.971875   0.9682   1.02268742   0.000000   0.77533728   0.24735013   0.000000   0.75813711   2.83042673
Z003353      1.458137   0.9685   1.02274722   0.000000   0.77539403   0.24735319   0.000000   0.75814827   2.83059223
Z003354      0.576495   0.9688   1.02277085   0.000000   0.77541646   0.24735439   0.000000   0.75815268   2.83065765
Z003355      0.783147   0.9691   1.02280296   0.000000   0.77544693   0.24735603   0.000000   0.75815867   2.83074650
Z003356      1.309807   0.9694   1.02285663   0.000000   0.77549786   0.24735877   0.000000   0.75816868   2.83089506
Z003357      0.900164   0.9697   1.02289351   0.000000   0.77553286   0.24736065   0.000000   0.75817556   2.83099713
Z003358      1.115247   0.9700   1.02293919   0.000000   0.77557621   0.24736298   0.000000   0.75818408   2.83112355
Z003359      0.226080   0.9702   1.02294845   0.000000   0.77558500   0.24736345   0.000000   0.75818581   2.83114918
Z003360      0.900724   0.9705   1.02298533   0.000000   0.77562000   0.24736534   0.000000   0.75819269   2.83125125
Z003361      1.803333   0.9708   1.02305915   0.000000   0.77569005   0.24736910   0.000000   0.75820645   2.83145554
Z003362      1.153836   0.9711   1.02310636   0.000000   0.77573485   0.24737151   0.000000   0.75821526   2.83158621
Z003363      0.777701   0.9714   1.02313817   0.000000   0.77576504   0.24737313   0.000000   0.75822119   2.83167425
Z003364      0.843054   0.9717   1.02317265   0.000000   0.77579776   0.24737489   0.000000   0.75822762   2.83176968
Z003365      1.071194   0.9720   1.02321645   0.000000   0.77583933   0.24737712   0.000000   0.75823579   2.83189090
Z003366      0.405931   0.9723   1.02323305   0.000000   0.77585508   0.24737797   0.000000   0.75823888   2.83193683
Z003367      1.376668   0.9726   1.02328931   0.000000   0.77590847   0.24738084   0.000000   0.75824937   2.83209255
Z003368      0.784201   0.9728   1.02332135   0.000000   0.77593888   0.24738247   0.000000   0.75825534   2.83218123
Z003369      1.074701   0.9731   1.02336525   0.000000   0.77598055   0.24738471   0.000000   0.75826353   2.83230273
Z003370      1.228118   0.9734   1.02341541   0.000000   0.77602814   0.24738726   0.000000   0.75827287   2.83244154
Z003371      0.781212   0.9737   1.02344730   0.000000   0.77605841   0.24738889   0.000000   0.75827882   2.83252981
Z003372      0.971782   0.9740   1.02348697   0.000000   0.77609606   0.24739091   0.000000   0.75828621   2.83263960
Z003373      1.384021   0.9743   1.02354344   0.000000   0.77614965   0.24739379   0.000000   0.75829674   2.83279590
Z003374      1.069662   0.9746   1.02358708   0.000000   0.77619107   0.24739601   0.000000   0.75830487   2.83291666
Z003375      0.333733   0.9749   1.02360069   0.000000   0.77620398   0.24739671   0.000000   0.75830740   2.83295434
Z003376      0.940383   0.9752   1.02363904   0.000000   0.77624038   0.24739866   0.000000   0.75831455   2.83306047
Z003377      1.027648   0.9754   1.02368093   0.000000   0.77628014   0.24740080   0.000000   0.75832236   2.83317642
Z003378      0.965660   0.9757   1.02372029   0.000000   0.77631749   0.24740280   0.000000   0.75832969   2.83328535
Z003379      0.774467   0.9760   1.02375185   0.000000   0.77634744   0.24740441   0.000000   0.75833557   2.83337269
Z003380      2.068846   0.9763   1.02383612   0.000000   0.77642742   0.24740870   0.000000   0.75835127   2.83360593
Z003381      0.418197   0.9766   1.02385315   0.000000   0.77644358   0.24740957   0.000000   0.75835444   2.83365306
Z003382      0.859485   0.9769   1.02388815   0.000000   0.77647680   0.24741135   0.000000   0.75836096   2.83374991
Z003383      1.166869   0.9772   1.02393564   0.000000   0.77652187   0.24741377   0.000000   0.75836980   2.83388136
Z003384      0.278721   0.9775   1.02394699   0.000000   0.77653264   0.24741435   0.000000   0.75837192   2.83391276
Z003385      1.731510   0.9778   1.02401744   0.000000   0.77659950   0.24741794   0.000000   0.75838504   2.83410773
Z003386      0.616189   0.9780   1.02404250   0.000000   0.77662329   0.24741921   0.000000   0.75838970   2.83417710
Z003387      0.960785   0.9783   1.02408157   0.000000   0.77666037   0.24742120   0.000000   0.75839698   2.83428523
Z003388      0.729078   0.9786   1.02411121   0.000000   0.77668850   0.24742271   0.000000   0.75840250   2.83436727
Z003389      1.227537   0.9789   1.02416111   0.000000   0.77673586   0.24742525   0.000000   0.75841179   2.83450536
Z003390      1.481627   0.9792   1.02422131   0.000000   0.77679299   0.24742831   0.000000   0.75842300   2.83467198
Z003391      0.784887   0.9795   1.02425319   0.000000   0.77682325   0.24742994   0.000000   0.75842893   2.83476022
Z003392      0.779688   0.9798   1.02428486   0.000000   0.77685331   0.24743155   0.000000   0.75843483   2.83484786
Z003393      1.317690   0.9801   1.02433836   0.000000   0.77690409   0.24743427   0.000000   0.75844479   2.83499593
Z003394      0.612139   0.9804   1.02436321   0.000000   0.77692767   0.24743554   0.000000   0.75844941   2.83506470
Z003395      0.499990   0.9806   1.02438350   0.000000   0.77694693   0.24743657   0.000000   0.75845319   2.83512086
Z003396      1.012643   0.9809   1.02442459   0.000000   0.77698593   0.24743866   0.000000   0.75846084   2.83523459
Z003397      1.528107   0.9812   1.02448658   0.000000   0.77704476   0.24744181   0.000000   0.75847237   2.83540615
Z003398      1.053809   0.9815   1.02452931   0.000000   0.77708532   0.24744399   0.000000   0.75848032   2.83552442
Z003399      0.928964   0.9818   1.02456697   0.000000   0.77712107   0.24744590   0.000000   0.75848733   2.83562866
Z003400      0.904434   0.9821   1.02460363   0.000000   0.77715586   0.24744777   0.000000   0.75849415   2.83573011
Z003401      1.061701   0.9824   1.02464666   0.000000   0.77719670   0.24744996   0.000000   0.75850216   2.83584918
Z003402      0.744341   0.9827   1.02467681   0.000000   0.77722532   0.24745149   0.000000   0.75850777   2.83593264
Z003403      1.212722   0.9830   1.02472593   0.000000   0.77727194   0.24745399   0.000000   0.75851690   2.83606859
Z003404      0.791805   0.9832   1.02475799   0.000000   0.77730237   0.24745562   0.000000   0.75852287   2.83615732
Z003405      0.854131   0.9835   1.02479257   0.000000   0.77733519   0.24745738   0.000000   0.75852930   2.83625302
Z003406      0.879351   0.9838   1.02482816   0.000000   0.77736897   0.24745919   0.000000   0.75853592   2.83635153
Z003407      0.892314   0.9841   1.02486427   0.000000   0.77740325   0.24746102   0.000000   0.75854264   2.83645146
Z003408      1.421466   0.9844   1.02492177   0.000000   0.77745783   0.24746395   0.000000   0.75855333   2.83661061
Z003409      1.504938   0.9847   1.02498263   0.000000   0.77751559   0.24746704   0.000000   0.75856465   2.83677904
Z003410      0.530948   0.9850   1.02500410   0.000000   0.77753596   0.24746813   0.000000   0.75856864   2.83683845
Z003411      0.931147   0.9853   1.02504173   0.000000   0.77757169   0.24747005   0.000000   0.75857564   2.83694262
Z003412      0.309236   0.9856   1.02505423   0.000000   0.77758355   0.24747068   0.000000   0.75857796   2.83697721
Z003413      1.560570   0.9858   1.02511729   0.000000   0.77764340   0.24747389   0.000000   0.75858969   2.83715172
Z003414      0.659451   0.9861   1.02514392   0.000000   0.77766868   0.24747524   0.000000   0.75859464   2.83722545
Z003415      1.195392   0.9864   1.02519220   0.000000   0.77771451   0.24747769   0.000000   0.75860361   2.83735905
Z003416      0.722693   0.9867   1.02522138   0.000000   0.77774220   0.24747918   0.000000   0.75860904   2.83743981
Z003417      1.677641   0.9870   1.02528909   0.000000   0.77780647   0.24748262   0.000000   0.75862162   2.83762721
Z003418      0.620553   0.9873   1.02531413   0.000000   0.77783024   0.24748389   0.000000   0.75862628   2.83769651
Z003419      0.682148   0.9876   1.02534165   0.000000   0.77785636   0.24748529   0.000000   0.75863139   2.83777268
Z003420      1.545920   0.9879   1.02540400   0.000000   0.77791555   0.24748845   0.000000   0.75864298   2.83794524
Z003421      0.824881   0.9882   1.02543726   0.000000   0.77794712   0.24749014   0.000000   0.75864916   2.83803729
Z003422      0.730328   0.9884   1.02546670   0.000000   0.77797506   0.24749164   0.000000   0.75865463   2.83811877
Z003423      0.879514   0.9887   1.02550215   0.000000   0.77800871   0.24749344   0.000000   0.75866122   2.83821688
Z003424      0.818670   0.9890   1.02553514   0.000000   0.77804002   0.24749512   0.000000   0.75866735   2.83830818
Z003425      0.727091   0.9893   1.02556443   0.000000   0.77806783   0.24749660   0.000000   0.75867279   2.83838925
Z003426      2.083404   0.9896   1.02564833   0.000000   0.77814747   0.24750086   0.000000   0.75868838   2.83862147
Z003427      0.413656   0.9899   1.02566499   0.000000   0.77816328   0.24750171   0.000000   0.75869147   2.83866756
Z003428      1.422095   0.9902   1.02572223   0.000000   0.77821761   0.24750462   0.000000   0.75870210   2.83882598
Z003429      0.397925   0.9905   1.02573824   0.000000   0.77823281   0.24750543   0.000000   0.75870508   2.83887030
Z003430      1.243671   0.9908   1.02578828   0.000000   0.77828031   0.24750797   0.000000   0.75871437   2.83900878
Z003431      0.599685   0.9910   1.02581240   0.000000   0.77830321   0.24750919   0.000000   0.75871885   2.83907554
Z003432      0.934816   0.9913   1.02585000   0.000000   0.77833889   0.24751110   0.000000   0.75872583   2.83917959
Z003433      1.516038   0.9916   1.02591095   0.000000   0.77839675   0.24751420   0.000000   0.75873715   2.83934828
Z003434      0.600273   0.9919   1.02593507   0.000000   0.77841965   0.24751542   0.000000   0.75874163   2.83941506
Z003435      0.699506   0.9922   1.02596318   0.000000   0.77844634   0.24751685   0.000000   0.75874685   2.83949286
Z003436      1.397927   0.9925   1.02601935   0.000000   0.77849965   0.24751970   0.000000   0.75875728   2.83964829
Z003437      1.301887   0.9928   1.02607163   0.000000   0.77854928   0.24752235   0.000000   0.75876699   2.83979300
Z003438      0.842301   0.9931   1.02610545   0.000000   0.77858139   0.24752407   0.000000   0.75877327   2.83988660
Z003439      0.820058   0.9934   1.02613837   0.000000   0.77861264   0.24752574   0.000000   0.75877938   2.83997771
Z003440      1.006008   0.9936   1.02617875   0.000000   0.77865096   0.24752778   0.000000   0.75878687   2.84008945
Z003441      0.615179   0.9939   1.02620343   0.000000   0.77867439   0.24752904   0.000000   0.75879145   2.84015777
Z003442      1.064867   0.9942   1.02624615   0.000000   0.77871495   0.24753120   0.000000   0.75879938   2.84027600
Z003443      0.665892   0.9945   1.02627286   0.000000   0.77874030   0.24753256   0.000000   0.75880434   2.84034992
Z003444      1.429947   0.9948   1.02633019   0.000000   0.77879473   0.24753547   0.000000   0.75881498   2.84050861
Z003445      1.403470   0.9951   1.02638645   0.000000   0.77884813   0.24753832   0.000000   0.75882542   2.84066430
Z003446      0.797690   0.9954   1.02641841   0.000000   0.77887847   0.24753994   0.000000   0.75883135   2.84075277
Z003447      0.894921   0.9957   1.02645427   0.000000   0.77891251   0.24754176   0.000000   0.75883801   2.84085200
Z003448      0.446333   0.9960   1.02647215   0.000000   0.77892948   0.24754267   0.000000   0.75884132   2.84090148
Z003449      1.436399   0.9962   1.02652967   0.000000   0.77898409   0.24754558   0.000000   0.75885200   2.84106069
Z003450      1.172770   0.9965   1.02657662   0.000000   0.77902866   0.24754796   0.000000   0.75886071   2.84119063
Z003451      0.665236   0.9968   1.02660325   0.000000   0.77905394   0.24754931   0.000000   0.75886564   2.84126432
Z003452      0.382490   0.9971   1.02661855   0.000000   0.77906847   0.24755009   0.000000   0.75886848   2.84130669
Z003453      1.572211   0.9974   1.02668146   0.000000   0.77912818   0.24755328   0.000000   0.75888015   2.84148078
Z003454      0.811221   0.9977   1.02671391   0.000000   0.77915898   0.24755492   0.000000   0.75888617   2.84157058
Z003455      1.346759   0.9980   1.02676776   0.000000   0.77921011   0.24755765   0.000000   0.75889616   2.84171963
Z003456      1.204402   0.9983   1.02681590   0.000000   0.77925581   0.24756009   0.000000   0.75890509   2.84185288
Z003457      0.715566   0.9986   1.02684450   0.000000   0.77928296   0.24756154   0.000000   0.75891039   2.84193202
Z003458      0.985727   0.9988   1.02688389   0.000000   0.77932035   0.24756354   0.000000   0.75891769   2.84204103
Z003459      0.477640   0.9991   1.02690297   0.000000   0.77933847   0.24756450   0.000000   0.75892123   2.84209384
Z003460      0.871290   0.9994   1.02693777   0.000000   0.77937150   0.24756627   0.000000   0.75892768   2.84219015
Z003461      1.417454   0.9997   1.02699437   0.000000   0.77942523   0.24756913   0.000000   0.75893818   2.84234680
Z003462      0.714530   1.0000   1.02702289   0.000000   0.77945231   0.24757058   0.000000   0.75894347   2.84242574
