index,gamma,rho_obs,z,mu_T,rho_N,residual,ratio,spacing
1,14.134725141734695,0.129036060483,0.3571248733,0.2700143920,0.034841593422,0.094194467061,3.7035062926,0.000000000000
2,21.022039638771556,0.192210521978,0.5319688005,0.3574653437,0.068708600294,0.123501921683,2.7974739866,6.887314497037
3,25.010857580145689,0.219861885309,0.6084977149,0.3897567210,0.085692647499,0.134169237810,2.5657030297,3.988817941374
4,37.586178158825675,0.284689886864,0.7879180394,0.4545236275,0.129398280103,0.155291606761,2.2001056477,12.575320578680
5,40.918719012147498,0.298210299059,0.8253376217,0.4664037130,0.139086390745,0.159123908313,2.1440652638,3.332540853322
6,43.327073280915002,0.307312378641,0.8505288667,0.4741260217,0.145704795490,0.161607583152,2.1091438865,2.408354268768
7,52.970321477714464,0.339295216352,0.9390457265,0.4996387182,0.169525027001,0.169770189352,2.0014461720,9.643248196799
8,60.831778524609810,0.361319163470,1.0000000000,0.5158667411,0.186392539371,0.174926624099,1.9384851169,7.861457046895
9,65.112544048081602,0.372142478510,1.0299549986,0.5234764304,0.194807816251,0.177334662260,1.9103056832,4.280765523472
10,67.079810529494168,0.376879867492,1.0430663679,0.5267353170,0.198515936464,0.178363931028,1.8984867120,1.967266481413
11,69.546401711173985,0.382627122449,1.0589726788,0.5306318180,0.203034125594,0.179592996856,1.8845458680,2.466591181680
12,72.067157674481905,0.388293714744,1.0746557448,0.5344136874,0.207509475908,0.180784238836,1.8712095582,2.520755963308
13,79.337375020249368,0.403590239497,1.1169909606,0.5443357602,0.219688599811,0.183901639687,1.8371014238,7.270217345767
14,95.870634228245308,0.433716741260,1.2003701578,0.5627323487,0.244066440473,0.189650300787,1.7770437444,16.533259207996
15,98.831194218193687,0.438557210197,1.2137668149,0.5655554872,0.248028436667,0.190528773530,1.7681731018,2.960559989948
16,101.317851005731384,0.442512103750,1.2247125215,0.5678361888,0.251274386513,0.191237717237,1.7610712731,2.486656787538
17,103.725538040478341,0.446249975116,1.2350575896,0.5699706331,0.254349380832,0.191900594284,1.7544763571,2.407687034747
18,105.446623052326089,0.448869113031,1.2423064105,0.5714541806,0.256508131194,0.192360981837,1.7499215754,1.721085011848
19,107.168611184276401,0.451447187145,1.2494415818,0.5729048677,0.258636291013,0.192810896131,1.7454904931,1.721988131950
20,118.790782865976212,0.467833846767,1.2947938943,0.5819088333,0.272236647971,0.195597198796,1.7184822479,11.622171681700
21,121.370125002420650,0.471252644937,1.3042558839,0.5837413936,0.275089675708,0.196162969229,1.7130873550,2.579342136444
22,122.946829293552582,0.473306892594,1.3099412941,0.5848350907,0.276806479463,0.196500413132,1.7098837192,1.576704291132
23,124.256818554345770,0.474993706035,1.3146097801,0.5857290285,0.278217601977,0.196776104058,1.7072741001,1.309989260793
24,127.516683879596499,0.479115288888,1.3260168220,0.5878977514,0.281670800994,0.197444487894,1.7009760586,3.259865325251
25,129.578704199956064,0.481668331683,1.3330827157,0.5892301805,0.283813518031,0.197854813652,1.6971296330,2.062020320360
26,131.087688530932667,0.483511031815,1.3381826393,0.5901867316,0.285361795580,0.198149236235,1.6943789929,1.508984330977
27,133.497737202997598,0.486410524612,1.3462073806,0.5916831986,0.287800935037,0.198609589574,1.6900936217,2.410048672065
28,134.756509753373876,0.487904192252,1.3503413092,0.5924499943,0.289058835911,0.198845356342,1.6879061687,1.258772550376
29,138.116042054533438,0.491823334627,1.3611880696,0.5944487984,0.292363790274,0.199459544353,1.6822306694,3.359532301160
30,139.736208952121387,0.493679432549,1.3663250734,0.5953888433,0.293931226309,0.199748206240,1.6795746364,1.620166897588
31,141.123707404021133,0.495251953374,1.3706772390,0.5961819838,0.295260292022,0.199991661352,1.6773401868,1.387498451900
32,143.111845807620625,0.497478467344,1.3768394197,0.5972998655,0.297143821657,0.200334645687,1.6742009461,1.988138403599
33,153.024693811198887,0.508137526323,1.4063398172,0.6025698509,0.306188353454,0.201949172869,1.6595586363,9.912848003578
34,156.112909294237880,0.511317476646,1.4151407629,0.6041163768,0.308895261393,0.202422215253,1.6553101991,3.088215483039
35,157.597591817594065,0.512823937704,1.4193100991,0.6048449764,0.310178982512,0.202644955193,1.6533162033,1.484682523356
36,158.849988171420506,0.514083711036,1.4227966934,0.6054522815,0.311253155708,0.202830555328,1.6516578277,1.252396353826
37,161.188964137596031,0.516410091698,1.4292352687,0.6065690489,0.313238378182,0.203171713516,1.6486169246,2.338975966176
38,163.030709687181997,0.518218285862,1.4342396924,0.6074328582,0.314782814571,0.203435471291,1.6462724834,1.841745549586
39,169.094515415568821,0.524030502687,1.4503257941,0.6101848358,0.319755466211,0.204275036477,1.6388476760,6.063805728387
40,169.911976479411692,0.524798058615,1.4524501097,0.6105454777,0.320413081397,0.204384977218,1.6378796282,0.817461063843
41,173.411536519591550,0.528042762512,1.4614302697,0.6120629362,0.323195403648,0.204847358865,1.6338189113,3.499560040180
42,174.754191523365733,0.529270288502,1.4648276151,0.6126340442,0.324248997299,0.205021291203,1.6322958372,1.342655003774
43,176.441434297710430,0.530799550680,1.4690600564,0.6133432685,0.325562331313,0.205237219367,1.6304083723,1.687242774345
44,178.377407776099972,0.532536340106,1.4738668577,0.6141457030,0.327054904950,0.205481435156,1.6282781027,1.935973478390
45,179.916484020257002,0.533903670693,1.4776511314,0.6147751808,0.328230725690,0.205672945003,1.6266108835,1.539076244157
46,182.207078484366463,0.535917150795,1.4832237118,0.6156985249,0.329963399234,0.205953751561,1.6241715052,2.290594464109
47,187.228922583501856,0.540244290233,1.4951996596,0.6176684793,0.333691869206,0.206552421027,1.6189914711,5.021844099135
48,189.416158656016933,0.542092785611,1.5003156224,0.6185040847,0.335286602179,0.206806183432,1.6168041970,2.187236072515
49,195.265396679529232,0.546933188730,1.5137120973,0.6206755518,0.339468058707,0.207465130023,1.6111477198,5.849238023512
50,196.876481840958320,0.548240948109,1.5173314995,0.6212581392,0.340599151249,0.207641796860,1.6096368593,1.611085161429
51,198.015309676251917,0.549158924049,1.5198721230,0.6216660526,0.341393460573,0.207765463477,1.6085806773,1.138827835294
52,201.264751943703800,0.551749467714,1.5270418054,0.6228126284,0.343636536180,0.208112931534,1.6056193379,3.249442267452
53,202.493594514140540,0.552718250032,1.5297230424,0.6232396893,0.344475950440,0.208242299592,1.6045191234,1.228842570437
54,204.189671803104545,0.554045772808,1.5333971425,0.6238233766,0.345626704802,0.208419068006,1.6030178372,1.696077288964
55,205.394697202163286,0.554982265100,1.5359890125,0.6242340854,0.346438846673,0.208543418427,1.6019631471,1.205025399059
56,207.906258887806217,0.556916605545,1.5413425632,0.6250796749,0.348117250727,0.208799354817,1.5997960583,2.511561685643
57,209.576509716856265,0.558190095681,1.5448671206,0.6256343724,0.349222910190,0.208967185491,1.5983776533,1.670250829050
58,211.690862595365303,0.559787715434,1.5492887509,0.6263280139,0.350610728018,0.209176987416,1.5966074929,2.114352878509
59,213.347919359712677,0.561028685070,1.5527233034,0.6268650970,0.351689301104,0.209339383966,1.5952395575,1.657056764347
60,214.547044783491430,0.561920713508,1.5551921136,0.6272502404,0.352464902657,0.209455810851,1.5942600505,1.199125423779
61,216.169538508263713,0.563119780959,1.5585106961,0.6277667430,0.353507870819,0.209611910139,1.5929483540,1.622493724772
62,219.067596349021386,0.565239301609,1.5643767582,0.6286763598,0.355352586533,0.209886715076,1.5906435552,2.898057840758
63,220.714918839314009,0.566431621605,1.5676766661,0.6291861727,0.356390944074,0.210040677531,1.5893546989,1.647322490293
64,221.430705554693333,0.566946931888,1.5691028575,0.6294060910,0.356839852228,0.210107079660,1.5887993685,0.715786715379
65,227.421444279679292,0.571195601757,1.5808616301,0.6312097316,0.360544222503,0.210651379254,1.5842594781,5.990738724986
66,229.337413305525359,0.572530825911,1.5845570448,0.6317730616,0.361709552745,0.210821273166,1.5828468493,1.915969025846
67,231.250188700499166,0.573852743427,1.5882156316,0.6323291419,0.362863812832,0.210988930595,1.5814548686,1.912775394974
68,231.987235253180245,0.574359199491,1.5896173178,0.6325417590,0.363306178323,0.211053021168,1.5809232921,0.737046552681
69,233.693404178908310,0.575525434074,1.5928450308,0.6330304576,0.364325128895,0.211200305180,1.5797028215,1.706168925728
70,236.524229665816193,0.577441760813,1.5981487261,0.6338307529,0.366000346036,0.211441414777,1.5777082373,2.830825486908
71,237.769820480925205,0.578277708011,1.6004623238,0.6341788052,0.366731465927,0.211546242083,1.5768423540,1.245590815109
72,239.555477573327636,0.579468499615,1.6037580018,0.6346734967,0.367773298880,0.211695200735,1.5756132960,1.785657092402
73,241.049157796216576,0.580457784107,1.6064959814,0.6350834939,0.368639157580,0.211818626527,1.5745961116,1.493680222889
74,242.823271934222589,0.581624869821,1.6097260501,0.6355660368,0.369661013407,0.211963856414,1.5734006258,1.774114138006
75,244.070898497078161,0.582440514703,1.6119834584,0.6359025417,0.370375403662,0.212065111041,1.5725680187,1.247626562856
76,247.136990074897511,0.584427412632,1.6174824690,0.6367197545,0.372116478672,0.212310933960,1.5705496696,3.066091577819
77,248.101990060148466,0.585047657477,1.6191990811,0.6369741361,0.372660226215,0.212387431262,1.5699224557,0.964999985251
78,249.573689644707201,0.585988948988,1.6218042336,0.6373595320,0.373485642278,0.212503306710,1.5689731616,1.471699584559
79,251.014947795016013,0.586905406037,1.6243406533,0.6377340008,0.374289532686,0.212615873351,1.5680518817,1.441258150309
80,253.069986747999479,0.588203089809,1.6279321699,0.6382629641,0.375428247615,0.212774842194,1.5667523516,2.055038952983
81,258.610439491531395,0.591649869713,1.6374716028,0.6396607226,0.378455183200,0.213194686513,1.5633287533,5.540452743532
82,259.874406989677993,0.592425850246,1.6396192346,0.6399739642,0.379137119896,0.213288730350,1.5625635665,1.263967498147
83,260.805084504596891,0.592994807108,1.6411939002,0.6402033020,0.379637233550,0.213357573557,1.5620038150,0.930677514919
84,263.573893904870147,0.594675552584,1.6458455922,0.6408791382,0.381115155660,0.213560396924,1.5603566107,2.768809400273
85,265.557851838876331,0.595869048133,1.6491487537,0.6413575607,0.382165119234,0.213703928899,1.5591926582,1.983957934006
86,266.614973781501078,0.596501348002,1.6508987297,0.6416105244,0.382721542713,0.213779805289,1.5585779253,1.057121942625
87,267.921915082824057,0.597279616396,1.6530526935,0.6419214125,0.383406574999,0.213873041396,1.5578230926,1.306941301323
88,269.970449023997617,0.598491888222,1.6564078209,0.6424046309,0.384473960577,0.214017927644,1.5566512939,2.048533941174
89,271.494055641644991,0.599387570810,1.6588867445,0.6427608461,0.385262862181,0.214124708629,1.5557886047,1.523606617647
90,273.459609188403306,0.600535664454,1.6620642500,0.6432164439,0.386274414520,0.214261249934,1.5546866214,1.965553546758
91,275.587492649343858,0.601769310404,1.6654785332,0.6437047410,0.387361758115,0.214407552289,1.5535072779,2.127883460941
92,276.452049503132912,0.602267820380,1.6668582275,0.6439016931,0.387801269220,0.214466551160,1.5530321022,0.864556853789
93,278.250743529841941,0.603299984098,1.6697148812,0.6443088135,0.388711496915,0.214588487183,1.5520507854,1.798694026709
94,279.229250927745170,0.603858692754,1.6712611835,0.6445288120,0.389204325832,0.214654366922,1.5515210204,0.978507397903
95,282.465114765052078,0.605692463765,1.6763363945,0.6452490371,0.390822478997,0.214869984768,1.5497892171,3.235863837307
96,283.211185733233890,0.606112283196,1.6774983020,0.6454135271,0.391193066493,0.214919216702,1.5493942381,0.746070968182
97,284.835963980904751,0.607022743515,1.6800181249,0.6457697495,0.391996925049,0.215025818466,1.5485395541,1.624778247671
98,286.667445363002912,0.608042826014,1.6828413422,0.6461680413,0.392897841911,0.215144984103,1.5475850492,1.831481382098
99,287.911920501422173,0.608732250979,1.6847494197,0.6464367376,0.393506890422,0.215225360557,1.5469417837,1.244475138419
100,289.579854929218811,0.609651608651,1.6872938673,0.6467944347,0.394319267577,0.215332341074,1.5460862777,1.667934427797
101,291.846291329067412,0.610892407282,1.6907279465,0.6472760877,0.395416047388,0.215476359895,1.5449357994,2.266436399849
102,293.558434139356280,0.611823376086,1.6933045295,0.6476366379,0.396239234291,0.215584141795,1.5440757076,1.712142810289
103,297.979277061943435,0.614202301690,1.6998885301,0.6485547310,0.398343808575,0.215858493115,1.5418899164,4.420842922587
104,299.840326053721299,0.615193223038,1.7026310399,0.6489357917,0.399220901242,0.215972321796,1.5409845054,1.861048991778
105,301.649325462194156,0.616150553110,1.7052805813,0.6493031768,0.400068511500,0.216082041611,1.5401125942,1.808999408473
106,302.696749589606895,0.616702233352,1.7068074315,0.6495145522,0.400557074910,0.216145158442,1.5396113862,1.047424127413
107,307.219496128170078,0.619062657975,1.7133402281,0.6504161698,0.402648362888,0.216414295087,1.5374771514,4.522746538563
108,310.109463146701898,0.620552806426,1.7174644170,0.6509830598,0.403969364668,0.216583441758,1.5361382835,2.889967018532
109,311.165141530355982,0.621093683499,1.7189613679,0.6511883835,0.404448991758,0.216644691741,1.5356539296,1.055678383654
110,312.427801180600909,0.621738202658,1.7207451625,0.6514327463,0.405020624815,0.216717577843,1.5350778814,1.262659650245
111,313.985285731158910,0.622529635280,1.7229355601,0.6517323573,0.405722706671,0.216806928608,1.5343721834,1.557484550558
112,315.475616089475750,0.623283276644,1.7250213652,0.6520171991,0.406391416313,0.216891860331,1.5337018737,1.490330358317
113,323.466969557512073,0.627264635095,1.7360403170,0.6535145238,0.409926549288,0.217338085807,1.5301878744,7.991353468036
114,324.862866051739616,0.627949978135,1.7379370972,0.6537710140,0.410535493925,0.217414484210,1.5295875446,1.395896494228
115,327.443901261905467,0.629209467309,1.7414229051,0.6542414225,0.411654896949,0.217554570360,1.5284877502,2.581035210166
116,329.033071680480930,0.629980019307,1.7435555127,0.6545286082,0.412339945210,0.217640074097,1.5278171000,1.589170418575
117,329.953239728233882,0.630424487989,1.7447856403,0.6546940525,0.412735162815,0.217689325173,1.5274310134,0.920168047753
118,331.474467582663408,0.631156575130,1.7468117912,0.6549662230,0.413386238126,0.217770337003,1.5267962910,1.521227854430
119,336.841850428390671,0.633713040849,1.7538871583,0.6559134031,0.415660877238,0.218052163611,1.5245915013,5.367382845727
120,338.339992850806595,0.634419331060,1.7558419126,0.6561742002,0.416289597180,0.218129733880,1.5239855508,1.498142422416
121,339.858216725363548,0.635131905156,1.7578140585,0.6564369305,0.416924038284,0.218207866872,1.5233755956,1.518223874557
122,341.042261111046571,0.635685427184,1.7593460061,0.6566407495,0.417416955348,0.218268471837,1.5229027452,1.184044385683
123,342.054877510363610,0.636157286937,1.7606519423,0.6568143141,0.417837212050,0.218320074887,1.5225003149,1.012616399317
124,344.661702940252326,0.637365619916,1.7639961684,0.6572580034,0.418913654785,0.218451965131,1.5214725341,2.606825429889
125,346.347870566009931,0.638142345610,1.7661458625,0.6575426249,0.419605793001,0.218536552609,1.5208139550,1.686167625758
126,347.272677584420478,0.638566749691,1.7673204586,0.6576979495,0.419984041865,0.218582707826,1.5204547936,0.924807018411
127,349.316260870696169,0.639500578228,1.7699049563,0.6580392352,0.420816471403,0.218684106825,1.5196662243,2.043583286276
128,350.408419349192116,0.639997409529,1.7712800046,0.6582205437,0.421259442866,0.218737966664,1.5192476284,1.092158478496
129,351.878649025359266,0.640663788487,1.7731242991,0.6584634334,0.421853677827,0.218810110659,1.5186872182,1.470229676167
130,353.488900488718798,0.641390444896,1.7751354197,0.6587279135,0.422501789482,0.218888655413,1.5180774635,1.610251463360
131,356.017574977264928,0.642524903177,1.7782751875,0.6591400294,0.423513883557,0.219011019620,1.5171283118,2.528674488546
132,359.743754953114433,0.644182006724,1.7828614473,0.6597402799,0.424992817443,0.219189189281,1.5157479851,3.726179975850
133,361.289361695804644,0.644864336909,1.7847498890,0.6599868456,0.425601979556,0.219262357353,1.5151817141,1.545606742690
134,363.331330578973848,0.645761331172,1.7872324428,0.6603104565,0.426402959390,0.219358371781,1.5144391401,2.041968883169
135,364.736024114088991,0.646375461707,1.7889321327,0.6605316746,0.426951466115,0.219423995592,1.5139319408,1.404693535115
136,366.212710288331323,0.647018522465,1.7907118910,0.6607630151,0.427525909752,0.219492612713,1.5134018961,1.476686174242
137,367.993575481740322,0.647790605352,1.7928487355,0.6610403687,0.428215740604,0.219574864748,1.5127669161,1.780865193409
138,368.968438095734371,0.648211669916,1.7940140891,0.6611914420,0.428592008740,0.219619661176,1.5124212694,0.974862613994
139,370.050919212106010,0.648677915737,1.7953044879,0.6613585739,0.429008701260,0.219669214478,1.5120390655,1.082481116372
140,373.061928372112845,0.649967678431,1.7988740818,0.6618200763,0.430161658562,0.219806019869,1.5109846856,3.011009160007
141,373.864873910908557,0.650309861361,1.7998211197,0.6619423120,0.430467613121,0.219842248240,1.5107056641,0.802945538796
142,375.825912766739350,0.651142497282,1.8021255530,0.6622393919,0.431212211451,0.219930285831,1.5100279630,1.961038855831
143,378.436680249965491,0.652244283884,1.8051748975,0.6626317278,0.432197756797,0.220046527087,1.5091338944,2.610767483226
144,379.872975346532371,0.652847187292,1.8068435148,0.6628460431,0.432737174828,0.220110012464,1.5086459525,1.436295096567
145,381.484468617186508,0.653520924719,1.8087081749,0.6630852264,0.433340070315,0.220180854404,1.5081017646,1.611493270654
146,383.443529449536470,0.654336151506,1.8109644261,0.6633742012,0.434069721821,0.220266429684,1.5074448150,1.959060832350
147,384.956116814863663,0.654962742286,1.8126986014,0.6635959841,0.434630645549,0.220332096738,1.5069410061,1.512587365327
148,385.861300845974256,0.655336539183,1.8137331352,0.6637281557,0.434965312487,0.220371226695,1.5066409214,0.905184031111
149,387.222890222388003,0.655897160927,1.8152847323,0.6639261987,0.435467308762,0.220429852164,1.5061915045,1.361589376414
150,388.846128354232235,0.656562943848,1.8171273772,0.6641610975,0.436063565381,0.220499378468,1.5056587983,1.623238131844
151,393.427743844434019,0.658427240014,1.8222870708,0.6648171640,0.437733730421,0.220693509593,1.5041729578,4.581615490202
152,397.918736209614224,0.660233708675,1.8272867188,0.6654505189,0.439352864043,0.220880844632,1.5027413332,4.490992365180
153,399.985119876194915,0.661058058395,1.8295682190,0.6657387702,0.440091978859,0.220966079536,1.5020906768,2.066383666581
154,401.839228600533204,0.661794107618,1.8316053355,0.6659957396,0.440752056183,0.221042051435,1.5015111066,1.854108724338
155,402.861917763886140,0.662198645685,1.8327249497,0.6661368092,0.441114892873,0.221083752812,1.5011931277,1.022689163353
156,404.236441800208013,0.662740741958,1.8342252749,0.6663256670,0.441601166943,0.221139575015,1.5007676419,1.374524036322
157,405.134387459909931,0.663093886756,1.8352026513,0.6664485860,0.441917983193,0.221175903563,1.5004908421,0.897945659702
158,407.581460386896197,0.664052315044,1.8378552321,0.6667817445,0.442777961071,0.221274353973,1.4997411195,2.447072926986
159,408.947245502351109,0.664584743735,1.8393288010,0.6669665436,0.443255789444,0.221328954291,1.4993255803,1.365785115455
160,410.513869193366645,0.665193280745,1.8410130101,0.6671775161,0.443802000793,0.221391279952,1.4988514688,1.566623691016
161,411.972267804278772,0.665757695343,1.8425751044,0.6673729609,0.444308684395,0.221449010948,1.4984125198,1.458398610912
162,413.262736070185042,0.666255455544,1.8439527235,0.6675451405,0.444755591675,0.221499863869,1.4980260350,1.290468265906
163,415.018809755155132,0.666930318403,1.8458204984,0.6677783062,0.445361598353,0.221568720050,1.4975029748,1.756073684970
164,418.387705789534778,0.668217035911,1.8493816644,0.6682219924,0.446517319064,0.221699716846,1.4965086624,3.368896034380
165,419.861364818152310,0.668776631784,1.8509304222,0.6684145947,0.447020061296,0.221756570488,1.4960774464,1.473659028618
166,420.643827625041808,0.669072960375,1.8517505519,0.6685164978,0.447286312276,0.221786648099,1.4958493967,0.782462806889
167,422.076710058826734,0.669614184972,1.8532484647,0.6687024608,0.447772653297,0.221841531675,1.4954334081,1.432882433785
168,423.716579627481792,0.670231342091,1.8549565311,0.6689142678,0.448327307422,0.221904034670,1.4949598898,1.639869568655
169,425.069882494461353,0.670738854953,1.8563611421,0.6690882488,0.448783485837,0.221955369116,1.4945711599,1.353302866980
170,432.138641734588589,0.673363778632,1.8636259759,0.6699852848,0.451143822992,0.222219955640,1.4925700948,7.068759240127
171,433.889218480927241,0.674007206713,1.8654067507,0.6702044508,0.451722629837,0.222284576875,1.4920820039,1.750576746339
172,436.161006432646957,0.674838347476,1.8677070460,0.6704871394,0.452470433186,0.222367914289,1.4914529171,2.271787951720
173,437.581698167668605,0.675355914742,1.8691394839,0.6706629382,0.452936182132,0.222419732610,1.4910619672,1.420691735022
174,438.621738656272214,0.675733744035,1.8701851780,0.6707911585,0.453276221017,0.222457523018,1.4907769539,1.040040488604
175,439.918442214370657,0.676203561888,1.8714854629,0.6709504614,0.453699091849,0.222504470040,1.4904230007,1.296703558098
176,441.683199201189041,0.676840743490,1.8732489497,0.6711662747,0.454272680364,0.222568063125,1.4899437557,1.764756986818
177,442.904546302609447,0.677280233078,1.8744652970,0.6713149702,0.454668359456,0.222611873622,1.4896137349,1.221347101420
178,444.319336277559159,0.677787818623,1.8758701092,0.6714865431,0.455125399300,0.222662419323,1.4892331205,1.414789974950
179,449.148545685023294,0.679508305836,1.8806317919,0.6720668112,0.456674980256,0.222833325579,1.4879473043,4.829209407464
180,450.126945780313520,0.679854623009,1.8815902718,0.6721833736,0.456986974078,0.222867648931,1.4876892813,0.978400095290
181,451.403308445388802,0.680305278019,1.8828375209,0.6723349339,0.457393004095,0.222912273924,1.4873539209,1.276362665075
182,453.986737806677922,0.681213542188,1.8853512657,0.6726399813,0.458211464265,0.223002077923,1.4866793944,2.583429361289
183,454.974683768616785,0.681559511866,1.8863087840,0.6727560333,0.458523273668,0.223036238198,1.4864229386,0.987945961939
184,456.328426689246044,0.682032362301,1.8876174619,0.6729145175,0.458949477982,0.223082884319,1.4860728577,1.353742920629
185,457.903893064102988,0.682580895762,1.8891356030,0.6730981821,0.459443960085,0.223136935678,1.4856673611,1.575466374857
186,459.513415281106006,0.683139341035,1.8906811764,0.6732849606,0.459947444289,0.223191896746,1.4852552167,1.609522217003
187,460.087944422175838,0.683338207998,1.8912315678,0.6733514240,0.460126755458,0.223211452540,1.4851086139,0.574529141070
188,462.065367274882533,0.684020778022,1.8931206733,0.6735793474,0.460742269239,0.223278508783,1.4846060882,1.977422852707
189,464.057286910548271,0.684705405147,1.8950154721,0.6738076486,0.461359738999,0.223345666148,1.4841030703,1.991919635666
190,465.671539211371112,0.685258074880,1.8965450609,0.6739917209,0.461858269130,0.223399805751,1.4836977503,1.614252300823
191,469.536004559112030,0.686573402729,1.9001854099,0.6744289966,0.463045011116,0.223528391612,1.4827357735,3.864465347741
192,470.773655478101659,0.686992367637,1.9013449523,0.6745680416,0.463423096044,0.223569271593,1.4824301454,1.237650918990
193,475.600339369375774,0.688615821504,1.9058380820,0.6751057453,0.464888497421,0.223727324083,1.4812494293,4.826683891274
194,476.769015237484496,0.689006427594,1.9069191376,0.6752348613,0.465241159565,0.223765268029,1.4809661902,1.168675868109
195,478.075263766670957,0.689441882976,1.9081243197,0.6753786853,0.465634352500,0.223807530475,1.4806508138,1.306248529186
196,478.942181534634813,0.689730225234,1.9089223461,0.6754738523,0.465894732294,0.223835492940,1.4804422060,0.866917767964
197,481.830339376286588,0.690687092695,1.9115706072,0.6757892787,0.466758932181,0.223928160515,1.4797512058,2.888157841652
198,482.834782790982388,0.691018528317,1.9124879004,0.6758983964,0.467058315168,0.223960213149,1.4795123133,1.004443414696
199,483.851427212482520,0.691353288538,1.9134143949,0.6760085365,0.467360724785,0.223992563753,1.4792712607,1.016644421500
200,485.539148129356022,0.691907470526,1.9149481690,0.6761907098,0.467861403612,0.224046066914,1.4788727285,1.687720916874
201,486.528718261651250,0.692231511754,1.9158449973,0.6762971383,0.468154190452,0.224077321301,1.4786399991,0.989570132295
202,488.380567090017450,0.692836144931,1.9175184019,0.6764955439,0.468700564673,0.224135580257,1.4782063372,1.851848828366
203,489.661761577956156,0.693253117789,1.9186724311,0.6766322331,0.469077405178,0.224175712611,1.4779077187,1.281194487939
204,491.398821593663001,0.693816715963,1.9202322658,0.6768168104,0.469586816714,0.224229899249,1.4775046728,1.737060015707
205,493.314441581785275,0.694435943481,1.9219460623,0.6770193713,0.470146585839,0.224289357642,1.4770626107,1.915619988122
206,493.957997805369473,0.694643434675,1.9225203225,0.6770871905,0.470334171606,0.224309263069,1.4769146633,0.643556223584
207,495.358828822131272,0.695094148387,1.9237677341,0.6772344130,0.470741677593,0.224352470794,1.4765936000,1.400831016762
208,496.429696215759122,0.695437838400,1.9247189430,0.6773465897,0.471052448198,0.224385390201,1.4763490585,1.070867393628
209,498.580782429686565,0.696125984997,1.9266234824,0.6775709666,0.471674756505,0.224451228492,1.4758601672,2.151086213927
210,500.309084941690514,0.696676732724,1.9281477518,0.6777503257,0.472172882498,0.224503850226,1.4754695971,1.728302512004
211,501.604446965145485,0.697088271999,1.9292867428,0.6778842235,0.472545141956,0.224543130043,1.4751781578,1.295362023455
212,502.276270327118254,0.697301293373,1.9298763085,0.6779534895,0.472737845066,0.224563448307,1.4750274399,0.671823361973
213,506.464152709523546,0.698622794914,1.9335337440,0.6783825454,0.473933509863,0.224689285051,1.4740945309,4.187882382405
214,508.800700336467798,0.699355359939,1.9355612175,0.6786199130,0.474596473532,0.224758886407,1.4735789222,2.336547626944
215,510.264227943672836,0.699812500218,1.9368264155,0.6787678650,0.475010236701,0.224802263517,1.4732577240,1.463527607205
216,511.562289700374606,0.700216860553,1.9379455378,0.6788986251,0.475376263923,0.224840596629,1.4729739655,1.298061756702
217,512.623144531407434,0.700546567156,1.9388580457,0.6790051678,0.475674739397,0.224871827759,1.4727428411,1.060854831033
218,513.668985555473682,0.700870940347,1.9397557927,0.6791099203,0.475968408425,0.224902531922,1.4725156711,1.045841024066
219,515.435057167299419,0.701417200572,1.9412676423,0.6792861790,0.476463010076,0.224954190496,1.4721335880,1.766071611826
220,520.106310411723257,0.702853083503,1.9452416438,0.6797485947,0.477763395796,0.225089687706,1.4711321329,4.671253244424
221,521.525193449492008,0.703286677126,1.9464416733,0.6798879767,0.478156155981,0.225130521144,1.4708305400,1.418883037769
222,522.456696177730237,0.703570692212,1.9472277237,0.6799792120,0.478413444844,0.225157247368,1.4706331935,0.931502728238
223,523.960530892015868,0.704028144339,1.9484937848,0.6801260552,0.478827884547,0.225200259791,1.4703156751,1.503834714286
224,525.077385687279616,0.704367032049,1.9494317027,0.6802347549,0.479134935378,0.225232096671,1.4700807227,1.116854795264
225,529.806226318706877,0.705793963692,1.9533809303,0.6806916658,0.480428068860,0.225365894832,1.4690939382,4.728840631427
226,530.866917883961037,0.706112279212,1.9542619119,0.6807934197,0.480716593256,0.225395685957,1.4688743620,1.060691565254
227,532.688183028293679,0.706657363587,1.9557705072,0.6809675176,0.481210710692,0.225446652896,1.4684988257,1.821265144333
228,533.779630753768743,0.706983129371,1.9566721083,0.6810714783,0.481506045026,0.225477084345,1.4682746700,1.091447725475
229,535.664314075873222,0.707544088136,1.9582246381,0.6812503417,0.482014651798,0.225529436338,1.4678891720,1.884683322104
230,537.069759083122335,0.707961122802,1.9593788384,0.6813831886,0.482392807293,0.225568315510,1.4676029827,1.405445007249
231,538.428526176247942,0.708363270565,1.9604918371,0.6815111919,0.482757496804,0.225605773760,1.4673273336,1.358767093126
232,540.213166376228173,0.708889922873,1.9619494191,0.6816786743,0.483235142831,0.225654780042,1.4669668243,1.784640199980
233,541.847437121201324,0.709370676842,1.9632799712,0.6818314116,0.483671209925,0.225699466917,1.4666382085,1.634270744973
234,544.323890101005304,0.710096419469,1.9652885627,0.6820617141,0.484329581025,0.225766838444,1.4661429888,2.476452979804
235,545.636833248934863,0.710479848869,1.9663497558,0.6821832588,0.484677458638,0.225802390231,1.4658817657,1.312943147930
236,547.010912058122244,0.710880145398,1.9674576310,0.6823100544,0.485040670686,0.225839474712,1.4656093568,1.374078809187
237,547.931613364489294,0.711147801819,1.9681984066,0.6823947811,0.485283548521,0.225864253297,1.4654273857,0.920701306367
238,549.497567562661402,0.711602007930,1.9694554839,0.6825384599,0.485695738581,0.225906269350,1.4651189035,1.565954198172
239,550.970010039483896,0.712027911688,1.9706342306,0.6826730717,0.486082281575,0.225945630113,1.4648300065,1.472442476822
240,552.049572200564853,0.712339452321,1.9714964617,0.6827714676,0.486365053317,0.225974399004,1.4646189060,1.079562161081
241,553.764972119158870,0.712833232398,1.9728630653,0.6829273006,0.486813275160,0.226019957237,1.4642847037,1.715399918594
242,557.564659172058555,0.713921552760,1.9758751401,0.6832702427,0.487801352626,0.226120200134,1.4635497604,3.799687052900
243,559.316237028682167,0.714420751024,1.9772567393,0.6834273056,0.488254648933,0.226166102092,1.4632134125,1.751577856624
244,560.240807497295691,0.714683622835,1.9779842729,0.6835099524,0.488493369041,0.226190253794,1.4630364876,0.924570468614
245,562.559207616045796,0.715340882112,1.9798033275,0.6837164119,0.489090301173,0.226250580939,1.4625946996,2.318400118750
246,564.160879110786141,0.715793370908,1.9810556518,0.6838583969,0.489501307156,0.226292063751,1.4622910306,1.601671494740
247,566.698787682807961,0.716507732529,1.9830327449,0.6840823032,0.490150259918,0.226357472611,1.4618124096,2.537908572022
248,567.731757901176934,0.716797573740,1.9838349200,0.6841730622,0.490413590968,0.226383982772,1.4616184929,1.032970218369
249,568.923955179629388,0.717131437649,1.9847589338,0.6842775435,0.490716938550,0.226414499099,1.4613953204,1.192197278452
250,570.051114782463628,0.717446445564,1.9856307611,0.6843760627,0.491003173593,0.226443271971,1.4611849457,1.127159602834
251,572.419984132452782,0.718106449668,1.9874574124,0.6845822869,0.491602955552,0.226503494116,1.4607447770,2.368869349989
252,573.614610526758156,0.718438255995,1.9883757316,0.6846858642,0.491904518215,0.226533737780,1.4605237996,1.194626394305
253,575.093886014494842,0.718848167015,1.9895102162,0.6848137320,0.492277096002,0.226571071013,1.4602510920,1.479275487737
254,575.807247140928780,0.719045464526,1.9900562639,0.6848752413,0.492456435995,0.226589028530,1.4601199456,0.713361126434
255,577.039003472098216,0.719385562233,1.9909975306,0.6849812152,0.492765596612,0.226619965621,1.4598940494,1.231756331169
256,581.946576265901626,0.720733411853,1.9947278880,0.6854005253,0.493991059052,0.226742352801,1.4590009245,4.907572793803
257,583.236088219167300,0.721085686723,1.9957028567,0.6855099383,0.494311404621,0.226774282101,1.4587680559,1.289511953266
258,584.561705903465509,0.721447014170,1.9967028796,0.6856220865,0.494640007139,0.226807007030,1.4585294431,1.325617684298
259,585.984563204988262,0.721833935884,1.9977737382,0.6857420927,0.494991913786,0.226842022098,1.4582741976,1.422857301523
260,586.742771891250186,0.722039734237,1.9983433132,0.6858058863,0.495179099848,0.226860634388,1.4581385492,0.758208686262
261,588.139663266247908,0.722418192992,1.9993907493,0.6859231358,0.495523352268,0.226894840724,1.4578892996,1.396891374998
262,590.660397516765329,0.723098864704,2.0012746010,0.6861338001,0.496142571905,0.226956292799,1.4574416824,2.520734250517
263,591.725858065048101,0.723385697130,2.0020684488,0.6862224913,0.496403535287,0.226982161843,1.4572533145,1.065460548283
264,592.571358300225597,0.723612946781,2.0026973932,0.6862927246,0.496610300781,0.227002645999,1.4571041834,0.845500235177
265,593.974714682231024,0.723989419662,2.0037393331,0.6864090094,0.496952860367,0.227036559295,1.4568573348,1.403356382005
266,595.728153697388962,0.724458559808,2.0050377424,0.6865538005,0.497379777538,0.227078782270,1.4565500901,1.753439015158
267,596.362768328393713,0.724628013435,2.0055067284,0.6866060673,0.497533990546,0.227094022889,1.4564392126,0.634614631005
268,601.602136735932618,0.726020168904,2.0093597083,0.6870348298,0.498801143175,0.227219025729,1.4555302826,5.239368407539
269,602.579167886387381,0.726278434617,2.0100744938,0.6871142468,0.499036259556,0.227242175061,1.4553620518,0.977031150455
270,603.625618903579152,0.726554586553,2.0108387819,0.6871991206,0.499287672971,0.227266913582,1.4551823045,1.046451017192
271,604.616218493753195,0.726815558905,2.0115610584,0.6872792881,0.499525279940,0.227290278965,1.4550125651,0.990599590174
272,606.383460422109010,0.727280076762,2.0128466749,0.6874218840,0.499948240532,0.227331836230,1.4547107436,1.767241928356
273,610.839162937739388,0.728445270761,2.0160715080,0.6877790170,0.501009372261,0.227435898500,1.4539553771,4.455702515630
274,611.774209620887177,0.728688712120,2.0167452651,0.6878535322,0.501231104524,0.227457607596,1.4537978700,0.935046683148
275,613.599778675637140,0.729162932328,2.0180577341,0.6879985879,0.501663067825,0.227499864503,1.4534913552,1.825569054750
276,614.646237872232632,0.729434130756,2.0188083127,0.6880814842,0.501910119296,0.227524011460,1.4533162467,1.046459196595
277,615.538563369407029,0.729665019706,2.0194473293,0.6881520255,0.502120461275,0.227544558431,1.4531672696,0.892325497174
278,618.112831366442379,0.730329239879,2.0212856491,0.6883547864,0.502725627922,0.227603611957,1.4527392266,2.574267997035
279,619.184482597953661,0.730604935351,2.0220486739,0.6884388707,0.502976836595,0.227628098756,1.4525617925,1.071651231511
280,620.272893672227497,0.730884454518,2.0228222813,0.6885240763,0.503231543906,0.227652910613,1.4523820364,1.088411074274
281,621.709294527948600,0.731252592485,2.0238411532,0.6886362266,0.503567026004,0.227685566481,1.4521455034,1.436400855721
282,622.375002739779006,0.731422919789,2.0243125573,0.6886880891,0.503722252925,0.227700666864,1.4520361480,0.665708211830
283,624.269900018177850,0.731906750430,2.0256516245,0.6888353179,0.504163219121,0.227743531309,1.4517257957,1.894897278399
284,626.019283427654386,0.732352124512,2.0268842579,0.6889707254,0.504569174445,0.227782950066,1.4514404795,1.749383409477
285,627.268396850783006,0.732669374326,2.0277622900,0.6890671095,0.504858367986,0.227811006339,1.4512374574,1.249113423129
286,628.325862359460416,0.732937455995,2.0285042425,0.6891485107,0.505102756242,0.227834699753,1.4510660394,1.057465508677
287,632.225141167115908,0.733922091245,2.0312293547,0.6894471348,0.506000482948,0.227921608297,1.4504375311,3.899278807655
288,633.546858252251809,0.734254470037,2.0321492582,0.6895478145,0.506303565109,0.227950904927,1.4502257551,1.321717085136
289,635.523800310605452,0.734750329512,2.0335216169,0.6896978962,0.506755756497,0.227994573015,1.4499101788,1.976942058354
290,638.927938266856813,0.735600556562,2.0358747361,0.6899549075,0.507531213935,0.228069342627,1.4493700808,3.404137956251
291,640.694794668825693,0.736040067523,2.0370911425,0.6900876036,0.507932126385,0.228107941138,1.4490913831,1.766856401969
292,641.945499665705256,0.736350452199,2.0379501744,0.6901812481,0.508215274103,0.228135178096,1.4488947690,1.250704996880
293,643.278883781397894,0.736680689863,2.0388641521,0.6902808220,0.508516552177,0.228164137686,1.4486857639,1.333384115693
294,644.990578229748053,0.737103621246,2.0400346723,0.6904082547,0.508902424711,0.228201196536,1.4484183715,1.711694448350
295,646.348191595501589,0.737438267681,2.0409608519,0.6905090145,0.509207771490,0.228230496191,1.4482070168,1.357613365754
296,647.761753004288835,0.737785958966,2.0419231349,0.6906136348,0.509525042802,0.228260916164,1.4479876296,1.413561408787
297,648.786400888782396,0.738037515855,2.0426193528,0.6906892855,0.509754604490,0.228282911365,1.4478290325,1.024647884494
298,650.197519345256410,0.738383303917,2.0435763684,0.6907932159,0.510070177082,0.228313126835,1.4476112055,1.411118456474
299,655.709463022355635,0.739726827312,2.0472947524,0.6911963855,0.511296509314,0.228430317998,1.4467668248,5.511943677099
300,656.964084599460648,0.740031060283,2.0481367586,0.6912875396,0.511574250863,0.228456809420,1.4465760523,1.254621577105
301,658.175614418605392,0.740324293031,2.0489483202,0.6913753484,0.511841966032,0.228482326999,1.4463923284,1.211529819145
302,659.663845972964054,0.740683759440,2.0499431924,0.6914829250,0.512170172492,0.228513586948,1.4461673077,1.488231554359
303,660.716732595279268,0.740937583449,2.0506456849,0.6915588426,0.512401937614,0.228535645835,1.4460085512,1.052886622315
304,662.296586431100422,0.741317687962,2.0516976759,0.6916724623,0.512749030603,0.228568657359,1.4457710180,1.579853835821
305,666.515147704172932,0.742328225599,2.0544944765,0.6919741355,0.513671932184,0.228656293415,1.4451407194,4.218561273073
306,667.148494894555483,0.742479388667,2.0549128409,0.6920192127,0.513810001986,0.228669386681,1.4450465849,0.633347190383
307,668.975848820235115,0.742914726280,2.0561176970,0.6921489600,0.514207655161,0.228707071119,1.4447757026,1.827353925680
308,670.323585205862628,0.743235041476,2.0570042129,0.6922443586,0.514500264589,0.228734776887,1.4445765972,1.347736385628
309,674.355897810123224,0.744189565457,2.0596459881,0.6925283027,0.515372336639,0.228817228818,1.4439843052,4.032312604261
310,676.139674363626796,0.744609999299,2.0608095960,0.6926532090,0.515756505479,0.228853493820,1.4437239112,1.783776553504
311,679.742197882528217,0.745455737835,2.0631502926,0.6929041713,0.516529390247,0.228926347588,1.4432010103,3.602523518901
312,684.013549813869531,0.746452703747,2.0659095316,0.6931994991,0.517440640312,0.229012063434,1.4425861550,4.271351931341
313,684.972629862098415,0.746675704326,2.0665267160,0.6932654825,0.517644492419,0.229031211907,1.4424488530,0.959080048229
314,686.163223587727998,0.746952101335,2.0672916824,0.6933472272,0.517897168297,0.229054933038,1.4422787902,1.190593725630
315,687.961543184703601,0.747368674303,2.0684446048,0.6934703494,0.518278015670,0.229090658633,1.4420227208,1.798319596976
316,689.368941362272381,0.747693933139,2.0693448030,0.6935664162,0.518575401630,0.229118531509,1.4418229843,1.407398177569
317,690.474735032350395,0.747949023725,2.0700508009,0.6936417177,0.518808645581,0.229140378144,1.4416664604,1.105793670078
318,694.533908699873109,0.748881926789,2.0726327372,0.6939168012,0.519661751109,0.229220175680,1.4410949530,4.059173667523
319,695.726335920926772,0.749154941477,2.0733883425,0.6939972141,0.519911442293,0.229243499183,1.4409279745,1.192427221054
320,696.626069900345669,0.749360632406,2.0739576202,0.6940577706,0.520099569903,0.229261062503,1.4408022536,0.899733979419
321,699.132095476013546,0.749932145146,2.0755393596,0.6942259053,0.520622322350,0.229309822796,1.4404533055,2.506025575668
322,700.296739132143443,0.750197051560,2.0762725241,0.6943037780,0.520864647144,0.229332404417,1.4402917450,1.164643656130
323,701.301742954646102,0.750425292894,2.0769042131,0.6943708418,0.521073442298,0.229351850596,1.4401526387,1.005003822503
324,702.227343145760528,0.750635212117,2.0774851932,0.6944324968,0.521265484530,0.229369727587,1.4400247751,0.925600191114
325,704.033839295525354,0.751044116172,2.0786168908,0.6945525262,0.521639588175,0.229404527997,1.4397759165,1.806496149765
326,705.125813954619275,0.751290778357,2.0792995620,0.6946248871,0.521865272087,0.229425506270,1.4396259313,1.091974659094
327,706.184654799517944,0.751529591559,2.0799605101,0.6946949138,0.522083784800,0.229445806759,1.4394808141,1.058840844899
328,712.749383470101293,0.753002269561,2.0840363471,0.6951260575,0.523431498916,0.229570770645,1.4385879931,6.564728670583
329,714.082771820669450,0.753299733293,2.0848596185,0.6952130003,0.523703767729,0.229595965564,1.4384080843,1.333388350568
330,716.112396454052146,0.753751454872,2.0861098195,0.6953449379,0.524117258594,0.229634196278,1.4381351549,2.029624633383
331,717.482569703100239,0.754055682938,2.0869518121,0.6954337337,0.524395758986,0.229659923952,1.4379515281,1.370173249048
332,718.742786545485842,0.754334984220,2.0877248164,0.6955152099,0.524651454858,0.229683529362,1.4377830791,1.260216842386
333,719.697100988365719,0.754546162851,2.0883092820,0.6955767857,0.524844794597,0.229701368253,1.4376557996,0.954314442880
334,721.351162218536388,0.754911524849,2.0893204711,0.6956832616,0.525179311799,0.229732213050,1.4374357632,1.654061230171
335,722.277504975674219,0.755115776888,2.0898857665,0.6957427544,0.525366330526,0.229749446362,1.4373128482,0.926342757138
336,723.845821045128446,0.755460983065,2.0908411716,0.6958432521,0.525682427265,0.229778555800,1.4371052633,1.568316069454
337,724.562613890379112,0.755618509259,2.0912771468,0.6958890903,0.525826677007,0.229791832251,1.4370106012,0.716792845251
338,727.056403230049341,0.756165345978,2.0927905919,0.6960481093,0.526327459410,0.229837886569,1.4366823020,2.493789339670
339,732.818052714499800,0.757421618055,2.0962674960,0.6964128214,0.527478125996,0.229943492059,1.4359299101,5.761649484450
340,737.052928912265315,0.758338709900,2.0988056726,0.6966785301,0.528318297719,0.230020412180,1.4353822557,4.234876197766
341,738.580421171373814,0.758668206425,2.0997175991,0.6967738850,0.528620193633,0.230048012792,1.4351858207,1.527492259108
342,739.909523674041907,0.758954354181,2.1005095520,0.6968566479,0.528882387162,0.230071967018,1.4350153694,1.329102502668
343,740.573807447295053,0.759097177880,2.1009048360,0.6968979406,0.529013259985,0.230083917895,1.4349303416,0.664283773253
344,741.757335572941656,0.759351324051,2.1016082202,0.6969713916,0.529246149001,0.230105175049,1.4347791202,1.183528125647
345,743.895013142473658,0.759809334549,2.1028758266,0.6971036744,0.529665878977,0.230143455572,1.4345068556,2.137677569532
346,745.344989550611899,0.760119252340,2.1037335663,0.6971931216,0.529949914347,0.230169337993,1.4343228138,1.449976408138
347,746.499305899432329,0.760365545053,2.1044152149,0.6972641691,0.530175650009,0.230189895044,1.4341766640,1.154316348820
348,750.655950362124258,0.761249290690,2.1068611014,0.6975188356,0.530985718861,0.230263571829,1.4336530412,4.156644462692
349,752.887621567202359,0.761721750246,2.1081686975,0.6976548128,0.531418845057,0.230302905189,1.4333736135,2.231671205078
350,754.322370471712702,0.762024757061,2.1090073102,0.6977419579,0.531696645989,0.230328111072,1.4331945910,1.434748904510
351,755.839308976037842,0.762344495465,2.1098922297,0.6978338624,0.531989803728,0.230354691736,1.4330058398,1.516938504325
352,756.768248439950980,0.762539979515,2.1104332585,0.6978900249,0.532169045312,0.230370934203,1.4328905190,0.928939463913
353,758.101729246412560,0.762820175334,2.1112087386,0.6979704899,0.532425971489,0.230394203845,1.4327253293,1.333480806462
354,758.900238224892405,0.762987725100,2.1116724554,0.6980185860,0.532579613028,0.230408112072,1.4326266091,0.798508978480
355,760.282366983512020,0.763277318575,2.1124739448,0.6981016805,0.532845178790,0.230432139785,1.4324560847,1.382128758620
356,762.700033249691046,0.763782621670,2.1138724399,0.6982465636,0.533308590902,0.230474030767,1.4321588564,2.417666266179
357,766.087540099836247,0.764487937898,2.1158244986,0.6984485703,0.533955507259,0.230532430639,1.4317446445,3.387506850145
358,767.218472155539530,0.764722716159,2.1164742795,0.6985157541,0.534170864760,0.230551851399,1.4316069382,1.130932055703
359,768.281461806509242,0.764943074468,2.1170841511,0.6985787851,0.534373003643,0.230570070825,1.4314777679,1.062989650970
360,769.693407252624411,0.765235300518,2.1178929265,0.6986623337,0.534641080896,0.230594219621,1.4313065865,1.411945446115
361,771.070839313678334,0.765519867323,2.1186805039,0.6987436494,0.534902145772,0.230617721551,1.4311400195,1.377432061054
362,775.047847096580540,0.766338642555,2.1209465759,0.6989773795,0.535653376180,0.230685266375,1.4306614625,3.977007782902
363,775.999711963171421,0.766533986685,2.1214872173,0.6990330911,0.535832622171,0.230701364514,1.4305474414,0.951864866591
364,777.299748529592534,0.766800396736,2.1222245435,0.6991090384,0.536077088001,0.230723308734,1.4303920348,1.300036566421
365,784.288822612465538,0.768225039738,2.1261674370,0.6995145413,0.537384586305,0.230840453433,1.4295628481,6.989074082873
366,785.739089700714999,0.768519069213,2.1269812036,0.6995981006,0.537654481058,0.230864588155,1.4293921027,1.450267088249
367,790.059092364119579,0.769391708246,2.1293963510,0.6998458280,0.538455577088,0.230936131157,1.4288861347,4.320002663405
368,790.831620467921084,0.769547255590,2.1298268495,0.6998899437,0.538598385358,0.230948870232,1.4287960687,0.772528103802
369,792.427707608604578,0.769868144581,2.1307149535,0.6999809132,0.538893006874,0.230975137707,1.4286103823,1.596087140683
370,794.483791869893139,0.770280563493,2.1318563790,0.7000977523,0.539271691135,0.231008872357,1.4283719620,2.056084261289
371,795.606596156162368,0.770505330441,2.1324784521,0.7001613921,0.539478084791,0.231027245650,1.4282421328,1.122804286269
372,797.263470038035621,0.770836430597,2.1333948169,0.7002550911,0.539782134961,0.231054295635,1.4280510241,1.656873881873
373,798.707570166296250,0.771124450530,2.1341919513,0.7003365526,0.540046639339,0.231077811192,1.4278849165,1.444100128261
374,799.654336210897668,0.771312996707,2.1347137785,0.7003898565,0.540219799050,0.231093197657,1.4277762460,0.946766044601
375,803.243096204270159,0.772025668442,2.1366861946,0.7005911698,0.540874366160,0.231151302283,1.4273659777,3.588759993372
376,804.762239112661746,0.772326387811,2.1375184764,0.7006760375,0.541150593040,0.231175794771,1.4271930914,1.519142908392
377,805.861635667094788,0.772543663149,2.1381198155,0.7007373269,0.541350181459,0.231193481690,1.4270682630,1.099396554433
378,808.151814935993798,0.772995324312,2.1393698493,0.7008646547,0.541765101038,0.231230223274,1.4268090042,2.290179268899
379,809.197783363300687,0.773201180942,2.1399395856,0.7009226529,0.541954222946,0.231246957995,1.4266909422,1.045968427307
380,810.081804886407099,0.773374957490,2.1404205359,0.7009715958,0.542113878135,0.231261079355,1.4265913283,0.884021523106
381,811.184358846506257,0.773591426499,2.1410196433,0.7010325411,0.542312763530,0.231278662969,1.4264673054,1.102553960099
382,812.771108389109372,0.773902443788,2.1418804260,0.7011200637,0.542598530712,0.231303913076,1.4262892359,1.586749542603
383,814.045913607511011,0.774151877610,2.1425707681,0.7011902204,0.542827725688,0.231324151923,1.4261465304,1.274805218402
384,814.870539625872539,0.774313019476,2.1430167502,0.7012355268,0.542975798114,0.231337221362,1.4260543880,0.824626018362
385,816.727737714394721,0.774675341976,2.1440195270,0.7013373482,0.543308750064,0.231366591912,1.4258473509,1.857198088522
386,818.380668866361702,0.774997121562,2.1449100959,0.7014277197,0.543604463770,0.231392657792,1.4256636456,1.652931151967
387,819.204642170823831,0.775157283521,2.1453533659,0.7014726813,0.543751658118,0.231405625403,1.4255722662,0.823973304462
388,820.721898443869236,0.775451783181,2.1461684338,0.7015553208,0.544022324478,0.231429458703,1.4254043415,1.517256273045
389,824.526293871629719,0.776187829475,2.1482055422,0.7017616687,0.544698866431,0.231488963044,1.4249852117,3.804395427760
390,826.039287376574407,0.776479608809,2.1490130813,0.7018433915,0.544967082066,0.231512526743,1.4248192861,1.512993504945
391,826.905810954080721,0.776646476448,2.1494749102,0.7018901090,0.545120479993,0.231525996455,1.4247244507,0.866523577506
392,828.340174300489934,0.776922309860,2.1502383167,0.7019673022,0.545374057905,0.231548251955,1.4245677780,1.434363346409
393,829.437010968309323,0.777132913558,2.1508211911,0.7020262146,0.545567677543,0.231565236015,1.4244482317,1.096836667819
394,830.895884053317445,0.777412600750,2.1515952635,0.7021044169,0.545824820710,0.231587780040,1.4242895729,1.458873085008
395,831.799777659070628,0.777585644023,2.1520741844,0.7021527809,0.545983922351,0.231601721672,1.4241914683,0.903893605753
396,833.003640909154228,0.777815822335,2.1527112342,0.7022170901,0.546195563418,0.231620258917,1.4240610405,1.203863250084
397,834.651915147825548,0.778130432960,2.1535819620,0.7023049453,0.546484851134,0.231645581825,1.4238828969,1.648274238671
398,838.249021992732196,0.778814870639,2.1554762365,0.7024959014,0.547114254558,0.231700616081,1.4234958496,3.597106844907
399,839.465394810282419,0.779045651013,2.1561149526,0.7025602349,0.547326495599,0.231719155414,1.4233654999,1.216372817550
400,841.036389829013387,0.779343218916,2.1569385123,0.7026431467,0.547600171736,0.231743047180,1.4231975429,1.570995018731
401,842.041354206526421,0.779533281517,2.1574645364,0.7026960808,0.547774981743,0.231758299774,1.4230903336,1.004964377513
402,846.194769927693983,0.780316392324,2.1596319022,0.7029139911,0.548495309675,0.231821082648,1.4226491614,4.153415721168
403,847.971717639512008,0.780650255752,2.1605559148,0.7030067987,0.548802437227,0.231847818525,1.4224613500,1.776947711818
404,848.489281180943522,0.780747367090,2.1608246836,0.7030337833,0.548891775262,0.231855591828,1.4224067517,0.517563541432
405,849.862274348697838,0.781004697436,2.1615368804,0.7031052652,0.549128514937,0.231876182499,1.4222621412,1.372993167754
406,850.645448466004041,0.781151296054,2.1619426120,0.7031459729,0.549263388053,0.231887908001,1.4221798012,0.783174117306
407,853.163112583389193,0.781621652865,2.1632443886,0.7032765092,0.549696147510,0.231925505355,1.4219158282,2.517664117385
408,854.095511719869023,0.781795494068,2.1637255178,0.7033247265,0.549856102018,0.231939392050,1.4218183470,0.932399136480
409,855.286710244404958,0.782017311239,2.1643394270,0.7033862285,0.550060207207,0.231957104032,1.4216940273,1.191198524536
410,856.484117490791618,0.782239973420,2.1649556749,0.7034479401,0.550265097940,0.231974875480,1.4215693060,1.197407246387
411,857.310740602603801,0.782393505407,2.1653805956,0.7034904774,0.550406380672,0.231987124735,1.4214833492,0.826623111812
412,858.904026466475671,0.782689015501,2.1661984601,0.7035723178,0.550678324785,0.232010690716,1.4213180005,1.593285863872
413,860.410670896014722,0.782967952184,2.1669704553,0.7036495281,0.550935030103,0.232032922081,1.4211620416,1.506644429539
414,861.171098212715378,0.783108550530,2.1673595804,0.7036884313,0.551064427465,0.232044123065,1.4210834732,0.760427316701
415,863.189719771908926,0.783481179904,2.1683908829,0.7037914889,0.551407386168,0.232073793736,1.4208753810,2.018621559194
416,864.340823930069519,0.783693279128,2.1689778964,0.7038501180,0.551602606954,0.232090672174,1.4207570255,1.151104158161
417,865.594664326515954,0.783923987074,2.1696164121,0.7039138653,0.551814963843,0.232109023231,1.4206283599,1.253840396446
418,866.423739904042691,0.784076354377,2.1700381094,0.7039559516,0.551955216187,0.232121138190,1.4205434270,0.829075577527
419,867.693122611785043,0.784309358938,2.1706829812,0.7040202888,0.552169701419,0.232139657518,1.4204136100,1.269382707742
420,868.670494229131577,0.784488530557,2.1711788631,0.7040697433,0.552334638319,0.232153892239,1.4203138390,0.977371617347
421,870.846902325754058,0.784886786175,2.1722810898,0.7041796113,0.552701272035,0.232185514140,1.4200922377,2.176408096622
422,872.188750821613212,0.785131832067,2.1729592876,0.7042471737,0.552926873687,0.232204958380,1.4199560004,1.341848495859
423,875.985285108780317,0.785823111237,2.1748724969,0.7044376072,0.553563352176,0.232259759061,1.4195721378,3.796534287167
424,879.380951969790999,0.786438866318,2.1765766830,0.7046070354,0.554130358126,0.232308508192,1.4192307907,3.395666861011
425,880.834648847939434,0.786701746725,2.1773042403,0.7046793110,0.554372444840,0.232329301885,1.4190852270,1.453696878148
426,882.386696627196443,0.786981934054,2.1780796969,0.7047563072,0.554630481658,0.232351452396,1.4189301888,1.552047779257
427,883.430331838701591,0.787170061951,2.1786003665,0.7048079834,0.554803743932,0.232366318019,1.4188261535,1.043635211505
428,884.198743114594777,0.787308435394,2.1789833338,0.7048459815,0.554931186888,0.232377248506,1.4187496648,0.768411275893
429,885.272304479617105,0.787501558214,2.1795178275,0.7048989983,0.555109059524,0.232392498690,1.4186429580,1.073561365022
430,886.852801962916260,0.787785447938,2.1803035310,0.7049768992,0.555370542332,0.232414905606,1.4184861960,1.580497483299
431,888.475566673817184,0.788076403799,2.1811087910,0.7050566978,0.555638546874,0.232437856925,1.4183256512,1.622764710901
432,889.735294294090750,0.788301902266,2.1817328887,0.7051185150,0.555846266727,0.232455635538,1.4182013075,1.259727620274
433,890.813132112528024,0.788494588109,2.1822661730,0.7051713173,0.556023767357,0.232470820752,1.4180951146,1.077837818437
434,892.386433260155854,0.788775430169,2.1830434417,0.7052482444,0.556282487339,0.232492942829,1.4179404316,1.573301147628
435,893.119117567294211,0.788906049013,2.1834049471,0.7052840097,0.556402821536,0.232503227477,1.4178685270,0.732684307138
436,894.886292320868733,0.789220650622,2.1842756499,0.7053701177,0.556692663202,0.232527987419,1.4176954409,1.767174753575
437,900.849739860521368,0.790277727637,2.1872012546,0.7056590879,0.557666660475,0.232611067163,1.4171148890,5.963447539653
438,902.243207586752305,0.790523724186,2.1878820835,0.7057262565,0.557893348571,0.232630375615,1.4169800128,1.393467726231
439,903.099674442630430,0.790674732557,2.1883000197,0.7057674742,0.558032508919,0.232642223638,1.4168972594,0.856466855878
440,904.702902722281351,0.790957021979,2.1890812942,0.7058444950,0.558292659747,0.232664362232,1.4167426495,1.603228279651
441,905.829940758222165,0.791155166628,2.1896296865,0.7058985341,0.558475272382,0.232679894246,1.4166341927,1.127038035941
442,912.331045600035623,0.792293335788,2.1927797247,0.7062085697,0.559524343435,0.232768992352,1.4160122702,6.501104841813
443,914.730096958375611,0.792711297828,2.1939364915,0.7063222630,0.559909637756,0.232801660072,1.4157843416,2.399051358340
444,916.355000808642785,0.792993765910,2.1947182604,0.7063990511,0.560170043801,0.232823722109,1.4156304406,1.624903850267
445,917.825377570426781,0.793248940137,2.1954244899,0.7064683861,0.560405298529,0.232843641608,1.4154915063,1.470376761784
446,921.156395507154798,0.793825507624,2.1970202189,0.7066249321,0.560936895394,0.232888612230,1.4151779178,3.331017936728
447,922.500629306636824,0.794057591454,2.1976625425,0.7066879003,0.561150892042,0.232906699412,1.4150518207,1.344233799482
448,923.285719802422250,0.794192982033,2.1980372544,0.7067246220,0.561275735006,0.232917247026,1.4149782941,0.785090495785
449,924.773483933476655,0.794449234718,2.1987464686,0.7067941004,0.561512032153,0.232937202565,1.4148392006,1.487764131054
450,926.551552784603018,0.794754949304,2.1995925754,0.7068769478,0.561793952806,0.232960996499,1.4146733786,1.778068851126
451,927.850858985753575,0.794977976450,2.2002098334,0.7069373586,0.561999630835,0.232978345615,1.4145524887,1.299306201151
452,928.663659328934841,0.795117335662,2.2005955290,0.7069750943,0.562128153338,0.232989182324,1.4144769853,0.812800343181
453,929.874092850647799,0.795324645420,2.2011692870,0.7070312121,0.562319348091,0.233005297329,1.4143647166,1.210433521713
454,931.009211336628027,0.795518810997,2.2017066666,0.7070837530,0.562498426489,0.233020384508,1.4142596202,1.135118485980
455,931.852740745520123,0.795662946084,2.2021055801,0.7071227440,0.562631365697,0.233031580387,1.4141816376,0.843529408892
456,934.385306837258440,0.796094906690,2.2033010899,0.7072395362,0.563029792583,0.233065114108,1.4139481022,2.532566091738
457,934.995424863846438,0.796198794894,2.2035886147,0.7072676117,0.563125620128,0.233073174766,1.4138919744,0.610118026588
458,936.228649379282956,0.796408576084,2.2041692127,0.7073242887,0.563319129567,0.233089446517,1.4137786812,1.233224515437
459,937.532925711970393,0.796630143290,2.2047824301,0.7073841268,0.563523518263,0.233106625027,1.4136590887,1.304276332687
460,939.024300899218360,0.796883116959,2.2054825692,0.7074524177,0.563756887746,0.233126229213,1.4135226270,1.491375187248
461,939.660940614528158,0.796990984269,2.2057811067,0.7074815274,0.563856398904,0.233134585365,1.4134644669,0.636639715310
462,941.156999642042365,0.797244177557,2.2064818536,0.7075498336,0.564089985171,0.233154192386,1.4133280124,1.496059027514
463,942.052341643375485,0.797395512954,2.2069006949,0.7075906459,0.564229606062,0.233165906892,1.4132464947,0.895342001333
464,944.188035809572739,0.797755919223,2.2078981684,0.7076877963,0.564562128448,0.233193790775,1.4130524862,2.135694166197
465,945.333562503045982,0.797948895327,2.2084322560,0.7077397888,0.564740182662,0.233208712664,1.4129486795,1.145526693473
466,948.346646255045016,0.798455366879,2.2098339850,0.7078761595,0.565207518676,0.233247848203,1.4126764781,3.013083751999
467,952.727988619850635,0.799188966199,2.2118643211,0.7080734674,0.565884502365,0.233304463833,1.4122828295,4.381342364806
468,954.129719269551401,0.799422955763,2.2125119191,0.7081363465,0.566100451221,0.233322504542,1.4121574255,1.401730649701
469,954.829308938216627,0.799539609036,2.2128347729,0.7081676845,0.566208113623,0.233331495413,1.4120949344,0.699589668665
470,958.414593390136133,0.800136100063,2.2144856430,0.7083278254,0.566758663786,0.233377436278,1.4117756837,3.585284451920
471,959.459168807068068,0.800309468468,2.2149654637,0.7083743379,0.566918689880,0.233390778588,1.4116829852,1.044575416932
472,961.669572474192705,0.800675708187,2.2159790820,0.7084725482,0.567256759240,0.233418948947,1.4114872941,2.210403667125
473,963.182086671311481,0.800925830486,2.2166713296,0.7085395837,0.567487654520,0.233438175966,1.4113537521,1.512514197119
474,967.371153766262864,0.801616525533,2.2185829222,0.7087245426,0.568125305369,0.233491220165,1.4109854251,4.189067094951
475,968.636301906087283,0.801824535692,2.2191586186,0.7087802003,0.568317355030,0.233507180662,1.4108746259,1.265148139824
476,970.125610556941183,0.802069053473,2.2198353549,0.7088456002,0.568543119576,0.233525933897,1.4107444552,1.489308650854
477,971.071491486385753,0.802224155330,2.2202646204,0.7088870696,0.568686330674,0.233537824656,1.4106619274,0.945880929445
478,974.774635065837401,0.802829932230,2.2219411905,0.7090489263,0.569245701412,0.233584230818,1.4103399116,3.703143579452
479,976.178502420589666,0.803058981778,2.2225751163,0.7091100802,0.569457218988,0.233601762790,1.4102182833,1.403867354752
480,976.917202117050579,0.803179372923,2.2229083152,0.7091422135,0.569568398332,0.233610974591,1.4101543823,0.738699696461
481,978.766671535113005,0.803480395283,2.2237414356,0.7092225284,0.569846397459,0.233633997824,1.4099946913,1.849469418062
482,982.396485168779009,0.804069538965,2.2253719710,0.7093795918,0.570390521348,0.233679017617,1.4096825050,3.629813633666
483,983.575076006431345,0.804260364289,2.2259001061,0.7094304299,0.570566775961,0.233693588328,1.4095814866,1.178590837652
484,985.186928655773386,0.804520969048,2.2266213652,0.7094998301,0.570807490858,0.233713478191,1.4094436074,1.611852649342
485,988.992622370657386,0.805134586707,2.2283196357,0.7096631125,0.571374316774,0.233760269933,1.4091193165,3.805693714884
486,990.223917804028019,0.805332611305,2.2288676957,0.7097157685,0.571557253099,0.233775358207,1.4090147696,1.231295433371
487,991.374294147761475,0.805517399625,2.2293791226,0.7097648881,0.571727967033,0.233789432592,1.4089172580,1.150376343733
488,992.728696336732696,0.805734686568,2.2299804938,0.7098226258,0.571928710956,0.233805975612,1.4088026552,1.354402188971
489,994.404590571094445,0.806003140543,2.2307234767,0.7098939290,0.572176736214,0.233826404329,1.4086611523,1.675894234362
490,996.205336164298274,0.806291090117,2.2315204164,0.7099703725,0.572442785627,0.233848304491,1.4085094797,1.800745593204
491,997.511934751939179,0.806499697081,2.2320977646,0.7100257282,0.572635534709,0.233864162373,1.4083996682,1.306598587641
492,998.827547136929638,0.806709467260,2.2326783321,0.7100813719,0.572829365213,0.233880102047,1.4082893026,1.315612384990
493,999.791571557412908,0.806863002530,2.2331032619,0.7101220855,0.572971238109,0.233891764421,1.4082085607,0.964024420483
494,1001.349482637782785,0.807110810449,2.2337891041,0.7101877746,0.573200230313,0.233910580135,1.4080783080,1.557911080370
495,1002.404305488391742,0.807278376232,2.2342528652,0.7102321766,0.573355078309,0.233923297923,1.4079902782,1.054822850609
496,1003.267808179453255,0.807415418303,2.2346321478,0.7102684806,0.573481722407,0.233933695895,1.4079183115,0.863502691062
497,1004.675044121172846,0.807638500939,2.2352495594,0.7103275589,0.573687884859,0.233950616080,1.4078012143,1.407235941720
498,1005.543420304378401,0.807776004771,2.2356301200,0.7103639620,0.573814963151,0.233961041620,1.4077290706,0.868376183206
499,1008.006704307063615,0.808165410544,2.2367078535,0.7104670061,0.574174859631,0.233990550913,1.4075248977,2.463284002685
500,1008.795709900742281,0.808289938505,2.2370525016,0.7104999435,0.574289955640,0.233999982865,1.4074596475,0.789005593679
501,1009.806590746964616,0.808449342561,2.2374936740,0.7105420950,0.574437289574,0.234012052987,1.4073761527,1.010880846222
502,1010.569757011061029,0.808569579258,2.2378264454,0.7105738816,0.574548424441,0.234021154817,1.4073131957,0.763166264096
503,1014.689632622370368,0.809217100732,2.2396185493,0.7107449482,0.575146966356,0.234070134376,1.4069744745,4.119875611309
504,1016.060178942647326,0.809431927052,2.2402131104,0.7108016592,0.575345556772,0.234086370280,1.4068622196,1.370546320277
505,1017.266402364355372,0.809620756967,2.2407357229,0.7108514898,0.575520121225,0.234100635742,1.4067635989,1.206223421708
506,1018.605572518620193,0.809830137108,2.2413152110,0.7109067239,0.575713689652,0.234116447456,1.4066543000,1.339170154265
507,1019.912439743943992,0.810034201439,2.2418799868,0.7109605360,0.575902350020,0.234131851420,1.4065478313,1.306867225324
508,1022.885270911716361,0.810497429988,2.2431620349,0.7110826181,0.576330634512,0.234166795476,1.4063063482,2.972831167772
509,1029.227297443961334,0.811481165579,2.2458846572,0.7113415468,0.577240267492,0.234240898087,1.4057944521,6.342026532245
510,1030.897368790596602,0.811739208379,2.2465988258,0.7114093916,0.577478896406,0.234260311972,1.4056603859,1.670071346635
511,1031.833180297407807,0.811883617970,2.2469984990,0.7114473465,0.577612445652,0.234271172318,1.4055853957,0.935811506811
512,1032.812883035158848,0.812034660367,2.2474165294,0.7114870342,0.577752132206,0.234282528161,1.4055069901,0.979702737751
513,1034.612915529520706,0.812311801284,2.2481835546,0.7115598280,0.578008445629,0.234303355656,1.4053632043,1.800032494362
514,1036.195917358054658,0.812555129023,2.2488569973,0.7116237111,0.578233496396,0.234321632626,1.4052370437,1.583001828534
515,1037.024707646281740,0.812682376530,2.2492091721,0.7116571077,0.578351189522,0.234331187008,1.4051710989,0.828790288227
516,1038.087752240618784,0.812845441251,2.2496604759,0.7116998936,0.578502014043,0.234343427208,1.4050866229,1.063044594337
517,1039.077401436896707,0.812997097534,2.2500802053,0.7117396751,0.578642290028,0.234354807506,1.4050080880,0.989649196278
518,1040.264037937695775,0.813178750322,2.2505829542,0.7117873110,0.578810316073,0.234368434250,1.4049140586,1.186636500799
519,1041.621528014542264,0.813386303792,2.2511573867,0.7118417204,0.579002305845,0.234383997947,1.4048066745,1.357490076846
520,1045.107042352977942,0.813917985162,2.2526288873,0.7119810079,0.579494147458,0.234423837704,1.4045318468,3.485514338436
521,1048.953785194685906,0.814502713952,2.2542472039,0.7121340420,0.580035109901,0.234467604051,1.4042300200,3.846742841708
522,1049.996284256593299,0.814660810988,2.2546847589,0.7121753918,0.580181382223,0.234479428765,1.4041484886,1.042499061907
523,1051.576571843205102,0.814900165648,2.2553472056,0.7122379723,0.580402841615,0.234497324033,1.4040251136,1.580287586612
524,1053.245785158385843,0.815152598928,2.2560458490,0.7123039438,0.580636410976,0.234516187952,1.4038950771,1.669213315181
525,1054.781039478281400,0.815384420795,2.2566874476,0.7123645027,0.580850917467,0.234533503328,1.4037757302,1.535254319896
526,1061.501304465068415,0.816395218801,2.2594849688,0.7126282657,0.581786308925,0.234608909876,1.4032561548,6.720264986787
527,1062.915381507880511,0.816607095676,2.2600713669,0.7126834946,0.581982398640,0.234624697036,1.4031474106,1.414077042812
528,1064.071551071718432,0.816780119888,2.2605502350,0.7127285806,0.582142535540,0.234637584349,1.4030586498,1.156169563838
529,1065.121855106292969,0.816937138121,2.2609848043,0.7127694840,0.582287862436,0.234649275685,1.4029781330,1.050304034575
530,1066.463223469243076,0.817137444865,2.2615391805,0.7128216478,0.582473259905,0.234664184960,1.4028754642,1.341368362950
531,1070.535041996829250,0.817743950580,2.2632177677,0.7129794816,0.583034657960,0.234709292619,1.4025649066,4.071818527586
532,1071.618623215089428,0.817904963606,2.2636633932,0.7130213545,0.583183705022,0.234721258584,1.4024825395,1.083581218260
533,1072.543998011121630,0.818042339363,2.2640435993,0.7130570710,0.583310874463,0.234731464901,1.4024122902,0.925374796032
534,1073.570353165093820,0.818194567513,2.2644649115,0.7130966389,0.583451796067,0.234742771446,1.4023344740,1.026355153972
535,1074.747771044311094,0.818369022025,2.2649477381,0.7131419710,0.583613297371,0.234755724654,1.4022453322,1.177417879217
536,1076.266625594177412,0.818593784118,2.2655697978,0.7132003551,0.583821377494,0.234772406624,1.4021305414,1.518854549866
537,1076.924056065754485,0.818690973200,2.2658387818,0.7132255937,0.583911355435,0.234779617765,1.4020809248,0.657430471577
538,1081.171002343467762,0.819317380608,2.2675724496,0.7133881597,0.584491318390,0.234826062217,1.4017614203,4.246946277713
539,1084.183264310430104,0.819760187310,2.2687979775,0.7135029697,0.584901328115,0.234858859195,1.4015358624,3.012261966962
540,1085.647831208639445,0.819975036380,2.2693926016,0.7135586432,0.585100274446,0.234874761934,1.4014265113,1.464566898209
541,1086.911998989825179,0.820160254363,2.2699052176,0.7136066216,0.585271788327,0.234888466036,1.4013322882,1.264167781186
542,1090.863191026248842,0.820737772590,2.2715035779,0.7137561206,0.585806608588,0.234931164002,1.4010387738,3.951192036424
543,1091.728472966936806,0.820863965599,2.2718528343,0.7137887673,0.585923478160,0.234940487440,1.4009746941,0.865281940688
544,1093.440873272368663,0.821113408078,2.2725432003,0.7138532781,0.586154498046,0.234958910032,1.4008480884,1.712400305432
545,1094.284457523754099,0.821236147993,2.2728828997,0.7138850107,0.586268176312,0.234967971680,1.4007858198,0.843584251385
546,1095.433084758661380,0.821403119043,2.2733450148,0.7139281677,0.586422823728,0.234980295315,1.4007011423,1.148627234907
547,1096.401917794742531,0.821543818116,2.2737344187,0.7139645244,0.586553141363,0.234990676753,1.4006298154,0.968833036081
548,1098.841015466649878,0.821897487047,2.2747132456,0.7140558730,0.586880727619,0.235016759428,1.4004506339,2.439097671907
549,1099.360667178571703,0.821972735047,2.2749215047,0.7140753014,0.586950428506,0.235022306542,1.4004125308,0.519651711922
550,1100.574460622462539,0.822148359541,2.2754075694,0.7141206362,0.587113109547,0.235035249994,1.4003236279,1.213793443891
551,1101.839111168756062,0.822331136663,2.2759134300,0.7141678025,0.587282420815,0.235048715849,1.4002311452,1.264650546294
552,1102.551779899917619,0.822434044687,2.2761982420,0.7141943517,0.587377749358,0.235056295329,1.4001790936,0.712668731162
553,1103.732297174546829,0.822604362898,2.2766696208,0.7142382815,0.587535526496,0.235068836402,1.4000929745,1.180517274629
554,1105.617188830761961,0.822875926902,2.2774212112,0.7143082983,0.587787103054,0.235088823848,1.3999557367,1.884891656215
555,1106.774371675832754,0.823042417672,2.2778819971,0.7143512078,0.587941345168,0.235101072503,1.3998716444,1.157182845071
556,1107.774531955010161,0.823186176487,2.2782798692,0.7143882486,0.588074530930,0.235111645557,1.3997990615,1.000160279177
557,1109.158918856766377,0.823384948396,2.2788299975,0.7144394488,0.588258688645,0.235126259751,1.3996987453,1.384386901756
558,1110.444142993613241,0.823569260448,2.2793401062,0.7144869084,0.588429454721,0.235139805726,1.3996057706,1.285224136847
559,1111.443504764899899,0.823712430042,2.2797363476,0.7145237634,0.588562105479,0.235150324563,1.3995335792,0.999361771287
560,1112.432995408076522,0.823854058714,2.2801283242,0.7145602127,0.588693331435,0.235160727279,1.3994621898,0.989490643177
561,1113.397595114802016,0.823992003463,2.2805101051,0.7145957053,0.588821146835,0.235170856628,1.3993926813,0.964599706725
562,1115.065359461566686,0.824230224151,2.2811694133,0.7146569782,0.589041881319,0.235188342832,1.3992727008,1.667764346765
563,1118.684134861018492,0.824745901041,2.2825966193,0.7147895285,0.589519733766,0.235226167276,1.3990132201,3.618775399452
564,1119.473247426178887,0.824858128333,2.2829072237,0.7148183598,0.589623734353,0.235234393980,1.3989567927,0.789112565160
565,1121.155937675810492,0.825097175939,2.2835688205,0.7148797524,0.589845264860,0.235251911079,1.3988366528,1.682690249632
566,1122.458621356880485,0.825281992506,2.2840803255,0.7149271998,0.590016543935,0.235265448571,1.3987438166,1.302683681070
567,1123.101117387809154,0.825373066834,2.2843323861,0.7149505754,0.590100949032,0.235272117802,1.3986980841,0.642496030929
568,1131.495085561916994,0.826558155053,2.2876122792,0.7152544076,0.591199363525,0.235358791529,1.3981039325,8.393968174108
569,1133.708625669456296,0.826869205190,2.2884731528,0.7153340504,0.591487697729,0.235381507461,1.3979482724,2.213540107539
570,1134.885654591533239,0.827034355909,2.2889302299,0.7153763189,0.591640793144,0.235393562764,1.3978656737,1.177028922077
571,1135.562213975477562,0.827129207479,2.2891927445,0.7154005896,0.591728722714,0.235400484765,1.3978182497,0.676559383944
572,1136.929293480969591,0.827320695533,2.2897227138,0.7154495755,0.591906240425,0.235414455108,1.3977225429,1.367079505492
573,1138.151589779805590,0.827491708808,2.2901960163,0.7154933098,0.592064781557,0.235426927251,1.3976371076,1.222296298836
574,1138.992341820493721,0.827609233087,2.2905212808,0.7155233574,0.592173737110,0.235435495976,1.3975784153,0.840752040688
575,1142.858659607856453,0.828148570822,2.2920139714,0.7156611721,0.592673776859,0.235474793964,1.3973092841,3.866317787363
576,1146.576814924866994,0.828665522119,2.2934447046,0.7157931450,0.593153100221,0.235512421898,1.3970516580,3.718155317011
577,1147.501776523319222,0.828793863161,2.2937999059,0.7158258909,0.593272105448,0.235521757712,1.3969877490,0.924961598452
578,1148.615277208833959,0.828948227375,2.2942271299,0.7158652668,0.593415243967,0.235532983407,1.3969109082,1.113500685515
579,1149.982601028107183,0.829137574431,2.2947511736,0.7159135519,0.593590825927,0.235546748503,1.3968166929,1.367323819273
580,1151.562814723673227,0.829356122245,2.2953560345,0.7159692637,0.593793492151,0.235562630094,1.3967080024,1.580213695566
581,1152.943128530589775,0.829546778114,2.2958837006,0.7160178480,0.593970298842,0.235576479273,1.3966132309,1.380313806917
582,1153.890303716271319,0.829677474695,2.2962454212,0.7160511437,0.594091504648,0.235585970048,1.3965482896,0.947175185682
583,1154.697519535382298,0.829788774245,2.2965534578,0.7160794919,0.594194723885,0.235594050360,1.3964930029,0.807215819111
584,1158.001609027294990,0.830243535114,2.2978120705,0.7161952636,0.594616487508,0.235627047606,1.3962672623,3.304089491913
585,1159.480657019022374,0.830446684743,2.2983743147,0.7162469513,0.594804906160,0.235641778583,1.3961665012,1.479047991727
586,1161.396644634378163,0.830709463795,2.2991015916,0.7163137835,0.595048638998,0.235660824797,1.3960362386,1.915987615356
587,1162.487528602005341,0.830858885691,2.2995151370,0.7163517721,0.595187235159,0.235671650531,1.3959622059,1.090883967627
588,1163.701031682778648,0.831024938464,2.2999747107,0.7163939774,0.595341260983,0.235683677481,1.3958799649,1.213503080773
589,1166.943613409528780,0.831467797262,2.3012003827,0.7165064783,0.595752063249,0.235715734014,1.3956607934,3.242581726750
590,1168.086271610138738,0.831623563762,2.3016314877,0.7165460276,0.595896561105,0.235727002657,1.3955837607,1.142658200610
591,1169.698356884885015,0.831843063349,2.3022389827,0.7166017407,0.596100187209,0.235742876140,1.3954752594,1.612085274746
592,1170.463638578283735,0.831947157313,2.3025270770,0.7166281543,0.596196755817,0.235750401495,1.3954238248,0.765281693399
593,1172.120681865695587,0.832172316059,2.3031502345,0.7166852714,0.596405642194,0.235766673864,1.3953126147,1.657043287412
594,1173.305687764048344,0.832333139323,2.3035953347,0.7167260546,0.596554847031,0.235778292292,1.3952332186,1.185005898353
595,1174.232766856456237,0.832458844806,2.3039432418,0.7167579243,0.596671473654,0.235787371152,1.3951711814,0.927079092408
596,1175.215452395950706,0.832591981829,2.3043117166,0.7167916705,0.596794997512,0.235796984317,1.3951054974,0.982685539494
597,1176.632875809788402,0.832783822406,2.3048426616,0.7168402826,0.596972990620,0.235810831785,1.3950108891,1.417423413838
598,1181.267318151680001,0.833409459876,2.3065741985,0.7169987059,0.597553504190,0.235855955686,1.3947026568,4.634442341892
599,1182.582270346920495,0.833586527964,2.3070642585,0.7170435117,0.597717811286,0.235868716678,1.3946155062,1.314952195240
600,1183.712775295974325,0.833738601532,2.3074851428,0.7170819818,0.597858928687,0.235879672845,1.3945406877,1.130504949054
601,1185.155842847465692,0.833932509595,2.3080218098,0.7171310201,0.598038871318,0.235893638277,1.3944453272,1.443067551491
602,1185.875358695356681,0.834029104281,2.3082891488,0.7171554423,0.598128511137,0.235900593144,1.3943978405,0.719515847891
603,1187.345161493267369,0.834226242649,2.3088347561,0.7172052723,0.598311459500,0.235914783149,1.3943009605,1.469802797911
604,1188.856444298229235,0.834428690253,2.3093950574,0.7172564266,0.598499340610,0.235929349643,1.3942015198,1.511282804962
605,1189.963636497918515,0.834576843639,2.3098050921,0.7172938505,0.598636837713,0.235940005926,1.3941287790,1.107192199689
606,1191.482605926413498,0.834779872808,2.3103670029,0.7173451206,0.598825268521,0.235954604287,1.3940291379,1.518969428495
607,1192.218611478101593,0.834878156036,2.3106390152,0.7173699332,0.598916486985,0.235961669052,1.3939809208,0.736005551688
608,1196.034671748671144,0.835386766556,2.3120466640,0.7174982694,0.599388559306,0.235998207250,1.3937315846,3.816060270570
609,1197.071786658822020,0.835524714431,2.3124284536,0.7175330580,0.599516603341,0.236008111089,1.3936640116,1.037114910151
610,1198.686569104630507,0.835739260816,2.3130222399,0.7175871471,0.599715751850,0.236023508966,1.3935589623,1.614782445808
611,1199.356513707894010,0.835828187490,2.3132683566,0.7176095604,0.599798298189,0.236029889301,1.3935154368,0.669944603264
612,1200.532692031219995,0.835984190199,2.3137001153,0.7176488714,0.599943110640,0.236041079559,1.3934391034,1.176178323326
613,1201.810334856606005,0.836153477589,2.3141686413,0.7176915181,0.600100258687,0.236053218903,1.3933563025,1.277642825386
614,1203.137350861425375,0.836329116485,2.3146547458,0.7177357516,0.600263307006,0.236065809479,1.3932704310,1.327016004819
615,1203.855247594096909,0.836424053891,2.3149174980,0.7177596554,0.600351440667,0.236072613224,1.3932240305,0.717896732672
616,1204.985492171466376,0.836573407081,2.3153308533,0.7177972523,0.600490092915,0.236083314167,1.3931510560,1.130244577369
617,1206.870499793853014,0.836822185071,2.3160193803,0.7178598559,0.600721053213,0.236101131857,1.3930295610,1.885007622387
618,1208.471459949530981,0.837033170317,2.3166033107,0.7179129282,0.600916934269,0.236116236049,1.3929265803,1.600960155678
619,1213.598372680368129,0.837706953304,2.3184680969,0.7180822852,0.601542523351,0.236164429953,1.3925980638,5.126912730837
620,1217.174482497738836,0.838175245488,2.3197641593,0.7181998755,0.601977356980,0.236197888509,1.3923700547,3.576109817371
621,1220.816347690978091,0.838650736431,2.3210801453,0.7183191762,0.602418906145,0.236231830286,1.3921388055,3.641865193239
622,1221.692242483143673,0.838764883822,2.3213960637,0.7183478013,0.602524910062,0.236239973760,1.3920833310,0.875894792166
623,1222.952484095108275,0.838928976132,2.3218502115,0.7183889412,0.602677298900,0.236251677232,1.3920036107,1.260241611965
624,1225.018330024168563,0.839197598345,2.3225936601,0.7184562629,0.602926770352,0.236270827993,1.3918731753,2.065845929060
625,1225.855020760795696,0.839306264484,2.3228944084,0.7184834878,0.603027692241,0.236278572243,1.3918204343,0.836690736627
626,1227.231827641491009,0.839484917469,2.3233888549,0.7185282359,0.603193616809,0.236291300660,1.3917337553,1.376806880695
627,1230.584603154249180,0.839919133076,2.3245906057,0.7186369385,0.603596914417,0.236322218659,1.3915232385,3.352775512758
628,1231.562273877645339,0.840045527758,2.3249404202,0.7186685652,0.603714314152,0.236331213606,1.3914620013,0.977670723396
629,1232.529587040597789,0.840170484690,2.3252862556,0.7186998254,0.603830380621,0.236340104069,1.3914014790,0.967313162952
630,1234.277816653431728,0.840396071358,2.3259105974,0.7187562427,0.604039922654,0.236356148704,1.3912922637,1.748229612834
631,1235.502548526520968,0.840553917092,2.3263474570,0.7187957056,0.604186545934,0.236367371158,1.3912158798,1.224731873089
632,1236.399017465779025,0.840669356535,2.3266669513,0.7188245597,0.604293780082,0.236375576453,1.3911600355,0.896468939258
633,1237.977298513581218,0.840872390538,2.3272288756,0.7188752942,0.604482387129,0.236390003408,1.3910618546,1.578281047802
634,1239.490807146795760,0.841066849074,2.3277670661,0.7189238692,0.604663033376,0.236403815698,1.3909678658,1.513508633215
635,1240.813471785216279,0.841236593276,2.3282368563,0.7189662573,0.604820724989,0.236415868287,1.3908858584,1.322664638421
636,1244.851433966983905,0.841753688082,2.3296679866,0.7190953087,0.605301128194,0.236452559888,1.3906362451,4.037962181768
637,1245.655866188147911,0.841856501970,2.3299525380,0.7191209543,0.605396651075,0.236459850895,1.3905866517,0.804432221164
638,1249.159887953002908,0.842303575266,2.3311898743,0.7192324181,0.605812037215,0.236491538051,1.3903711441,3.504021764855
639,1250.672397275678122,0.842496166878,2.3317228978,0.7192804084,0.605990986985,0.236505179892,1.3902783787,1.512509322675
640,1251.659832004271266,0.842621773801,2.3320705321,0.7193116988,0.606107699534,0.236514074267,1.3902179010,0.987434728593
641,1255.408230645290814,0.843097689574,2.3333876938,0.7194301945,0.606549934755,0.236547754819,1.3899889214,3.748398641020
642,1256.181214198460793,0.843195654755,2.3336588258,0.7194545742,0.606640970790,0.236554683965,1.3899418196,0.772983553170
643,1257.541219412644068,0.843367870725,2.3341354569,0.7194974222,0.606801008987,0.236566861738,1.3898590448,1.360005214183
644,1258.779233488595082,0.843524477230,2.3345688868,0.7195363755,0.606946545020,0.236577932210,1.3897838025,1.238014075951
645,1260.344548316185410,0.843722266339,2.3351162951,0.7195855573,0.607130357261,0.236591909078,1.3896888144,1.565314827590
646,1261.611717161479874,0.843882202659,2.3355589406,0.7196253145,0.607278995509,0.236603207150,1.3896120381,1.267168845294
647,1262.556614000356149,0.844001358745,2.3358887213,0.7196549274,0.607389736552,0.236611622193,1.3895548574,0.944896838876
648,1263.676732843861828,0.844142495717,2.3362793371,0.7196899952,0.607520908655,0.236621587062,1.3894871496,1.120118843506
649,1264.957223006999811,0.844303686589,2.3367254548,0.7197300352,0.607670722093,0.236632964496,1.3894098496,1.280490163138
650,1266.179037760562096,0.844457339220,2.3371507094,0.7197681925,0.607813532666,0.236643806554,1.3893361925,1.221814753562
651,1270.118921886492672,0.844951802054,2.3385192026,0.7198909163,0.608273126989,0.236678675064,1.3890993446,3.939884125931
652,1271.134299631610020,0.845078985283,2.3388711995,0.7199224658,0.608391346902,0.236687638381,1.3890384694,1.015377745117
653,1272.083959599332957,0.845197844988,2.3392001600,0.7199519444,0.608501831886,0.236696013102,1.3889815950,0.949659967723
654,1273.261144633455842,0.845345058684,2.3396075939,0.7199884467,0.608638675737,0.236706382947,1.3889111757,1.177185034123
655,1274.196220889480401,0.845461898335,2.3399309636,0.7200174111,0.608747287212,0.236714611123,1.3888553035,0.935076256025
656,1275.092030315840475,0.845573751127,2.3402405314,0.7200451338,0.608851264757,0.236722486371,1.3888018307,0.895809426360
657,1281.828726959699907,0.846412401327,2.3425616101,0.7202528237,0.609630922053,0.236781479273,1.3884013601,6.736696643859
658,1287.410026617075346,0.847103884612,2.3444753842,0.7204238434,0.610273836325,0.236830048287,1.3880717707,5.581299657375
659,1290.417708073042604,0.847475272957,2.3455032521,0.7205156126,0.610619165499,0.236856107457,1.3878949775,3.007681455967
660,1291.945870968083227,0.847663638924,2.3460245805,0.7205621351,0.610794321543,0.236869317382,1.3878053692,1.528162895041
661,1293.493981557417555,0.847854236653,2.3465520857,0.7206091935,0.610971557719,0.236882678935,1.3877147405,1.548110589334
662,1294.118474377848315,0.847931057370,2.3467646975,0.7206281562,0.611042994428,0.236888062941,1.3876782241,0.624492820431
663,1295.365363505358346,0.848084330065,2.3471889006,0.7206659829,0.611185527335,0.236898802730,1.3876053868,1.246889127510
664,1296.801110992347276,0.848260635356,2.3476768495,0.7207094817,0.611349482872,0.236911152484,1.3875216372,1.435747486989
665,1298.256527067889465,0.848439156776,2.3481709318,0.7207535139,0.611515503578,0.236923653198,1.3874368709,1.455416075542
666,1299.405171250743933,0.848579908292,2.3485604808,0.7207882207,0.611646402198,0.236933506095,1.3873700642,1.148644182854
667,1300.490018982447737,0.848712728177,2.3489280779,0.7208209640,0.611769926866,0.236942801311,1.3873070429,1.084847731704
668,1301.495516680575065,0.848835734192,2.3492685139,0.7208512813,0.611884326597,0.236951407596,1.3872486960,1.005497698127
669,1302.346742379246962,0.848939793324,2.3495565117,0.7208769238,0.611981106681,0.236958686643,1.3871993499,0.851225698672
670,1303.273200228794167,0.849052972035,2.3498697492,0.7209048083,0.612086370076,0.236966601959,1.3871456931,0.926457849547
671,1305.401672188004341,0.849312687734,2.3505885477,0.7209687758,0.612327928707,0.236984759027,1.3870226196,2.128471959210
672,1306.508393312968792,0.849447562322,2.3509618315,0.7210019839,0.612453377617,0.236994184705,1.3869587357,1.106721124964
673,1307.267242107802531,0.849539976177,2.3512175995,0.7210247331,0.612539334564,0.237000641612,1.3869149755,0.758848794834
674,1311.056570511111886,0.850000645529,2.3524925646,0.7211380810,0.612967834326,0.237032811203,1.3866969814,3.789328403309
675,1311.966940608049299,0.850111121021,2.3527983206,0.7211652502,0.613070599303,0.237040521718,1.3866447388,0.910370096937
676,1313.031599369019659,0.850240222589,2.3531556268,0.7211969937,0.613190692446,0.237049530143,1.3865837056,1.064658760970
677,1314.052565651726127,0.850363927677,2.3534979975,0.7212274037,0.613305767764,0.237058159913,1.3865252414,1.020966282706
678,1316.212112602853949,0.850625272212,2.3542213041,0.7212916280,0.613548887439,0.237076384772,1.3864017842,2.159546951128
679,1317.072986034829910,0.850729334068,2.3545093094,0.7213171928,0.613645695093,0.237083638975,1.3863526476,0.860873431976
680,1318.171279132164955,0.850861996370,2.3548764704,0.7213497772,0.613769111548,0.237092884822,1.3862900240,1.098293097335
681,1318.947880596566392,0.850955734997,2.3551359048,0.7213727968,0.613856318521,0.237099416477,1.3862457864,0.776601464401
682,1319.931082877536483,0.851074331957,2.3554641381,0.7214019156,0.613966653398,0.237107678558,1.3861898317,0.983202280970
683,1324.224978718844341,0.851591241952,2.3568947569,0.7215287623,0.614447574750,0.237143667202,1.3859461359,4.293895841308
684,1325.237624358982430,0.851712902523,2.3572314691,0.7215586008,0.614560770189,0.237152132334,1.3858888231,1.012645640138
685,1325.981969630446201,0.851802269872,2.3574788054,0.7215805151,0.614643920627,0.237158349245,1.3858467338,0.744345271464
686,1327.635281108457548,0.852000589903,2.3580276831,0.7216291344,0.614828448180,0.237172141723,1.3857533633,1.653311478011
687,1330.429937120459272,0.852335256998,2.3589539199,0.7217111426,0.615139852245,0.237195404753,1.3855958997,2.794656012002
688,1331.827591385285132,0.852502366005,2.3594164168,0.7217520742,0.615295350944,0.237207015061,1.3855173206,1.397654264826
689,1333.673522610284863,0.852722804199,2.3600265096,0.7218060504,0.615500479356,0.237222324843,1.3854137126,1.845931225000
690,1334.747329051689803,0.852850896147,2.3603810215,0.7218374054,0.615619678092,0.237231218055,1.3853535332,1.073806441405
691,1335.694974526002170,0.852963853066,2.3606936451,0.7218650500,0.615724794415,0.237239058651,1.3853004797,0.947645474312
692,1336.690184653385813,0.853082393328,2.3610217214,0.7218940552,0.615835108358,0.237247284970,1.3852448192,0.995210127384
693,1337.688791809669965,0.853201249536,2.3613506722,0.7219231319,0.615945718202,0.237255531335,1.3851890261,0.998607156284
694,1338.923164598670382,0.853348044476,2.3617569472,0.7219590353,0.616082330956,0.237265713520,1.3851201400,1.234372789000
695,1340.426400457300133,0.853526630686,2.3622512088,0.7220027021,0.616248533702,0.237278096984,1.3850363676,1.503235858630
696,1341.166272252926319,0.853614454805,2.3624942741,0.7220241715,0.616330269508,0.237284185297,1.3849951836,0.739871795626
697,1342.608507883776838,0.853785511597,2.3629676970,0.7220659786,0.616489470918,0.237296040679,1.3849149935,1.442235630851
698,1344.156044003595753,0.853968853341,2.3634751203,0.7221107746,0.616660110172,0.237308743169,1.3848290805,1.547536119819
699,1349.085194014047602,0.854551422370,2.3650874594,0.7222530213,0.617202346645,0.237349075725,1.3845563404,4.929150010452
700,1351.296206374096755,0.854812047498,2.3658087750,0.7223166128,0.617444942704,0.237367104794,1.3844344465,2.211012360049
701,1352.210465159175556,0.854919691997,2.3661066958,0.7223428694,0.617545143390,0.237374548607,1.3843841234,0.914258785079
702,1353.483338358264518,0.855069438488,2.3665211396,0.7223793874,0.617684537194,0.237384901294,1.3843141393,1.272873199089
703,1355.680595320636485,0.855327602551,2.3672356438,0.7224423230,0.617924860126,0.237402742424,1.3841935448,2.197256962372
704,1356.605655709807934,0.855436166268,2.3675361087,0.7224687806,0.618025923890,0.237410242378,1.3841428542,0.925060389171
705,1357.771742828579363,0.855572911100,2.3679145686,0.7225020990,0.618153224142,0.237419686958,1.3840790239,1.166087118771
706,1358.460160399159122,0.855653585406,2.3681378457,0.7225217520,0.618228327662,0.237425257744,1.3840413762,0.688417570580
707,1360.393144762191241,0.855879889685,2.3687641737,0.7225768674,0.618439009596,0.237440880089,1.3839358068,1.932984363032
708,1361.393074713639635,0.855996830391,2.3690878230,0.7226053395,0.618547880251,0.237448950140,1.3838812770,0.999929951448
709,1363.022328603280812,0.856187185974,2.3696146580,0.7226516741,0.618725103306,0.237462082668,1.3837925460,1.629253889641
710,1365.493733551295236,0.856475501243,2.3704126098,0.7227218246,0.618993536982,0.237481964261,1.3836582292,2.471404948014
711,1367.104090970008201,0.856663085651,2.3709317752,0.7227674476,0.619168191874,0.237494893778,1.3835708890,1.610357418713
712,1368.330193307985837,0.856805761542,2.3713266501,0.7228021385,0.619301036740,0.237504724802,1.3835044844,1.226102337978
713,1369.686949077342888,0.856963492041,2.3717631908,0.7228404801,0.619447902009,0.237515590032,1.3834310993,1.356755769357
714,1370.973522767783606,0.857112919217,2.3721767508,0.7228767938,0.619587038955,0.237525880262,1.3833616027,1.286573690441
715,1371.686553552827490,0.857195672729,2.3724057825,0.7228969005,0.619664094953,0.237531577775,1.3833231257,0.713030785044
716,1373.202914562373280,0.857371516876,2.3728924551,0.7229396162,0.619827835368,0.237543681509,1.3832413905,1.516361009546
717,1374.154798658640630,0.857481802526,2.3731976856,0.7229664001,0.619930531896,0.237551270630,1.3831901454,0.951884096267
718,1375.302392344748796,0.857614661637,2.3735653913,0.7229986594,0.620054250659,0.237560410978,1.3831284290,1.147593686108
719,1376.161779993619348,0.857714082009,2.3738405508,0.7230227948,0.620146832699,0.237567249311,1.3830822586,0.859387648871
720,1377.177633642104638,0.857831523496,2.3741655861,0.7230512997,0.620256198000,0.237575325496,1.3830277332,1.015853648485
721,1379.683283028613005,0.858120828330,2.3749662766,0.7231214944,0.620525615739,0.237595212592,1.3828934802,2.505649386508
722,1381.073977149205575,0.858281172643,2.3754100513,0.7231603842,0.620674942568,0.237606230075,1.3828191115,1.390694120593
723,1382.345662978473683,0.858427654268,2.3758154592,0.7231959025,0.620811362189,0.237616292079,1.3827511971,1.271685829268
724,1383.297591007946494,0.858537215801,2.3761186856,0.7232224628,0.620913399647,0.237623816154,1.3827004157,0.951928029473
725,1384.444415847760183,0.858669108768,2.3764837174,0.7232544302,0.621036237033,0.237632871735,1.3826393012,1.146824839814
726,1385.663777011192678,0.858809224139,2.3768715058,0.7232883827,0.621166734787,0.237642489353,1.3825743976,1.219361163432
727,1387.326647663489439,0.859000104074,2.3773997920,0.7233346233,0.621344516735,0.237655587339,1.3824860137,1.662870652297
728,1387.921454127112838,0.859068326004,2.3775886055,0.7233511465,0.621408058505,0.237660267498,1.3824544343,0.594806463623
729,1389.565831798393901,0.859256777535,2.3781101707,0.7233967788,0.621583585060,0.237673192475,1.3823672281,1.644377671281
730,1390.705490286427676,0.859387255658,2.3784712867,0.7234283648,0.621705117049,0.237682138608,1.3823068720,1.139658488034
731,1391.853200443269770,0.859518547591,2.3788346550,0.7234601406,0.621827409303,0.237691138288,1.3822461582,1.147710156842
732,1394.884184675680444,0.859864756255,2.3797928347,0.7235438977,0.622149897199,0.237714859056,1.3820861502,3.030984232411
733,1396.544163123682438,0.860054045589,2.3803167187,0.7235896710,0.622326223855,0.237727821734,1.3819987213,1.659978448002
734,1397.834623321387198,0.860201042936,2.3807235539,0.7236252072,0.622463157945,0.237737884990,1.3819308532,1.290460197705
735,1398.837675201385764,0.860315207668,2.3810395203,0.7236528002,0.622569509051,0.237745698617,1.3818781600,1.003051879999
736,1402.564347250066021,0.860738651803,2.3822114596,0.7237550975,0.622963986833,0.237774664970,1.3816828420,3.726672048680
737,1404.006292170522784,0.860902191376,2.3826640777,0.7237945864,0.623116345497,0.237785845878,1.3816074600,1.441944920457
738,1405.666975059246852,0.861090331345,2.3831847807,0.7238400018,0.623291626992,0.237798704354,1.3815207746,1.660682888724
739,1407.085142776436442,0.861250820725,2.3836289569,0.7238787312,0.623441151333,0.237809669392,1.3814468597,1.418167717190
740,1408.136307496189602,0.861369673236,2.3839578974,0.7239074059,0.623551885706,0.237817787529,1.3813921391,1.051164719753
741,1409.320681079839005,0.861503481079,2.3843282288,0.7239396820,0.623676556102,0.237826924977,1.3813305513,1.184373583649
742,1410.024810725802126,0.861582978761,2.3845482495,0.7239588543,0.623750626165,0.237832352596,1.3812939701,0.704129645963
743,1411.257056815706619,0.861722006393,2.3849330274,0.7239923771,0.623880163814,0.237841842579,1.3812300124,1.232246089904
744,1411.965653461772945,0.861801898540,2.3851541398,0.7240116374,0.623954603686,0.237847294854,1.3811932686,0.708596646066
745,1413.843148788568897,0.862013386809,2.3857394624,0.7240626102,0.624151662858,0.237861723950,1.3810960350,1.877495326796
746,1417.102822933822608,0.862379902798,2.3867538453,0.7241509044,0.624493186543,0.237886716255,1.3809276408,3.259674145254
747,1418.696963852452200,0.862558840278,2.3872490792,0.7241939908,0.624659928828,0.237898911450,1.3808454816,1.594140918630
748,1419.422480945995630,0.862640210803,2.3874742832,0.7242135797,0.624735755053,0.237904455751,1.3808081318,0.725517093543
749,1420.416526323751214,0.862751630670,2.3877826528,0.7242403982,0.624839584559,0.237912046111,1.3807570007,0.994045377756
750,1421.850567187048682,0.862912231137,2.3882271365,0.7242790455,0.624989247126,0.237922984011,1.3806833239,1.434040863297
751,1422.461310987507431,0.862980580109,2.3884163016,0.7242954900,0.625052942120,0.237927637988,1.3806519767,0.610743800459
752,1424.463045669579060,0.863204390778,2.3890357281,0.7243493246,0.625261517449,0.237942873328,1.3805493648,2.001734682072
753,1425.873469244996613,0.863361899129,2.3894716539,0.7243871989,0.625408307718,0.237953591411,1.3804771834,1.410423575418
754,1428.592305875978809,0.863665084701,2.3903107613,0.7244600741,0.625690871263,0.237974213438,1.3803383178,2.718836630982
755,1429.650477276191623,0.863782928586,2.3906369103,0.7244883896,0.625800702877,0.237982225708,1.3802843695,1.058171400213
756,1431.218313672751719,0.863957371355,2.3911197044,0.7245302943,0.625963288489,0.237994082866,1.3802045379,1.567836396560
757,1432.049740893313583,0.864049801231,2.3913755167,0.7245524928,0.626049437354,0.238000363877,1.3801622519,0.831427220562
758,1435.692907383419197,0.864454180800,2.3924946922,0.7246495702,0.626426350576,0.238027830223,1.3799773589,3.643166490106
759,1437.226721623801268,0.864624122304,2.3929650285,0.7246903474,0.626584755594,0.238039366710,1.3798997096,1.533814240382
760,1438.006284841722390,0.864710425809,2.3932038852,0.7247110514,0.626665201810,0.238045223998,1.3798602879,0.779563217921
761,1441.960987504861805,0.865147521660,2.3944136075,0.7248158629,0.627072647407,0.238074874253,1.3796607542,3.954702663139
762,1442.911059580896790,0.865252350345,2.3947037352,0.7248409883,0.627170368741,0.238081981605,1.3796129305,0.950072076035
763,1444.041930706366657,0.865377038028,2.3950488253,0.7248708677,0.627286604484,0.238090433544,1.3795560623,1.130871125470
764,1445.072278459201016,0.865490557213,2.3953630051,0.7248980654,0.627392430529,0.238098126684,1.3795043024,1.030347752834
765,1445.830084779709978,0.865573997336,2.3955939370,0.7249180532,0.627470217016,0.238103780320,1.3794662661,0.757806320509
766,1447.226227099975858,0.865727608565,2.3960190770,0.7249548428,0.627613422386,0.238114186180,1.3793962616,1.396142320266
767,1448.323853515725432,0.865848271426,2.3963530279,0.7249837347,0.627725913493,0.238122357933,1.3793412902,1.097626415750
768,1449.488771280731271,0.865976231688,2.3967071754,0.7250143674,0.627845209842,0.238131021845,1.3792830113,1.164917765006
769,1450.773561858297398,0.866117240163,2.3970974355,0.7250481162,0.627976673381,0.238140566781,1.3792188100,1.284790577566
770,1451.835297999393333,0.866233673738,2.3974196813,0.7250759772,0.628085227438,0.238148446300,1.3791658136,1.061736141096
771,1455.312091239819665,0.866614355568,2.3984732701,0.7251670310,0.628440159206,0.238174196362,1.3789926421,3.476793240426
772,1456.167797608387218,0.866707909298,2.3987321928,0.7251893987,0.628527387632,0.238180521666,1.3789501084,0.855706368568
773,1457.539001668411174,0.866857707432,2.3991467796,0.7252252067,0.628667060040,0.238190647392,1.3788820228,1.371204060024
774,1458.393777368687324,0.866951016703,2.3994050257,0.7252475069,0.628754063453,0.238196953250,1.3788396244,0.854775700276
775,1460.688270535419178,0.867201218649,2.4000974936,0.7253072859,0.628987362224,0.238213856425,1.3787259820,2.294493166732
776,1463.286891190427468,0.867484109856,2.4008804336,0.7253748448,0.629251151512,0.238232958344,1.3785975723,2.598620655008
777,1464.696903297876361,0.867637396507,2.4013046753,0.7254114385,0.629394091939,0.238243304568,1.3785280282,1.410012107449
778,1465.889557614085334,0.867766938387,2.4016632001,0.7254423564,0.629514892620,0.238252045767,1.3784692762,1.192654316209
779,1466.505621107887691,0.867833811742,2.4018482812,0.7254583145,0.629577254351,0.238256557391,1.3784389537,0.616063493802
780,1467.703989586070975,0.867963813550,2.4022080789,0.7254893319,0.629698487202,0.238265326348,1.3783800203,1.198368478183
781,1469.347649878269749,0.868141949123,2.4027010934,0.7255318226,0.629864610587,0.238277338535,1.3782992956,1.643660292199
782,1470.966589127164980,0.868317210805,2.4031861539,0.7255736153,0.630028057843,0.238289152962,1.3782199062,1.618939248895
783,1474.203221565698868,0.868667021710,2.4041543033,0.7256569939,0.630354299678,0.238312722032,1.3780615475,3.236632438534
784,1476.092127038240960,0.868870817364,2.4047183355,0.7257055467,0.630544371489,0.238326445875,1.3779693494,1.888905472542
785,1477.435191147500063,0.869015563143,2.4051189392,0.7257400211,0.630679373139,0.238336190004,1.3779038925,1.343064109259
786,1478.441395973412909,0.869123918464,2.4054188273,0.7257658229,0.630780435849,0.238343482615,1.3778549065,1.006204825913
787,1479.759918706489998,0.869265794828,2.4058114894,0.7257995996,0.630912765812,0.238353029016,1.3777907849,1.318522733077
788,1480.766879017982319,0.869374061180,2.4061111313,0.7258253693,0.631013749001,0.238360312179,1.3777418678,1.006960311492
789,1481.964684209802272,0.869502750954,2.4064672978,0.7258559941,0.631133783658,0.238368967296,1.3776837391,1.197805191820
790,1483.032959958071388,0.869617436625,2.4067847060,0.7258832807,0.631240757850,0.238376678776,1.3776319507,1.068275748269
791,1484.143580881755497,0.869736580745,2.4071144536,0.7259116225,0.631351892479,0.238384688266,1.3775781638,1.110620923684
792,1484.817883231203723,0.869808874411,2.4073145361,0.7259288168,0.631419327070,0.238389547341,1.3775455345,0.674302349448
793,1486.171349027557198,0.869953883881,2.4077158696,0.7259632996,0.631554592026,0.238399291855,1.3774801021,1.353465796353
794,1488.116337976228351,0.870162037686,2.4082919636,0.7260127831,0.631748762755,0.238413274930,1.3773862158,1.944988948671
795,1489.252466946430104,0.870283501006,2.4086281299,0.7260416501,0.631862069127,0.238421431879,1.3773314518,1.136128970202
796,1492.180090544016366,0.870596066129,2.4094931965,0.7261159072,0.632153652373,0.238442413756,1.3771905974,2.927623597586
797,1493.330835421270194,0.870718756515,2.4098327588,0.7261450445,0.632268110195,0.238450646320,1.3771353362,1.150744877254
798,1494.155368613688779,0.870806608661,2.4100759016,0.7261659045,0.632350068610,0.238456540051,1.3770957764,0.824533192419
799,1495.768832978941646,0.870978379473,2.4105513007,0.7262066816,0.632510318682,0.238468060791,1.3770184513,1.613464365253
800,1497.065505571709991,0.871116290124,2.4109329872,0.7262394120,0.632638982322,0.238477307801,1.3769563913,1.296672592768
801,1497.747360933121172,0.871188762534,2.4111335645,0.7262566089,0.632706596373,0.238482166161,1.3769237867,0.681855361411
802,1501.119324922131682,0.871546674385,2.4121241343,0.7263415066,0.633040524540,0.238506149845,1.3767628463,3.371963989011
803,1502.346063292399094,0.871676685196,2.4124839569,0.7263723329,0.633161827350,0.238514857846,1.3767044183,1.226738370267
804,1503.090933126680511,0.871755575367,2.4127022962,0.7263910349,0.633235434577,0.238520140790,1.3766689730,0.744869834281
805,1505.261529654671904,0.871985243420,2.4133379338,0.7264454668,0.633449727220,0.238535516200,1.3765658204,2.170596527991
806,1506.152986138113192,0.872079471371,2.4135987225,0.7264677930,0.633537648900,0.238541822471,1.3765235150,0.891456483441
807,1507.407505163830365,0.872211981016,2.4139654610,0.7264991836,0.633661292149,0.238550688867,1.3764640382,1.254519025717
808,1508.253031029542171,0.872301228213,2.4142124648,0.7265203217,0.633744568952,0.238556659261,1.3764239900,0.845525865712
809,1509.280419363223245,0.872409604104,2.4145124098,0.7265459862,0.633845696148,0.238563907956,1.3763753693,1.027388333681
810,1510.391797446473447,0.872526756769,2.4148366458,0.7265737238,0.633955014758,0.238571742011,1.3763228249,1.111378083250
811,1511.923005459002070,0.872688023454,2.4152829733,0.7266118971,0.634105500306,0.238582523148,1.3762505183,1.531208012529
812,1512.589764705458037,0.872758195439,2.4154771838,0.7266285042,0.634170982121,0.238587213317,1.3762190640,0.666759246456
813,1513.589765539918744,0.872863380924,2.4157682990,0.7266533941,0.634269138365,0.238594242559,1.3761719247,1.000000834461
814,1515.708343586873980,0.873085995016,2.4163844138,0.7267060565,0.634476880416,0.238609114600,1.3760721974,2.118578046955
815,1516.435989718758492,0.873162382198,2.4165958257,0.7267241224,0.634548165891,0.238614216307,1.3760379891,0.727646131885
816,1517.719806254130162,0.873297065961,2.4169685814,0.7267559700,0.634673856263,0.238623209698,1.3759776889,1.283816535372
817,1518.414791487253751,0.873369928565,2.4171702386,0.7267731962,0.634741854485,0.238628074080,1.3759450750,0.694985233124
818,1519.741009493906859,0.873508877440,2.4175547985,0.7268060408,0.634871528850,0.238637348590,1.3758828956,1.326218006653
819,1520.273622220356174,0.873564645559,2.4177091444,0.7268192211,0.634923575265,0.238641070295,1.3758579451,0.532612726449
820,1521.901909065460814,0.873735017007,2.4181806706,0.7268594791,0.635082579347,0.238652437660,1.3757817415,1.628286845105
821,1523.486047149258866,0.873900594223,2.4186389281,0.7268985933,0.635237112584,0.238663481638,1.3757077112,1.584138083798
822,1524.724892160622176,0.874029960807,2.4189969677,0.7269291458,0.635357852841,0.238672107966,1.3756498907,1.238845011363
823,1525.227837233791888,0.874082450929,2.4191422413,0.7269415406,0.635406843457,0.238675607471,1.3756264351,0.502945073170
824,1526.552311910387516,0.874220597646,2.4195245811,0.7269741566,0.635535781622,0.238684816024,1.3755647171,1.324474676596
825,1528.040930429297532,0.874375722074,2.4199539091,0.7270107719,0.635680568667,0.238695153406,1.3754954378,1.488618518910
826,1531.020742970222273,0.874685785810,2.4208120527,0.7270839305,0.635969979061,0.238715806748,1.3753570367,2.979812540925
827,1532.222326939392133,0.874810645662,2.4211576194,0.7271133800,0.636086525419,0.238724120243,1.3753013320,1.201583969170
828,1533.886977913201690,0.874983462369,2.4216359131,0.7271541305,0.636247838777,0.238735623592,1.3752242586,1.664650973810
829,1535.042277471206717,0.875103290249,2.4219675531,0.7271823792,0.636359692655,0.238743597594,1.3751708355,1.155299558005
830,1537.651062167944929,0.875373542457,2.4227155129,0.7272460687,0.636611967433,0.238761575025,1.3750504031,2.608784696738
831,1546.091197786313387,0.876244751881,2.4251267037,0.7274511879,0.637425285644,0.238819466237,1.3746626807,8.440135618368
832,1547.297581121406893,0.876368888803,2.4254702695,0.7274803906,0.637541181512,0.238827707291,1.3746074986,1.206383335094
833,1552.736105329803877,0.876927314282,2.4270157881,0.7276116827,0.638062558788,0.238864755495,1.3743594608,5.438524208397
834,1554.156519109657665,0.877072839678,2.4274185494,0.7276458773,0.638198435854,0.238874403824,1.3742948751,1.420413779854
835,1554.921285164991787,0.877151137044,2.4276352481,0.7276642716,0.638271543203,0.238879593841,1.3742601349,0.764766055334
836,1556.162987497552649,0.877278181545,2.4279868610,0.7276941129,0.638390168068,0.238888013477,1.3742037792,1.241702332561
837,1557.394507017690557,0.877404084105,2.4283353135,0.7277236797,0.638507728663,0.238896355442,1.3741479464,1.231519520138
838,1558.339152852352072,0.877500591108,2.4286024098,0.7277463391,0.638597842713,0.238902748394,1.3741051604,0.944645834662
839,1559.781154390710299,0.877647796261,2.4290098201,0.7277808951,0.638735298738,0.238912497523,1.3740399161,1.442001538358
840,1560.876475777809446,0.877759520033,2.4293190309,0.7278071163,0.638839625055,0.238919894978,1.3739904126,1.095321387099
841,1562.410153180194357,0.877915824841,2.4297516257,0.7278437922,0.638985583225,0.238930241616,1.3739211774,1.533677402385
842,1563.385400958495438,0.878015137485,2.4300264870,0.7278670904,0.639078323426,0.238936814058,1.3738771999,0.975247778301
843,1566.266415601551444,0.878308159123,2.4308374643,0.7279358089,0.639351960268,0.238956198854,1.3737475033,2.881014643056
844,1567.623450717218020,0.878445993488,2.4312189397,0.7279681217,0.639480679929,0.238965313559,1.3736865257,1.357035115667
845,1569.022477804374148,0.878587968130,2.4316118738,0.7280013974,0.639613268554,0.238974699576,1.3736237369,1.399027087156
846,1570.509277866920911,0.878738711372,2.4320290763,0.7280367196,0.639754048832,0.238984662540,1.3735570927,1.486800062547
847,1578.118826945782757,0.879507998609,2.4341581835,0.7282168408,0.640472536189,0.239035462420,1.3732173496,7.609549078862
848,1579.514055067740628,0.879648646668,2.4345474461,0.7282497471,0.640603904514,0.239044742154,1.3731553000,1.395228121958
849,1580.372081625471537,0.879735079637,2.4347866612,0.7282699654,0.640684635994,0.239050443643,1.3731171784,0.858026557731
850,1581.363551773001745,0.879834896572,2.4350629181,0.7282933107,0.640777869731,0.239057026841,1.3730731633,0.991470147530
851,1582.329486944147220,0.879932082589,2.4353318937,0.7283160370,0.640868647255,0.239063435334,1.3730303181,0.965935171145
852,1583.394693435421686,0.880039187867,2.4356283221,0.7283410786,0.640968691319,0.239070496548,1.3729831110,1.065206491274
853,1584.234848066376117,0.880123613627,2.4358619819,0.7283608145,0.641047552078,0.239076061549,1.3729459083,0.840154630954
854,1588.163404028904779,0.880517794540,2.4369529313,0.7284529238,0.641415761906,0.239102032634,1.3727723059,3.928555962529
855,1589.357945949557688,0.880637458416,2.4372841173,0.7284808740,0.641527545397,0.239109913020,1.3727196357,1.194541920653
856,1590.835904321394082,0.880785389271,2.4376935361,0.7285154189,0.641665736816,0.239119652455,1.3726545438,1.477958371836
857,1594.442689655690629,0.881145821141,2.4386910804,0.7285995514,0.642002450012,0.239143371130,1.3724960413,3.606785334297
858,1596.484492409654649,0.881349500528,2.4392547909,0.7286470722,0.642192733132,0.239156767396,1.3724065301,2.041802753964
859,1597.715895944423210,0.881472212910,2.4395944141,0.7286756946,0.642307377034,0.239164835875,1.3723526219,1.231403534769
860,1598.420798549670508,0.881542415624,2.4397887097,0.7286920666,0.642372964678,0.239169450947,1.3723217883,0.704902605247
861,1601.911946228582110,0.881889650537,2.4407497296,0.7287730174,0.642697381602,0.239192268935,1.3721693534,3.491147678912
862,1602.815404793726657,0.881979386658,2.4409980865,0.7287939299,0.642781223279,0.239198163378,1.3721299794,0.903458565145
863,1603.655202996123990,0.882062754357,2.4412288180,0.7288133555,0.642859115745,0.239203638611,1.3720934070,0.839798202397
864,1607.556905211982894,0.882449508940,2.4422992140,0.7289034383,0.643220481171,0.239229027768,1.3719238345,3.901702215859
865,1608.836295305010026,0.882576123601,2.4426496373,0.7289329167,0.643338788011,0.239237335590,1.3718683531,1.279390093027
866,1611.437141269554786,0.882833205858,2.4433611475,0.7289927515,0.643579007896,0.239254197962,1.3717557519,2.600845964545
867,1613.078855451027493,0.882995268599,2.4438096782,0.7290304578,0.643730444909,0.239264823689,1.3716848031,1.641714181473
868,1614.710627852161451,0.883156186569,2.4442550406,0.7290678877,0.643880815412,0.239275371157,1.3716143818,1.631772401134
869,1615.574608718972058,0.883241322598,2.4444906661,0.7290876864,0.643960372437,0.239280950160,1.3715771349,0.863980866811
870,1616.398394841583695,0.883322455476,2.4447152124,0.7291065516,0.644036189471,0.239286266005,1.3715416461,0.823786122612
871,1617.734684840985210,0.883453975835,2.4450792129,0.7291371276,0.644159094307,0.239294881528,1.3714841312,1.336289999402
872,1618.537517831977539,0.883532940046,2.4452977571,0.7291554821,0.644232886822,0.239300053224,1.3714496079,0.802832990992
873,1619.952501261128873,0.883672018209,2.4456826749,0.7291878036,0.644362858039,0.239309160170,1.3713888179,1.414983429151
874,1620.774310821388553,0.883752737791,2.4459060773,0.7292065592,0.644438293131,0.239314444660,1.3713535450,0.821809560260
875,1622.098751698022852,0.883882740613,2.4462658779,0.7292367608,0.644559786709,0.239322953904,1.3712967499,1.324440876634
876,1622.977767699475635,0.883968963384,2.4465045111,0.7292567881,0.644640366975,0.239328596409,1.3712590906,0.879016001453
877,1625.021856657962871,0.884169287856,2.4470589364,0.7293033070,0.644827585538,0.239341702318,1.3711716243,2.044088958487
878,1627.755441276315651,0.884436790711,2.4477992870,0.7293654017,0.645077595131,0.239359195580,1.3710548892,2.733584618353
879,1628.715316856763138,0.884530615565,2.4480589600,0.7293871745,0.645165286421,0.239365329145,1.3710139621,0.959875580447
880,1629.658668954947871,0.884622771441,2.4483140140,0.7294085566,0.645251418888,0.239371352553,1.3709737717,0.943352098185
881,1631.194814551515719,0.884772723093,2.4487290256,0.7294433417,0.645391571765,0.239381151328,1.3709083939,1.536145596568
882,1632.798183570708716,0.884929086250,2.4491617819,0.7294796048,0.645537720116,0.239391366134,1.3708402448,1.603369019193
883,1633.512516889737299,0.884998699763,2.4493544468,0.7294957463,0.645602786920,0.239395912843,1.3708099124,0.714333319029
884,1634.516822662067170,0.885096520325,2.4496251785,0.7295184250,0.645694219473,0.239402300851,1.3707672976,1.004305772330
885,1635.718366326213754,0.885213473150,2.4499488614,0.7295455345,0.645803536428,0.239409936722,1.3707163607,1.201543664147
886,1637.089190173370980,0.885346798071,2.4503178563,0.7295764326,0.645928158585,0.239418639485,1.3706583098,1.370823847157
887,1639.821235729830278,0.885612181373,2.4510523407,0.7296379150,0.646176225512,0.239435955861,1.3705428123,2.732045556459
888,1645.573760362766052,0.886169522982,2.4525948595,0.7297669482,0.646697228389,0.239472294593,1.3703004808,5.752524632936
889,1646.624866593178922,0.886271150361,2.4528761272,0.7297904637,0.646792233745,0.239478916616,1.3702563267,1.051106230413
890,1650.416988983048441,0.886637257505,2.4538893785,0.7298751439,0.647134495868,0.239502761637,1.3700973494,3.792122389870
891,1651.732693341396043,0.886764084502,2.4542403895,0.7299044668,0.647253066278,0.239511018223,1.3700423076,1.315704358348
892,1652.671065899601217,0.886854476987,2.4544905631,0.7299253622,0.647337575305,0.239516901682,1.3700030878,0.938372558205
893,1654.205896759371171,0.887002215133,2.4548994485,0.7299595070,0.647475699628,0.239526515506,1.3699390041,1.534830859770
894,1660.019980337998959,0.887560620701,2.4564449120,0.7300884883,0.647997791879,0.239562828822,1.3696969833,5.814083578628
895,1660.860056833300860,0.887641142929,2.4566677682,0.7301070776,0.648073080851,0.239568062078,1.3696621093,0.840076495302
896,1664.057265418110092,0.887947226754,2.4575148969,0.7301777172,0.648359279047,0.239587947707,1.3695296041,3.197208584809
897,1664.968004486365089,0.888034308477,2.4577559074,0.7301978078,0.648440705334,0.239593603143,1.3694919230,0.910739068255
898,1665.877640414486223,0.888121237188,2.4579964944,0.7302178603,0.648521989466,0.239599247721,1.3694543155,0.909635928121
899,1667.241125051711379,0.888251448768,2.4583568727,0.7302478916,0.648643747682,0.239607701086,1.3693979969,1.363484637225
900,1668.368229327401878,0.888359005862,2.4586545516,0.7302726932,0.648744323700,0.239614682162,1.3693514893,1.127104275690
901,1669.669728452399113,0.888483114714,2.4589980398,0.7303013059,0.648860378918,0.239622735797,1.3692978391,1.301499124997
902,1671.047182433303078,0.888614361167,2.4593612822,0.7303315577,0.648983110601,0.239631250566,1.3692411199,1.377453980904
903,1671.984259333726186,0.888703585829,2.4596082236,0.7303521199,0.649066547901,0.239637037928,1.3692025705,0.937076900423
904,1672.963370830781059,0.888796759448,2.4598660943,0.7303735890,0.649153679050,0.239643080398,1.3691623234,0.979111497055
905,1673.687445333905316,0.888865628323,2.4600566983,0.7303894556,0.649218082337,0.239647545986,1.3691325804,0.724074503124
906,1674.648462097009769,0.888956987480,2.4603095472,0.7304105009,0.649303518481,0.239653468999,1.3690931316,0.961016763104
907,1676.362486323950407,0.889119801303,2.4607601567,0.7304479984,0.649455779240,0.239664022063,1.3690228492,1.714024226941
908,1677.691227141526497,0.889245902850,2.4611091599,0.7304770339,0.649573709503,0.239672193347,1.3689684324,1.328740817576
909,1678.630368091063701,0.889334969957,2.4613556652,0.7304975383,0.649657006291,0.239677963666,1.3689300067,0.939140949537
910,1680.077946716809493,0.889472159190,2.4617353551,0.7305291152,0.649785309437,0.239686849753,1.3688708351,1.447578625746
911,1681.812320174266006,0.889636372838,2.4621898387,0.7305669028,0.649938889558,0.239697483281,1.3688000320,1.734373457457
912,1683.273289260666843,0.889774568708,2.4625723146,0.7305986955,0.650068139192,0.239706429516,1.3687404674,1.460969086401
913,1686.421121947838174,0.890071921059,2.4633952778,0.7306670783,0.650346250007,0.239725671053,1.3686123677,3.147832687171
914,1689.703154256179687,0.890381359805,2.4642516916,0.7307382048,0.650635676467,0.239745683337,1.3684791536,3.282032308342
915,1691.051559916892984,0.890508316923,2.4646030628,0.7307673762,0.650754426256,0.239753890666,1.3684245254,1.348405660713
916,1693.053020930197135,0.890696574964,2.4651240925,0.7308106217,0.650930517666,0.239766057298,1.3683435494,2.001461013304
917,1694.017564652607916,0.890787220790,2.4653749672,0.7308314394,0.651015306813,0.239771913978,1.3683045721,0.964543722411
918,1697.342514286563983,0.891099297554,2.4662386822,0.7309030873,0.651307227703,0.239792069851,1.3681704419,3.324949633956
919,1700.820303245006244,0.891425066228,2.4671402913,0.7309778392,0.651611968729,0.239813097499,1.3680305289,3.477788958442
920,1701.825550997047458,0.891519104903,2.4674005562,0.7309994101,0.651699939795,0.239819165107,1.3679901600,1.005247752041
921,1702.923249764490492,0.891621728738,2.4676845816,0.7310229465,0.651795943303,0.239825785436,1.3679461155,1.097698767443
922,1704.291412426679699,0.891749545670,2.4680383324,0.7310522552,0.651915516459,0.239834029212,1.3678912730,1.368162662189
923,1707.912312493324407,0.892087324072,2.4689731801,0.7311296788,0.652231518723,0.239855805349,1.3677464190,3.620900066645
924,1708.512116178403176,0.892143208067,2.4691278467,0.7311424840,0.652283801273,0.239859406794,1.3677224642,0.599803685079
925,1709.780842298580410,0.892261351272,2.4694548241,0.7311695514,0.652394331974,0.239867019298,1.3676718321,1.268726120177
926,1711.137603258592890,0.892387595278,2.4698042216,0.7311984689,0.652512443361,0.239875151917,1.3676177433,1.356760960012
927,1712.155397654322314,0.892482233402,2.4700661455,0.7312201428,0.652600986168,0.239881247234,1.3675772062,1.017794395729
928,1713.055341727513223,0.892565866534,2.4702976116,0.7312392935,0.652679233674,0.239886632860,1.3675413901,0.899944073191
929,1714.717145255494643,0.892720184983,2.4707247089,0.7312746232,0.652823616862,0.239896568121,1.3674753209,1.661803527981
930,1715.825283039820533,0.892823005814,2.4710092796,0.7312981579,0.652919819518,0.239903186297,1.3674313126,1.108137784326
931,1716.769983717395007,0.892910609376,2.4712517343,0.7313182065,0.653001785382,0.239908823994,1.3673938255,0.944700677574
932,1717.974485066158422,0.893022234770,2.4715606728,0.7313437483,0.653106228496,0.239916006274,1.3673460699,1.204501348763
933,1718.954152498583653,0.893112966313,2.4718117847,0.7313645058,0.653191123229,0.239921843084,1.3673072621,0.979667432425
934,1724.733958737658213,0.893647210743,2.4732903790,0.7314866668,0.653691019451,0.239956191292,1.3670789167,5.779806239075
935,1725.638628019973794,0.893730669899,2.4735213635,0.7315057409,0.653769115853,0.239961554046,1.3670432699,0.904669282316
936,1726.605700739885378,0.893819837636,2.4737681474,0.7315261168,0.653852554949,0.239967282687,1.3670051923,0.967072719912
937,1728.166506760965376,0.893963644519,2.4741661525,0.7315589721,0.653987124867,0.239976519651,1.3669437983,1.560806021080
938,1730.023872544779124,0.894134606173,2.4746393122,0.7315980212,0.654147108582,0.239987497590,1.3668708375,1.857365783814
939,1731.014193761857086,0.894225685507,2.4748913867,0.7316188200,0.654232340879,0.239993344627,1.3668319795,0.990321217078
940,1732.430169859256921,0.894355821628,2.4752515561,0.7316485324,0.654354124350,0.240001697278,1.3667764722,1.415976097400
941,1733.840825021429964,0.894485363003,2.4756100795,0.7316781027,0.654475353260,0.240010009742,1.3667212349,1.410655162173
942,1735.175466021101101,0.894607826955,2.4759490152,0.7317060515,0.654589960741,0.240017866214,1.3666690304,1.334640999671
943,1736.305662733238023,0.894711457880,2.4762358279,0.7317296979,0.654686944796,0.240024513084,1.3666248655,1.130196712137
944,1737.893884786928538,0.894856972497,2.4766385594,0.7317628944,0.654823128297,0.240033844199,1.3665628684,1.588222053691
945,1738.783237588816064,0.894938397888,2.4768639153,0.7317814667,0.654899333395,0.240039064493,1.3665281857,0.889352801888
946,1740.169115680140521,0.895065200062,2.4772148575,0.7318103839,0.655018007684,0.240047192378,1.3664741878,1.385878091324
947,1741.779167808727152,0.895212386494,2.4776222160,0.7318439422,0.655155762030,0.240056624464,1.3664115289,1.610052128587
948,1742.467680720782027,0.895275286880,2.4777963014,0.7318582809,0.655214632386,0.240060654494,1.3663847580,0.688512912055
949,1743.426436858721672,0.895362834451,2.4780386013,0.7318782357,0.655296571568,0.240066262884,1.3663475033,0.958756137940
950,1744.721511937699688,0.895481016141,2.4783656852,0.7319051683,0.655407183864,0.240073832277,1.3662972244,1.295075078978
951,1746.097498595632715,0.895606485316,2.4787129382,0.7319337560,0.655524618715,0.240081866601,1.3662438599,1.375986657933
952,1750.822818489839165,0.896036611489,2.4799033710,0.7320317138,0.655927216329,0.240109395160,1.3660610342,4.725319894206
953,1751.617794946251024,0.896108860785,2.4801033307,0.7320481612,0.655994843752,0.240114017033,1.3660303420,0.794976456412
954,1752.511511140666016,0.896190044635,2.4803280181,0.7320666402,0.656070834915,0.240119209719,1.3659958604,0.893716194415
955,1753.661355243139496,0.896294433885,2.4806169296,0.7320903975,0.656168548369,0.240125885517,1.3659515320,1.149844102473
956,1757.046518460723064,0.896601360947,2.4814663920,0.7321602255,0.656455854650,0.240145506297,1.3658212576,3.385163217584
957,1757.984077032818277,0.896686263244,2.4817013707,0.7321795352,0.656535331417,0.240150931826,1.3657852370,0.937558572095
958,1759.240085646681791,0.896799932421,2.4820159656,0.7322053831,0.656641738111,0.240158194310,1.3657370227,1.256008613864
959,1760.215166242762280,0.896888121580,2.4822600411,0.7322254337,0.656724293800,0.240163827781,1.3656996247,0.975080596080
960,1763.719121496287016,0.897204626905,2.4831360127,0.7322973699,0.657020588564,0.240184038341,1.3655654671,3.503955253525
961,1764.591476849092032,0.897283327272,2.4833538267,0.7323152513,0.657094265339,0.240189061933,1.3655321232,0.872355352805
962,1765.400493991783833,0.897356278758,2.4835557299,0.7323318245,0.657162560851,0.240193717907,1.3655012203,0.809017142692
963,1766.676243599477857,0.897471249003,2.4838739257,0.7323579395,0.657270194647,0.240201054356,1.3654525282,1.275749607694
964,1768.295971136341450,0.897617098898,2.4842775852,0.7323910615,0.657406739866,0.240210359031,1.3653907763,1.619727536864
965,1771.212944983546549,0.897879423939,2.4850036054,0.7324506146,0.657652335908,0.240227088032,1.3652797609,2.916973847205
966,1772.328000363591400,0.897979587354,2.4852808213,0.7324733470,0.657746113851,0.240233473503,1.3652373894,1.115055380045
967,1773.894915510703413,0.898120234072,2.4856700803,0.7325052608,0.657877796273,0.240242437799,1.3651779087,1.566915147112
968,1777.255860224058097,0.898421494795,2.4865038604,0.7325735943,0.658159863649,0.240261631145,1.3650505666,3.360944713355
969,1778.041734762249234,0.898491855048,2.4866985920,0.7325895489,0.658225742793,0.240266112255,1.3650208380,0.785874538191
970,1779.552270809178935,0.898627007790,2.4870726456,0.7326201904,0.658352289561,0.240274718229,1.3649637467,1.510536046930
971,1780.665228492998722,0.898726514477,2.4873480439,0.7326427460,0.658445461449,0.240281053027,1.3649217241,1.112957683820
972,1781.355637722819665,0.898788210939,2.4875187972,0.7326567291,0.658503230778,0.240284980161,1.3648956739,0.690409229821
973,1782.439067320020285,0.898884980363,2.4877866198,0.7326786584,0.658593841494,0.240291138869,1.3648548221,1.083429597201
974,1783.084829519946425,0.898942630375,2.4879461741,0.7326917211,0.658647823006,0.240294807369,1.3648304890,0.645762199926
975,1784.607946396612761,0.899078523015,2.4883222755,0.7327225075,0.658775069810,0.240303453205,1.3647731437,1.523116876666
976,1788.215123479632894,0.899399893677,2.4892117125,0.7327952865,0.659076002736,0.240323890941,1.3646375986,3.607177083020
977,1789.242179963684748,0.899491277645,2.4894646301,0.7328159747,0.659161577320,0.240329700325,1.3645990734,1.027056484052
978,1790.449562369783507,0.899598639339,2.4897617682,0.7328402760,0.659262115168,0.240336524171,1.3645538226,1.207382406099
979,1791.254409818795466,0.899670166999,2.4899597308,0.7328564640,0.659329097328,0.240341069671,1.3645236812,0.804847449012
980,1792.616102735198183,0.899791108963,2.4902944541,0.7328838309,0.659442354942,0.240348754021,1.3644727279,1.361692916403
981,1798.147067458075753,0.900281412016,2.4916514346,0.7329947217,0.659901523043,0.240379888973,1.3642663043,5.530964722878
982,1799.231647209737503,0.900377379801,2.4919170385,0.7330164161,0.659991400051,0.240385979750,1.3642259274,1.084579751662
983,1800.024724019739097,0.900447517676,2.4921111547,0.7330322692,0.660057087180,0.240390430496,1.3641964236,0.793076810002
984,1801.309636945288048,0.900561086832,2.4924254728,0.7330579352,0.660163450795,0.240397636037,1.3641486601,1.284912925549
985,1802.301283491450477,0.900648679781,2.4926678982,0.7330777274,0.660245487334,0.240403192447,1.3641118297,0.991646546162
986,1803.796843813365967,0.900780692734,2.4930332620,0.7331075512,0.660369127826,0.240411564908,1.3640563357,1.495560321915
987,1804.904160974811930,0.900878365002,2.4933035833,0.7331296128,0.660460606891,0.240417758111,1.3640152881,1.107317161446
988,1806.289667019497756,0.901000490901,2.4936415834,0.7331571928,0.660574990610,0.240425500290,1.3639639764,1.385506044686
989,1808.714431865474808,0.901213997364,2.4942324916,0.7332053962,0.660774966031,0.240439031332,1.3638743047,2.424764845977
990,1810.108892987985882,0.901336653471,2.4945719591,0.7332330807,0.660889851192,0.240446802280,1.3638228093,1.394461122511
991,1810.873719158854783,0.901403887082,2.4947580373,0.7332482535,0.660952825929,0.240451061153,1.3637945882,0.764826170869
992,1812.420077002105472,0.901539736132,2.4951340180,0.7332789059,0.661080071322,0.240459664810,1.3637375792,1.546357843251
993,1814.024140347615457,0.901680532246,2.4955236904,0.7333106673,0.661211952757,0.240468579488,1.3636785126,1.604063345510
994,1814.973082363495905,0.901763766708,2.4957540531,0.7333294402,0.661289918222,0.240473848486,1.3636436030,0.948942015880
995,1816.338611219674704,0.901883464875,2.4960853341,0.7333564327,0.661402040553,0.240481424322,1.3635934115,1.365528856179
996,1817.710608563342475,0.902003639455,2.4964179336,0.7333835274,0.661514610836,0.240489028619,1.3635430339,1.371997343668
997,1819.260334099488318,0.902139272375,2.4967933162,0.7334141009,0.661641663335,0.240497609040,1.3634861926,1.549725536146
998,1820.187882186811294,0.902220396687,2.4970178388,0.7334323842,0.661717656586,0.240502740102,1.3634522031,0.927548087323
999,1821.305708365203827,0.902318108004,2.4972882682,0.7334544025,0.661809188748,0.240508919256,1.3634112722,1.117826178393
1000,1822.427671440302674,0.902416120651,2.4975595315,0.7334764851,0.661901004308,0.240515116342,1.3633702242,1.121963075099
1001,1823.766265895773358,0.902532978907,2.4978829527,0.7335028092,0.662010475391,0.240522503516,1.3633212954,1.338594455471
1002,1825.213676893013371,0.902659240290,2.4982323983,0.7335312457,0.662128756982,0.240530483308,1.3632684440,1.447410997240
1003,1829.832529709939763,0.903061486176,2.4993456685,0.7336218002,0.662505593142,0.240555893033,1.3631001693,4.618852816926
1004,1831.936379901815144,0.903244369478,2.4998518230,0.7336629515,0.662676930035,0.240567439443,1.3630237127,2.103850191875
1005,1834.721559748608570,0.903486156540,2.5005210016,0.7337173381,0.662903457780,0.240582698760,1.3629226789,2.785179846793
1006,1835.883754437692460,0.903586940481,2.5007999349,0.7337400017,0.662997883208,0.240589057273,1.3628805813,1.162194689084
1007,1836.827672515957602,0.903668748831,2.5010263506,0.7337583954,0.663074531098,0.240594217733,1.3628464169,0.943918078265
1008,1838.086943305644581,0.903777823027,2.5013282283,0.7337829157,0.663176726124,0.240601096903,1.3628008756,1.259270789687
1009,1838.640288707650825,0.903825728488,2.5014608132,0.7337936837,0.663221610688,0.240604117800,1.3627808773,0.553345402006
1010,1840.195563473357424,0.903960298060,2.5018332528,0.7338239270,0.663347695796,0.240612602264,1.3627247125,1.555274765707
1011,1841.478582570643312,0.904071225226,2.5021402589,0.7338488520,0.663451630716,0.240619594510,1.3626784280,1.283019097286
1012,1842.875955278667334,0.904191951275,2.5024743847,0.7338759735,0.663564748483,0.240627202792,1.3626280681,1.397372708024
1013,1843.771057743069150,0.904269235585,2.5026882795,0.7338933329,0.663637163147,0.240632072438,1.3625958367,0.895102464402
1014,1844.759043650095919,0.904354496022,2.5029242494,0.7339124813,0.663717052175,0.240637443847,1.3625602854,0.987985907027
1015,1848.330980622383777,0.904662363742,2.5037763152,0.7339816023,0.664005531279,0.240656832463,1.3624319695,3.571936972288
1016,1850.601184047651486,0.904857725066,2.5043170043,0.7340254458,0.664188595042,0.240669130024,1.3623505911,2.270203425268
1017,1851.400361994589730,0.904926440933,2.5045071848,0.7340408639,0.664252986455,0.240673454478,1.3623219758,0.799177946938
1018,1852.342204733386325,0.905007385506,2.5047312100,0.7340590235,0.664328837697,0.240678547809,1.3622882737,0.941842738797
1019,1853.519342920989402,0.905108494177,2.5050110420,0.7340817036,0.664423585310,0.240684908867,1.3622461848,1.177138187603
1020,1854.855632115986737,0.905223195113,2.5053284925,0.7341074280,0.664531071497,0.240692123616,1.3621984493,1.336289194997
1021,1857.498074814880283,0.905449767213,2.5059555616,0.7341582279,0.664743396592,0.240706370621,1.3621041922,2.642442698894
1022,1859.495271568794351,0.905620799947,2.5064289180,0.7341965629,0.664903678627,0.240717121319,1.3620330719,1.997196753914
1023,1860.541388109336822,0.905710312303,2.5066766556,0.7342166218,0.664987565812,0.240722746491,1.3619958611,1.046116540542
1024,1863.425464845096485,0.905956831769,2.5073589318,0.7342718493,0.665218598216,0.240738233553,1.3618934200,2.884076735760
1025,1864.353981335746312,0.906036116498,2.5075783631,0.7342896066,0.665292903551,0.240743212948,1.3618604853,0.928516490650
1026,1865.367433794057888,0.906122608734,2.5078177422,0.7343089756,0.665373964565,0.240748644170,1.3618245633,1.013452458312
1027,1866.836547018608144,0.906247905554,2.5081645182,0.7343370295,0.665491394994,0.240756510559,1.3617725374,1.469113224550
1028,1868.085190998609278,0.906354321636,2.5084590392,0.7343608516,0.665591131489,0.240763190146,1.3617283626,1.248643980001
1029,1868.706745684408133,0.906407267319,2.5086055736,0.7343727024,0.665640754336,0.240766512983,1.3617063880,0.621554685799
1030,1870.421471768310766,0.906553240998,2.5090095756,0.7344053701,0.665777568488,0.240775672511,1.3616458167,1.714726083903
1031,1871.416043098407044,0.906637846995,2.5092437342,0.7344243007,0.665856866775,0.240780980220,1.3616107188,0.994571330096
1032,1877.095064167339842,0.907120089113,2.5105784050,0.7345321524,0.666308871548,0.240811217564,1.3614107929,5.679021068933
1033,1878.022251482753518,0.907198683966,2.5107959269,0.7345497218,0.666382540933,0.240816143033,1.3613782298,0.927187315414
1034,1879.153303090461350,0.907294507255,2.5110611309,0.7345711395,0.666472360031,0.240822147224,1.3613385365,1.131051607708
1035,1882.321974797384655,0.907562651984,2.5118032580,0.7346310552,0.666723708727,0.240838943258,1.3612275071,3.168671706923
1036,1883.408724269518416,0.907654512804,2.5120574953,0.7346515751,0.666809817487,0.240844695317,1.3611894861,1.086749472134
1037,1884.005778349667253,0.907704958068,2.5121971095,0.7346628423,0.666857104429,0.240847853639,1.3611686102,0.597054080149
1038,1885.198075130258076,0.907805647731,2.5124757818,0.7346853289,0.666951490904,0.240854156827,1.3611269487,1.192296780591
1039,1888.938182636579540,0.908121087742,2.5133488050,0.7347557511,0.667247191910,0.240873895832,1.3609964924,3.740107506321
1040,1890.348128614244615,0.908239840260,2.5136774688,0.7347822533,0.667358516337,0.240881323923,1.3609474039,1.409945977665
1041,1891.678510539728677,0.908351810317,2.5139873612,0.7348072371,0.667463484044,0.240888326273,1.3609011310,1.330381925484
1042,1892.867701335791025,0.908451830551,2.5142641808,0.7348295507,0.667557250467,0.240894580084,1.3608598063,1.189190796062
1043,1894.558537572429714,0.908593934949,2.5146574741,0.7348612466,0.667690471708,0.240903463241,1.3608011099,1.690836236639
1044,1895.697155653584559,0.908689557364,2.5149221221,0.7348825708,0.667780117934,0.240909439430,1.3607616234,1.138618081155
1045,1896.585494347168833,0.908764121161,2.5151284876,0.7348991964,0.667850022392,0.240914098769,1.3607308388,0.888338693584
1046,1897.513692859711909,0.908841993339,2.5153440095,0.7349165576,0.667923029181,0.240918964158,1.3606986938,0.928198512543
1047,1898.829372818679531,0.908952308437,2.5156493215,0.7349411480,0.668026453079,0.240925855357,1.3606531661,1.315679958968
1048,1900.006144829143977,0.909050911857,2.5159222199,0.7349631240,0.668118898097,0.240932013760,1.3606124815,1.176772010464
1049,1900.571884272414763,0.909098294244,2.5160533571,0.7349736830,0.668163321555,0.240934972689,1.3605929343,0.565739443271
1050,1901.891305750600168,0.909208744996,2.5163590446,0.7349982934,0.668266875897,0.240941869099,1.3605473768,1.319421478185
1051,1902.805059206679971,0.909285191770,2.5165706215,0.7350153245,0.668338550251,0.240946641519,1.3605158515,0.913753456080
1052,1904.089325323351659,0.909392574475,2.5168678178,0.7350392440,0.668439230404,0.240953344071,1.3604715778,1.284266116672
1053,1907.332780123909970,0.909663450791,2.5176175049,0.7350995631,0.668693205215,0.240970245576,1.3603599434,3.243454800558
1054,1908.433063045051767,0.909755236020,2.5178715330,0.7351199959,0.668779265360,0.240975970660,1.3603221319,1.100282921142
1055,1909.465930025982288,0.909841349293,2.5181098632,0.7351391633,0.668860008217,0.240981341076,1.3602866640,1.032866980931
1056,1910.733659615891611,0.909946980129,2.5184022109,0.7351626712,0.668959052597,0.240987927532,1.3602431667,1.267729589909
1057,1911.704690943172182,0.910027841833,2.5186260067,0.7351806642,0.669034873155,0.240992968678,1.3602098760,0.971031327281
1058,1913.182489775883141,0.910150825330,2.5189663803,0.7352080252,0.669150190957,0.241000634373,1.3601592552,1.477798832711
1059,1914.352300051674092,0.910248110452,2.5192356301,0.7352296651,0.669241413422,0.241006697030,1.3601192218,1.169810275791
1060,1915.054629333347293,0.910306489820,2.5193972030,0.7352426492,0.669296155201,0.241010334619,1.3600952026,0.702329281673
1061,1916.606371839519397,0.910435398668,2.5197539757,0.7352713154,0.669417033191,0.241018365477,1.3600421763,1.551742506172
1062,1917.344704041566274,0.910496697949,2.5199236299,0.7352849448,0.669474514273,0.241022183676,1.3600169663,0.738332202047
1063,1918.786498909856846,0.910616333477,2.5202547375,0.7353115408,0.669586699208,0.241029634269,1.3599677750,1.441794868291
1064,1919.937457371217306,0.910711771823,2.5205188761,0.7353327538,0.669676195078,0.241035576746,1.3599285424,1.150958461360
1065,1922.101625621993662,0.910891071463,2.5210151123,0.7353725977,0.669844333436,0.241046738027,1.3598548588,2.164168250776
1066,1923.280837936417356,0.910988683327,2.5212852664,0.7353942841,0.669935870577,0.241052812749,1.3598147574,1.179212314424
1067,1924.055831101440845,0.911052802485,2.5214627249,0.7354085275,0.669995999974,0.241056802511,1.3597884204,0.774993165023
1068,1925.231987975406582,0.911150062651,2.5217319057,0.7354301301,0.670087209107,0.241062853544,1.3597484779,1.176156873966
1069,1928.417518549519400,0.911413186244,2.5224601360,0.7354885556,0.670333967921,0.241079218323,1.3596404626,3.185530574113
1070,1929.487560180576565,0.911501473756,2.5227044838,0.7355081539,0.670416766233,0.241084707523,1.3596042338,1.070041631057
1071,1930.258387180387217,0.911565043188,2.5228804208,0.7355222634,0.670476383843,0.241088659345,1.3595781524,0.770826999811
1072,1931.760069436524645,0.911688812750,2.5232229699,0.7355497305,0.670592460543,0.241096352207,1.3595273827,1.501682256137
1073,1932.875754549946805,0.911780705913,2.5234772968,0.7355701200,0.670678643247,0.241102062666,1.3594896976,1.115685113422
1074,1934.416436369151825,0.911907516678,2.5238282629,0.7355982520,0.670797575277,0.241109941401,1.3594377056,1.540681819205
1075,1935.924848803745590,0.912031573597,2.5241716073,0.7356257675,0.670913926337,0.241117647259,1.3593868569,1.508412434594
1076,1936.873093814278946,0.912109510988,2.5243873096,0.7356430510,0.670987023508,0.241122487480,1.3593549190,0.948245010533
1077,1937.968633498019926,0.912199507211,2.5246363864,0.7356630059,0.671071431474,0.241128075737,1.3593180464,1.095539683741
1078,1939.050029150544106,0.912288291652,2.5248821095,0.7356826893,0.671154703810,0.241133587843,1.3592816775,1.081395652524
1079,1940.977326705859923,0.912446403403,2.5253197053,0.7357177354,0.671303001559,0.241143401844,1.3592169278,1.927297555316
1080,1941.822862215780333,0.912515719953,2.5255115483,0.7357330968,0.671368016530,0.241147703423,1.3591885486,0.845535509920
1081,1945.153796306367894,0.912788494812,2.5262664898,0.7357935304,0.671623869119,0.241164625694,1.3590769131,3.330934090588
1082,1947.917047737703570,0.913014427099,2.5268917882,0.7358435657,0.671835791561,0.241178635537,1.3589844997,2.763251431336
1083,1949.030030073606440,0.913105337569,2.5271433953,0.7358636937,0.671921066404,0.241184271165,1.3589473276,1.112982335903
1084,1954.418588175214154,0.913544752192,2.5283595351,0.7359609400,0.672333254578,0.241211497614,1.3587677628,5.388558101608
1085,1955.315809283718409,0.913617799189,2.5285617027,0.7359770992,0.672401777663,0.241216021526,1.3587379295,0.897221108504
1086,1956.848164578215574,0.913742477977,2.5289067682,0.7360046758,0.672518736308,0.241223741669,1.3586870204,1.532355294497
1087,1958.314403555120407,0.913861685896,2.5292366923,0.7360310372,0.672630564497,0.241231121400,1.3586383583,1.466238976905
1088,1958.851883463194781,0.913905361645,2.5293575709,0.7360406942,0.672671536843,0.241233824802,1.3586205326,0.537479908074
1089,1960.418845269381791,0.914032624979,2.5297097895,0.7360688293,0.672790924183,0.241241700796,1.3585686015,1.566961806187
1090,1961.359277880014361,0.914108954897,2.5299210430,0.7360857013,0.672862531127,0.241246423770,1.3585374614,0.940432610633
1091,1962.233571848579686,0.914179883872,2.5301173486,0.7361013776,0.672929071909,0.241250811963,1.3585085294,0.874293968565
1092,1963.621184573202072,0.914292392076,2.5304287304,0.7361262398,0.673034620694,0.241257771381,1.3584626466,1.387612724622
1093,1964.357390938095705,0.914352051710,2.5305938465,0.7361394217,0.673090590548,0.241261461162,1.3584383210,0.736206364894
1094,1965.377829505103819,0.914434707582,2.5308226079,0.7361576824,0.673168135055,0.241266572527,1.3584046243,1.020438567008
1095,1966.117658574074540,0.914494607158,2.5309883881,0.7361709142,0.673224330979,0.241270276178,1.3583802086,0.739829068971
1096,1968.471602019420516,0.914685042171,2.5315154430,0.7362129726,0.673402993914,0.241282048257,1.3583026070,2.353943445346
1097,1969.047617546527817,0.914731607389,2.5316443186,0.7362232548,0.673446681247,0.241284926142,1.3582836368,0.576015527107
1098,1970.305009517033795,0.914833207917,2.5319255119,0.7362456867,0.673542003380,0.241291204537,1.3582422526,1.257391970506
1099,1970.855547579946005,0.914877672411,2.5320485734,0.7362555027,0.673583720564,0.241293951847,1.3582241442,0.550538062912
1100,1971.970312804811329,0.914967668980,2.5322976512,0.7362753681,0.673668157238,0.241299511742,1.3581874980,1.114765224865
1101,1973.182663405938683,0.915065486022,2.5325683732,0.7362969564,0.673759932286,0.241305553736,1.3581476757,1.212350601127
1102,1974.347201910120020,0.915159388828,2.5328282620,0.7363176777,0.673848035896,0.241311352932,1.3581094551,1.164538504181
1103,1975.080610302266905,0.915218498946,2.5329918573,0.7363307197,0.673903496038,0.241315002908,1.3580854000,0.733408392147
1104,1978.801448167731451,0.915518047544,2.5338208988,0.7363967928,0.674184553977,0.241333493567,1.3579635460,3.720837865465
1105,1980.371772287051272,0.915644298579,2.5341703158,0.7364246311,0.674303014784,0.241341283795,1.3579122123,1.570324119320
1106,1982.663279195276573,0.915828351805,2.5346797081,0.7364652045,0.674475714375,0.241352637430,1.3578374021,2.291506908225
1107,1983.923804622260604,0.915929506200,2.5349596667,0.7364874982,0.674570630525,0.241358875676,1.3577963000,1.260525426984
1108,1985.416540174526745,0.916049211860,2.5352909684,0.7365138757,0.674682955369,0.241366256491,1.3577476718,1.492735552266
1109,1986.757107716415248,0.916156638160,2.5355882853,0.7365375431,0.674783759356,0.241372878804,1.3577040429,1.340567541889
1110,1992.001706393527911,0.916576218400,2.5367495308,0.7366299424,0.675177487009,0.241398731391,1.3575337390,5.244598677113
1111,1995.168739611888441,0.916829053890,2.5374492875,0.7366855912,0.675414753562,0.241414300328,1.3574311918,3.167033218361
1112,1998.279006925984731,0.917076967247,2.5381354214,0.7367401344,0.675647408086,0.241429559160,1.3573306969,3.110267314096
1113,1999.545764176267539,0.917177827437,2.5384145657,0.7367623183,0.675742062414,0.241435765023,1.3572898277,1.266757250283
1114,2002.896408374361727,0.917444300600,2.5391520665,0.7368209108,0.675992145178,0.241452155422,1.3571818950,3.350644198094
1115,2004.139669233270070,0.917543062434,2.5394254034,0.7368426203,0.676084834343,0.241458228092,1.3571419086,1.243260858908
1116,2005.077848124098864,0.917617548695,2.5396315542,0.7368589913,0.676154741318,0.241462807377,1.3571117566,0.938178890829
1117,2005.900934885785773,0.917682868576,2.5398123359,0.7368733460,0.676216045962,0.241466822614,1.3570853192,0.823086761687
1118,2007.125180170301064,0.917779974695,2.5400810903,0.7368946833,0.676307183820,0.241472790874,1.3570460238,1.224245284515
1119,2008.418240330262279,0.917882474856,2.5403647735,0.7369172022,0.676403385350,0.241479089506,1.3570045549,1.293060159961
1120,2009.176634122949508,0.917942561612,2.5405310717,0.7369304013,0.676459780328,0.241482781284,1.3569802497,0.758393792687
1121,2010.153324767559297,0.918019910398,2.5407451450,0.7369473904,0.676532377341,0.241487533057,1.3569489667,0.976690644610
1122,2011.020705073650106,0.918088570876,2.5409351723,0.7369624694,0.676596820361,0.241491750516,1.3569212022,0.867380306091
1123,2012.538935477421774,0.918208680385,2.5412675917,0.7369888435,0.676709553438,0.241499126946,1.3568726431,1.518230403772
1124,2013.872097713990797,0.918314074179,2.5415592834,0.7370119820,0.676808475894,0.241505598285,1.3568300441,1.333162236569
1125,2015.186728608706289,0.918417934669,2.5418467314,0.7370347800,0.676905960416,0.241511974253,1.3567880745,1.314630894715
1126,2016.029638032375487,0.918484491852,2.5420309375,0.7370493877,0.676968432310,0.241516059542,1.3567611841,0.842909423669
1127,2019.264600216064082,0.918739670435,2.5427371790,0.7371053786,0.677207952612,0.241531717823,1.3566581238,3.234962183689
1128,2019.884367139755341,0.918788511897,2.5428723544,0.7371160927,0.677253797897,0.241534714000,1.3566384046,0.619766923691
1129,2021.196042768892767,0.918891830637,2.5431583031,0.7371387544,0.677350779437,0.241541051200,1.3565966978,1.311675629137
1130,2022.545617684688295,0.918998064687,2.5434523203,0.7371620515,0.677450498724,0.241547565963,1.3565538241,1.349574915796
1131,2023.572911777100671,0.919078882357,2.5436759942,0.7371797722,0.677526361131,0.241552521226,1.3565212146,1.027294092412
1132,2024.488262157951340,0.919150858809,2.5438751988,0.7371955523,0.677593925028,0.241556933781,1.3564921775,0.915350380851
1133,2025.878906202481630,0.919260146621,2.5441776677,0.7372195091,0.677696514005,0.241563632616,1.3564480968,1.390644044530
1134,2026.738258912152105,0.919327643859,2.5443644755,0.7372343029,0.677759874647,0.241567769212,1.3564208774,0.859352709670
1135,2027.573317055997450,0.919393205487,2.5445459263,0.7372486709,0.677821418792,0.241571786695,1.3563944425,0.835058143845
1136,2028.582459354039884,0.919472398692,2.5447651042,0.7372660243,0.677895759843,0.241576638849,1.3563625164,1.009142298042
1137,2029.385479550966693,0.919535388167,2.5449394362,0.7372798254,0.677954890467,0.241580497701,1.3563371267,0.803020196927
1138,2031.750550690618638,0.919720761325,2.5454524817,0.7373204329,0.678128909905,0.241591851420,1.3562624272,2.365071139652
1139,2036.527526483370366,0.920094521253,2.5464869132,0.7374022710,0.678479789534,0.241614731718,1.3561119070,4.776975792752
1140,2037.217111094340908,0.920148403276,2.5466360390,0.7374140649,0.678530374376,0.241618028899,1.3560902180,0.689584610971
1141,2040.839119673138157,0.920431116749,2.5474184870,0.7374759293,0.678795793208,0.241635323540,1.3559764600,3.622008578797
1142,2042.344586250604152,0.920548477356,2.5477432985,0.7375016023,0.678905977056,0.241642500299,1.3559292575,1.505466577466
1143,2043.217116563323998,0.920616456999,2.5479314414,0.7375164708,0.678969800359,0.241646656640,1.3559019216,0.872530312720
1144,2044.121593291667523,0.920686894981,2.5481263881,0.7375318753,0.679035932240,0.241650962741,1.3558736015,0.904476728344
1145,2045.037320859814827,0.920758177401,2.5483236720,0.7375474627,0.679102857501,0.241655319900,1.3558449464,0.915727568147
1146,2045.802760431561865,0.920817736558,2.5484885100,0.7375604852,0.679158776522,0.241658960035,1.3558210074,0.765439571747
1147,2047.098336345607095,0.920918495072,2.5487673729,0.7375825129,0.679253377784,0.241665117288,1.3557805161,1.295575914045
1148,2048.454094066160906,0.921023865742,2.5490590006,0.7376055451,0.679352310571,0.241671555171,1.3557381809,1.355757720554
1149,2049.847525605715873,0.921132091805,2.5493585310,0.7376291974,0.679453925586,0.241678166219,1.3556947088,1.393431539555
1150,2050.906055384684350,0.921214257313,2.5495859352,0.7376471515,0.679531072844,0.241683184470,1.3556617116,1.058529778968
1151,2054.059916898485881,0.921458816100,2.5502627850,0.7377005763,0.679760699689,0.241698116411,1.3555635336,3.153861513802
1152,2056.620866689893774,0.921657122849,2.5508116259,0.7377438817,0.679946903396,0.241710219453,1.3554839624,2.560949791408
1153,2058.450651118906080,0.921798660732,2.5512033513,0.7377747816,0.680079805635,0.241718855097,1.3554271912,1.829784429012
1154,2059.448021743771278,0.921875756591,2.5514167246,0.7377916099,0.680152198588,0.241723558003,1.3553962753,0.997370624865
1155,2060.868247208108187,0.921985474340,2.5517203834,0.7378155552,0.680255224614,0.241730249726,1.3553522869,1.420225464337
1156,2064.304867699634087,0.922250653642,2.5524543032,0.7378734115,0.680504236085,0.241746417558,1.3552460143,3.436620491526
1157,2065.832672281911528,0.922368401616,2.5527801868,0.7378990936,0.680614807544,0.241753594072,1.3551988458,1.527804582277
1158,2066.985229377985434,0.922457171636,2.5530258699,0.7379184521,0.680698168222,0.241759003414,1.3551632937,1.152557096074
1159,2068.345638527370284,0.922561886763,2.5533156833,0.7379412842,0.680796503495,0.241765383268,1.3551213645,1.360409149385
1160,2070.504717593446003,0.922727936804,2.5537752494,0.7379774819,0.680952439307,0.241775497498,1.3550548960,2.159079066076
1161,2075.028065544832316,0.923075256924,2.5547365051,0.7380531638,0.681278613826,0.241796643098,1.3549159451,4.523347951386
1162,2077.117570136877021,0.923235441581,2.5551798380,0.7380880542,0.681429050616,0.241806390965,1.3548518965,2.089504592045
1163,2078.155484639214137,0.923314949823,2.5553998879,0.7381053688,0.681503721528,0.241811228295,1.3548201142,1.037914502337
1164,2085.389813692285770,0.923868026735,2.5569306036,0.7382257515,0.682023168339,0.241844858396,1.3545991832,7.234329053072
1165,2086.580318534381604,0.923958858994,2.5571819942,0.7382455118,0.682108480747,0.241850378246,1.3545629252,1.190504842096
1166,2087.473340987858137,0.924026960150,2.5573704734,0.7382603251,0.682172444016,0.241854516134,1.3545357457,0.893022453477
1167,2088.712281198732398,0.924121392477,2.5576318278,0.7382808633,0.682261139402,0.241860253075,1.3544980640,1.238940210874
1168,2090.036206757016771,0.924222240520,2.5579109385,0.7383027933,0.682355861829,0.241866378691,1.3544578309,1.323925558284
1169,2091.221580661131156,0.924312480410,2.5581606897,0.7383224135,0.682440621410,0.241871859001,1.3544218375,1.185373904114
1170,2092.473218110071684,0.924407709294,2.5584242486,0.7383431154,0.682530067979,0.241877641315,1.3543838618,1.251637448941
1171,2094.335917468632033,0.924549324458,2.5588161878,0.7383738953,0.682663086105,0.241886238353,1.3543274029,1.862699358560
1172,2095.138256660294701,0.924610284972,2.5589849043,0.7383871429,0.682720346570,0.241889938401,1.3543031047,0.802339191663
1173,2096.346529979252409,0.924702043710,2.5592388592,0.7384070808,0.682806536712,0.241895506997,1.3542665367,1.208273318958
1174,2097.371606357192832,0.924779848641,2.5594541949,0.7384239845,0.682879620599,0.241900228042,1.3542355354,1.025076377940
1175,2097.951922199887122,0.924823878683,2.5595760540,0.7384335494,0.682920979284,0.241902899399,1.3542179941,0.580315842694
1176,2099.311651265061300,0.924926997110,2.5598614483,0.7384559477,0.683017842231,0.241909154880,1.3541769188,1.359729065174
1177,2100.593745236861196,0.925024166727,2.5601303785,0.7384770505,0.683109118317,0.241915048410,1.3541382217,1.282093971800
1178,2101.135489459108612,0.925065207578,2.5602439646,0.7384859626,0.683147670272,0.241917537306,1.3541218800,0.541744222247
1179,2102.535100215297916,0.925171188755,2.5605372820,0.7385089738,0.683247225153,0.241923963602,1.3540796870,1.399610756189
1180,2103.390454808713912,0.925235923098,2.5607164431,0.7385230273,0.683308034862,0.241927888236,1.3540539199,0.855354593416
1181,2108.938384889015197,0.925655159601,2.5618767372,0.7386140060,0.683701865633,0.241953293968,1.3538871343,5.547930080301
1182,2109.963143181267696,0.925732476102,2.5620907212,0.7386307778,0.683774498875,0.241957977226,1.3538563922,1.024758292252
1183,2110.822371848131752,0.925797274700,2.5622700601,0.7386448326,0.683835372965,0.241961901735,1.3538306313,0.859228666864
1184,2112.907087523190967,0.925954383641,2.5627048805,0.7386789033,0.683982968575,0.241971415066,1.3537681875,2.084715675059
1185,2115.506602794684113,0.926150072042,2.5632464748,0.7387213282,0.684166811375,0.241983260667,1.3536904402,2.599515271493
1186,2116.900056068394861,0.926254870565,2.5635365190,0.7387440429,0.684265267870,0.241989602695,1.3536488173,1.393453273711
1187,2117.722399441362995,0.926316684820,2.5637075984,0.7387574391,0.684323341917,0.241993342903,1.3536242710,0.822343372968
1188,2118.618646217029436,0.926384026946,2.5638939769,0.7387720318,0.684386609839,0.241997417107,1.3535975334,0.896246775666
1189,2119.456428468939066,0.926446950413,2.5640681261,0.7387856656,0.684445726884,0.242001223529,1.3535725537,0.837782251910
1190,2120.691562591844104,0.926539672510,2.5643247472,0.7388057533,0.684532840749,0.242006831761,1.3535357507,1.235134122905
1191,2124.370368737568697,0.926815522586,2.5650881998,0.7388654971,0.684792011829,0.242023510758,1.3534263055,3.678806145725
1192,2125.512400029152104,0.926901059030,2.5653249336,0.7388840173,0.684872378101,0.242028680929,1.3533923818,1.142031291583
1193,2126.975711192557810,0.927010591712,2.5656280802,0.7389077293,0.684975291358,0.242035300355,1.3533489506,1.463311163406
1194,2130.555102283236010,0.927278201247,2.5663687260,0.7389656448,0.685226733912,0.242051467335,1.3532428835,3.579391090678
1195,2132.080620992942841,0.927392118489,2.5666840075,0.7389902910,0.685333771513,0.242058346976,1.3531977513,1.525518709707
1196,2132.798516467883928,0.927445698725,2.5668322981,0.7390018816,0.685384116448,0.242061582277,1.3531765275,0.717895474941
1197,2134.154933985038042,0.927546885936,2.5671123475,0.7390237680,0.685479194598,0.242067691339,1.3531364529,1.356417517154
1198,2134.950772504315864,0.927606224657,2.5672765755,0.7390366010,0.685534951335,0.242071273322,1.3531129563,0.795838519278
1199,2136.086897524703090,0.927690897250,2.5675109184,0.7390549108,0.685614513336,0.242076383914,1.3530794334,1.136125020387
1200,2139.380759985201166,0.927936126375,2.5681896234,0.7391079257,0.685844945588,0.242091180787,1.3529823794,3.293862460498
1201,2140.949362639097217,0.928052776666,2.5685124690,0.7391331365,0.685954559640,0.242098217026,1.3529362312,1.568602653896
1202,1650.416988983048441,0.886637257505,2.4538893785,0.7298751439,0.647134495868,0.239502761637,1.3700973494,-490.532373656049
1203,1651.732693341396043,0.886764084502,2.4542403895,0.7299044668,0.647253066278,0.239511018223,1.3700423076,1.315704358348
1204,1652.671065899601217,0.886854476987,2.4544905631,0.7299253622,0.647337575305,0.239516901682,1.3700030878,0.938372558205
1205,1654.205896759371171,0.887002215133,2.4548994485,0.7299595070,0.647475699628,0.239526515506,1.3699390041,1.534830859770
1206,1654.726652393321729,0.887052310342,2.4550380938,0.7299710829,0.647522535576,0.239529774767,1.3699172795,0.520755633951
1207,1655.822775676771698,0.887157702785,2.4553297817,0.7299954337,0.647621072044,0.239536630741,1.3698715824,1.096123283450
1208,1657.114236399763058,0.887281787467,2.4556732030,0.7300240979,0.647737086522,0.239544700945,1.3698177948,1.291460722991
1209,1657.567101179321526,0.887325276214,2.4557935640,0.7300341427,0.647777747298,0.239547528916,1.3697989471,0.452864779558
1210,1660.019980337998959,0.887560620701,2.4564449120,0.7300884883,0.647997791879,0.239562828822,1.3696969833,2.452879158677
1211,1660.860056833300860,0.887641142929,2.4566677682,0.7301070776,0.648073080851,0.239568062078,1.3696621093,0.840076495302
1212,1661.836892884096642,0.887734722507,2.4569267624,0.7301286782,0.648160579549,0.239574142958,1.3696215884,0.976836050796
1213,1662.377202549280128,0.887786459822,2.4570699525,0.7301406191,0.648208955386,0.239577504435,1.3695991893,0.540309665183
1214,1664.057265418110092,0.887947226754,2.4575148969,0.7301777172,0.648359279047,0.239587947707,1.3695296041,1.680062868830
1215,1664.968004486365089,0.888034308477,2.4577559074,0.7301978078,0.648440705334,0.239593603143,1.3694919230,0.910739068255
1216,1665.877640414486223,0.888121237188,2.4579964944,0.7302178603,0.648521989466,0.239599247721,1.3694543155,0.909635928121
1217,1667.241125051711379,0.888251448768,2.4583568727,0.7302478916,0.648643747682,0.239607701086,1.3693979969,1.363484637225
1218,1668.368229327401878,0.888359005862,2.4586545516,0.7302726932,0.648744323700,0.239614682162,1.3693514893,1.127104275690
1219,1669.669728452399113,0.888483114714,2.4589980398,0.7303013059,0.648860378918,0.239622735797,1.3692978391,1.301499124997
1220,1671.047182433303078,0.888614361167,2.4593612822,0.7303315577,0.648983110601,0.239631250566,1.3692411199,1.377453980904
1221,1671.984259333726186,0.888703585829,2.4596082236,0.7303521199,0.649066547901,0.239637037928,1.3692025705,0.937076900423
1222,1672.963370830781059,0.888796759448,2.4598660943,0.7303735890,0.649153679050,0.239643080398,1.3691623234,0.979111497055
1223,1673.687445333905316,0.888865628323,2.4600566983,0.7303894556,0.649218082337,0.239647545986,1.3691325804,0.724074503124
1224,1674.648462097009769,0.888956987480,2.4603095472,0.7304105009,0.649303518481,0.239653468999,1.3690931316,0.961016763104
1225,1676.362486323950407,0.889119801303,2.4607601567,0.7304479984,0.649455779240,0.239664022063,1.3690228492,1.714024226941
1226,1677.691227141526497,0.889245902850,2.4611091599,0.7304770339,0.649573709503,0.239672193347,1.3689684324,1.328740817576
1227,1678.630368091063701,0.889334969957,2.4613556652,0.7304975383,0.649657006291,0.239677963666,1.3689300067,0.939140949537
1228,1680.077946716809493,0.889472159190,2.4617353551,0.7305291152,0.649785309437,0.239686849753,1.3688708351,1.447578625746
1229,1680.504770112847154,0.889512587329,2.4618472455,0.7305384192,0.649823119380,0.239689467949,1.3688534015,0.426823396038
1230,1681.812320174266006,0.889636372838,2.4621898387,0.7305669028,0.649938889558,0.239697483281,1.3688000320,1.307550061419
1231,1683.273289260666843,0.889774568708,2.4625723146,0.7305986955,0.650068139192,0.239706429516,1.3687404674,1.460969086401
1232,1684.171656837064347,0.889859487480,2.4628073389,0.7306182279,0.650147561816,0.239711925663,1.3687038755,0.898367576398
1233,1684.558863252537321,0.889896074446,2.4629085983,0.7306266425,0.650181781055,0.239714293391,1.3686881121,0.387206415473
1234,1686.421121947838174,0.890071921059,2.4633952778,0.7306670783,0.650346250007,0.239725671053,1.3686123677,1.862258695301
1235,1688.080142693176640,0.890228413147,2.4638283909,0.7307030536,0.650492619858,0.239735793289,1.3685449857,1.659020745338
1236,1688.933868509784588,0.890308883460,2.4640511035,0.7307215489,0.650567886335,0.239740997124,1.3685103464,0.853725816608
1237,1689.703154256179687,0.890381359805,2.4642516916,0.7307382048,0.650635676467,0.239745683337,1.3684791536,0.769285746395
1238,1691.051559916892984,0.890508316923,2.4646030628,0.7307673762,0.650754426256,0.239753890666,1.3684245254,1.348405660713
1239,1691.515192892035202,0.890551946205,2.4647238127,0.7307773997,0.650795235509,0.239756710696,1.3684057559,0.463632975142
1240,1693.053020930197135,0.890696574964,2.4651240925,0.7308106217,0.650930517666,0.239766057298,1.3683435494,1.537828038162
1241,1694.017564652607916,0.890787220790,2.4653749672,0.7308314394,0.651015306813,0.239771913978,1.3683045721,0.964543722411
1242,1695.832554474187191,0.890957649936,2.4658466531,0.7308705719,0.651174727119,0.239782922817,1.3682313100,1.814989821579
1243,1696.654997439785575,0.891034818010,2.4660602262,0.7308882869,0.651246911688,0.239787906322,1.3681981473,0.822442965598
1244,1697.342514286563983,0.891099297554,2.4662386822,0.7309030873,0.651307227703,0.239792069851,1.3681704419,0.687516846778
1245,1699.229547187642993,0.891276140936,2.4667281203,0.7309436714,0.651472654647,0.239803486289,1.3680944773,1.887032901079
1246,1699.966817266863927,0.891345180889,2.4669191978,0.7309595122,0.651537238628,0.239807942261,1.3680648289,0.737270079221
1247,1700.820303245006244,0.891425066228,2.4671402913,0.7309778392,0.651611968729,0.239813097499,1.3680305289,0.853485978142
1248,1701.825550997047458,0.891519104903,2.4674005562,0.7309994101,0.651699939795,0.239819165107,1.3679901600,1.005247752041
1249,1702.923249764490492,0.891621728738,2.4676845816,0.7310229465,0.651795943303,0.239825785436,1.3679461155,1.097698767443
1250,1704.291412426679699,0.891749545670,2.4680383324,0.7310522552,0.651915516459,0.239834029212,1.3678912730,1.368162662189
1251,1706.256032431560470,0.891932905688,2.4685458062,0.7310942893,0.652087053788,0.239845851900,1.3678126264,1.964620004881
1252,1706.615665035026041,0.891966447709,2.4686386383,0.7311019772,0.652118433524,0.239848014184,1.3677982432,0.359632603466
1253,1707.912312493324407,0.892087324072,2.4689731801,0.7311296788,0.652231518723,0.239855805349,1.3677464190,1.296647458298
1254,1708.512116178403176,0.892143208067,2.4691278467,0.7311424840,0.652283801273,0.239859406794,1.3677224642,0.599803685079
1255,1709.780842298580410,0.892261351272,2.4694548241,0.7311695514,0.652394331974,0.239867019298,1.3676718321,1.268726120177
1256,1711.137603258592890,0.892387595278,2.4698042216,0.7311984689,0.652512443361,0.239875151917,1.3676177433,1.356760960012
1257,1712.155397654322314,0.892482233402,2.4700661455,0.7312201428,0.652600986168,0.239881247234,1.3675772062,1.017794395729
1258,1713.055341727513223,0.892565866534,2.4702976116,0.7312392935,0.652679233674,0.239886632860,1.3675413901,0.899944073191
1259,1714.717145255494643,0.892720184983,2.4707247089,0.7312746232,0.652823616862,0.239896568121,1.3674753209,1.661803527981
1260,1715.825283039820533,0.892823005814,2.4710092796,0.7312981579,0.652919819518,0.239903186297,1.3674313126,1.108137784326
1261,1716.769983717395007,0.892910609376,2.4712517343,0.7313182065,0.653001785382,0.239908823994,1.3673938255,0.944700677574
1262,1717.974485066158422,0.893022234770,2.4715606728,0.7313437483,0.653106228496,0.239916006274,1.3673460699,1.204501348763
1263,1718.954152498583653,0.893112966313,2.4718117847,0.7313645058,0.653191123229,0.239921843084,1.3673072621,0.979667432425
1264,1719.724469321831066,0.893184272617,2.4720091346,0.7313808170,0.653257843053,0.239926429564,1.3672767685,0.770316823247
1265,1720.498070947586484,0.893255850850,2.4722072371,0.7313971885,0.653324817928,0.239931032922,1.3672461635,0.773601625755
1266,1722.844661739915637,0.893472774700,2.4728076034,0.7314467919,0.653527794671,0.239944980029,1.3671534432,2.346590792329
1267,1723.532822631259933,0.893536333732,2.4729835117,0.7314613224,0.653587268248,0.239949065485,1.3671262846,0.688160891344
1268,1724.733958737658213,0.893647210743,2.4732903790,0.7314866668,0.653691019451,0.239956191292,1.3670789167,1.201136106398
1269,1725.638628019973794,0.893730669899,2.4735213635,0.7315057409,0.653769115853,0.239961554046,1.3670432699,0.904669282316
1270,1726.605700739885378,0.893819837636,2.4737681474,0.7315261168,0.653852554949,0.239967282687,1.3670051923,0.967072719912
1271,1728.166506760965376,0.893963644519,2.4741661525,0.7315589721,0.653987124867,0.239976519651,1.3669437983,1.560806021080
1272,1728.644486480372052,0.894007657822,2.4742879653,0.7315690262,0.654028311616,0.239979346206,1.3669250122,0.477979719407
1273,1730.023872544779124,0.894134606173,2.4746393122,0.7315980212,0.654147108582,0.239987497590,1.3668708375,1.379386064407
1274,1731.014193761857086,0.894225685507,2.4748913867,0.7316188200,0.654232340879,0.239993344627,1.3668319795,0.990321217078
1275,1732.430169859256921,0.894355821628,2.4752515561,0.7316485324,0.654354124350,0.240001697278,1.3667764722,1.415976097400
1276,1733.840825021429964,0.894485363003,2.4756100795,0.7316781027,0.654475353260,0.240010009742,1.3667212349,1.410655162173
1277,1735.175466021101101,0.894607826955,2.4759490152,0.7317060515,0.654589960741,0.240017866214,1.3666690304,1.334640999671
1278,1735.624715342870559,0.894649027973,2.4760630446,0.7317154532,0.654628518979,0.240020508994,1.3666514703,0.449249321769
1279,1736.305662733238023,0.894711457880,2.4762358279,0.7317296979,0.654686944796,0.240024513084,1.3666248655,0.680947390367
1280,1737.893884786928538,0.894856972497,2.4766385594,0.7317628944,0.654823128297,0.240033844199,1.3665628684,1.588222053691
1281,1738.783237588816064,0.894938397888,2.4768639153,0.7317814667,0.654899333395,0.240039064493,1.3665281857,0.889352801888
1282,1740.169115680140521,0.895065200062,2.4772148575,0.7318103839,0.655018007684,0.240047192378,1.3664741878,1.385878091324
1283,1741.779167808727152,0.895212386494,2.4776222160,0.7318439422,0.655155762030,0.240056624464,1.3664115289,1.610052128587
1284,1742.467680720782027,0.895275286880,2.4777963014,0.7318582809,0.655214632386,0.240060654494,1.3663847580,0.688512912055
1285,1743.426436858721672,0.895362834451,2.4780386013,0.7318782357,0.655296571568,0.240066262884,1.3663475033,0.958756137940
1286,1744.721511937699688,0.895481016141,2.4783656852,0.7319051683,0.655407183864,0.240073832277,1.3662972244,1.295075078978
1287,1746.097498595632715,0.895606485316,2.4787129382,0.7319337560,0.655524618715,0.240081866601,1.3662438599,1.375986657933
1288,1746.595456627128215,0.895651867194,2.4788385387,0.7319440947,0.655567095061,0.240084772133,1.3662245618,0.497958031496
1289,1747.781695527752390,0.895759924100,2.4791376009,0.7319687084,0.655668234714,0.240091689386,1.3661786200,1.186238900624
1290,1748.563987381080324,0.895831144528,2.4793347132,0.7319849290,0.655734896733,0.240096247794,1.3661483459,0.782291853328
1291,1750.822818489839165,0.896036611489,2.4799033710,0.7320317138,0.655927216329,0.240109395160,1.3660610342,2.258831108759
1292,1751.617794946251024,0.896108860785,2.4801033307,0.7320481612,0.655994843752,0.240114017033,1.3660303420,0.794976456412
1293,1752.511511140666016,0.896190044635,2.4803280181,0.7320666402,0.656070834915,0.240119209719,1.3659958604,0.893716194415
1294,1753.661355243139496,0.896294433885,2.4806169296,0.7320903975,0.656168548369,0.240125885517,1.3659515320,1.149844102473
1295,1754.763369874252930,0.896394416696,2.4808936456,0.7321131482,0.656262138394,0.240132278301,1.3659090846,1.102014631113
1296,1755.169694068142690,0.896431265549,2.4809956298,0.7321215320,0.656296631475,0.240134634074,1.3658934429,0.406324193890
1297,1757.046518460723064,0.896601360947,2.4814663920,0.7321602255,0.656455854650,0.240145506297,1.3658212576,1.876824392580
1298,1757.984077032818277,0.896686263244,2.4817013707,0.7321795352,0.656535331417,0.240150931826,1.3657852370,0.937558572095
1299,1759.240085646681791,0.896799932421,2.4820159656,0.7322053831,0.656641738111,0.240158194310,1.3657370227,1.256008613864
1300,1760.215166242762280,0.896888121580,2.4822600411,0.7322254337,0.656724293800,0.240163827781,1.3656996247,0.975080596080
1301,1761.854899938728067,0.897036313829,2.4826701834,0.7322591199,0.656863021698,0.240173292131,1.3656367982,1.639733695966
1302,1762.497688870660568,0.897094368768,2.4828308583,0.7322723144,0.656917369649,0.240176999119,1.3656121915,0.642788931933
1303,1763.719121496287016,0.897204626905,2.4831360127,0.7322973699,0.657020588564,0.240184038341,1.3655654671,1.221432625626
1304,1764.591476849092032,0.897283327272,2.4833538267,0.7323152513,0.657094265339,0.240189061933,1.3655321232,0.872355352805
1305,1765.400493991783833,0.897356278758,2.4835557299,0.7323318245,0.657162560851,0.240193717907,1.3655012203,0.809017142692
1306,1766.676243599477857,0.897471249003,2.4838739257,0.7323579395,0.657270194647,0.240201054356,1.3654525282,1.275749607694
1307,1768.295971136341450,0.897617098898,2.4842775852,0.7323910615,0.657406739866,0.240210359031,1.3653907763,1.619727536864
1308,1769.940952051635804,0.897765086084,2.4846871599,0.7324246607,0.657545288606,0.240219797478,1.3653281403,1.644980915294
1309,1770.243677312197406,0.897792305128,2.4847624923,0.7324308397,0.657570771935,0.240221533193,1.3653166221,0.302725260562
1310,1771.212944983546549,0.897879423939,2.4850036054,0.7324506146,0.657652335908,0.240227088032,1.3652797609,0.969267671349
1311,1772.328000363591400,0.897979587354,2.4852808213,0.7324733470,0.657746113851,0.240233473503,1.3652373894,1.115055380045
1312,1773.894915510703413,0.898120234072,2.4856700803,0.7325052608,0.657877796273,0.240242437799,1.3651779087,1.566915147112
1313,1774.660430990023542,0.898188901777,2.4858601275,0.7325208393,0.657942088206,0.240246813571,1.3651488754,0.765515479320
1314,1775.341987573747247,0.898250013341,2.4860292621,0.7325347021,0.657999305975,0.240250707366,1.3651230407,0.681556583724
1315,1777.255860224058097,0.898421494795,2.4865038604,0.7325735943,0.658159863649,0.240261631145,1.3650505666,1.913872650311
1316,1778.041734762249234,0.898491855048,2.4866985920,0.7325895489,0.658225742793,0.240266112255,1.3650208380,0.785874538191
1317,1779.552270809178935,0.898627007790,2.4870726456,0.7326201904,0.658352289561,0.240274718229,1.3649637467,1.510536046930
1318,1780.665228492998722,0.898726514477,2.4873480439,0.7326427460,0.658445461449,0.240281053027,1.3649217241,1.112957683820
1319,1781.355637722819665,0.898788210939,2.4875187972,0.7326567291,0.658503230778,0.240284980161,1.3648956739,0.690409229821
1320,1782.439067320020285,0.898884980363,2.4877866198,0.7326786584,0.658593841494,0.240291138869,1.3648548221,1.083429597201
1321,1783.084829519946425,0.898942630375,2.4879461741,0.7326917211,0.658647823006,0.240294807369,1.3648304890,0.645762199926
1322,1784.607946396612761,0.899078523015,2.4883222755,0.7327225075,0.658775069810,0.240303453205,1.3647731437,1.523116876666
1323,1786.342201179342510,0.899233112259,2.4887501223,0.7327575212,0.658919826347,0.240313285912,1.3647079300,1.734254782730
1324,1787.049273086816356,0.899296096677,2.4889244402,0.7327717844,0.658978805427,0.240317291250,1.3646813665,0.707071907474
1325,1788.215123479632894,0.899399893677,2.4892117125,0.7327952865,0.659076002736,0.240323890941,1.3646375986,1.165850392817
1326,1789.242179963684748,0.899491277645,2.4894646301,0.7328159747,0.659161577320,0.240329700325,1.3645990734,1.027056484052
1327,1790.449562369783507,0.899598639339,2.4897617682,0.7328402760,0.659262115168,0.240336524171,1.3645538226,1.207382406099
1328,1791.254409818795466,0.899670166999,2.4899597308,0.7328564640,0.659329097328,0.240341069671,1.3645236812,0.804847449012
1329,1792.616102735198183,0.899791108963,2.4902944541,0.7328838309,0.659442354942,0.240348754021,1.3644727279,1.361692916403
1330,1793.525390652409442,0.899871818366,2.4905178284,0.7329020909,0.659517937232,0.240353881134,1.3644387325,0.909287917211
1331,1794.178482007255525,0.899929762233,2.4906781959,0.7329151989,0.659572200655,0.240357561579,1.3644143300,0.653091354846
1332,1796.465140537430898,0.900132474112,2.4912392287,0.7329610462,0.659762039914,0.240370434198,1.3643289848,2.286658530175
1333,1797.376335671136758,0.900213179516,2.4914625919,0.7329792950,0.659837621707,0.240375557808,1.3642950173,0.911195133706
1334,1798.147067458075753,0.900281412016,2.4916514346,0.7329947217,0.659901523043,0.240379888973,1.3642663043,0.770731786939
1335,1799.231647209737503,0.900377379801,2.4919170385,0.7330164161,0.659991400051,0.240385979750,1.3642259274,1.084579751662
1336,1800.024724019739097,0.900447517676,2.4921111547,0.7330322692,0.660057087180,0.240390430496,1.3641964236,0.793076810002
1337,1801.309636945288048,0.900561086832,2.4924254728,0.7330579352,0.660163450795,0.240397636037,1.3641486601,1.284912925549
1338,1802.301283491450477,0.900648679781,2.4926678982,0.7330777274,0.660245487334,0.240403192447,1.3641118297,0.991646546162
1339,1803.796843813365967,0.900780692734,2.4930332620,0.7331075512,0.660369127826,0.240411564908,1.3640563357,1.495560321915
1340,1804.904160974811930,0.900878365002,2.4933035833,0.7331296128,0.660460606891,0.240417758111,1.3640152881,1.107317161446
1341,1806.289667019497756,0.901000490901,2.4936415834,0.7331571928,0.660574990610,0.240425500290,1.3639639764,1.385506044686
1342,1806.578391750963874,0.901025928845,2.4937119864,0.7331629368,0.660598816135,0.240427112710,1.3639532903,0.288724731466
1343,1808.714431865474808,0.901213997364,2.4942324916,0.7332053962,0.660774966031,0.240439031332,1.3638743047,2.136040114511
1344,1809.119273788287273,0.901249616797,2.4943310732,0.7332134364,0.660808328593,0.240441288204,1.3638593489,0.404841922812
1345,1810.108892987985882,0.901336653471,2.4945719591,0.7332330807,0.660889851192,0.240446802280,1.3638228093,0.989619199699
1346,1810.873719158854783,0.901403887082,2.4947580373,0.7332482535,0.660952825929,0.240451061153,1.3637945882,0.764826170869
1347,1812.420077002105472,0.901539736132,2.4951340180,0.7332789059,0.661080071322,0.240459664810,1.3637375792,1.546357843251
1348,1814.024140347615457,0.901680532246,2.4955236904,0.7333106673,0.661211952757,0.240468579488,1.3636785126,1.604063345510
1349,1814.973082363495905,0.901763766708,2.4957540531,0.7333294402,0.661289918222,0.240473848486,1.3636436030,0.948942015880
1350,1816.338611219674704,0.901883464875,2.4960853341,0.7333564327,0.661402040553,0.240481424322,1.3635934115,1.365528856179
1351,1816.758023365350937,0.901920211223,2.4961870346,0.7333647182,0.661436461520,0.240483749704,1.3635780059,0.419412145676
1352,1817.710608563342475,0.902003639455,2.4964179336,0.7333835274,0.661514610836,0.240489028619,1.3635430339,0.952585197992
1353,1819.260334099488318,0.902139272375,2.4967933162,0.7334141009,0.661641663335,0.240497609040,1.3634861926,1.549725536146
1354,1820.187882186811294,0.902220396687,2.4970178388,0.7334323842,0.661717656586,0.240502740102,1.3634522031,0.927548087323
1355,1821.305708365203827,0.902318108004,2.4972882682,0.7334544025,0.661809188748,0.240508919256,1.3634112722,1.117826178393
1356,1822.427671440302674,0.902416120651,2.4975595315,0.7334764851,0.661901004308,0.240515116342,1.3633702242,1.121963075099
1357,1823.766265895773358,0.902532978907,2.4978829527,0.7335028092,0.662010475391,0.240522503516,1.3633212954,1.338594455471
1358,1825.213676893013371,0.902659240290,2.4982323983,0.7335312457,0.662128756982,0.240530483308,1.3632684440,1.447410997240
1359,1825.915683614928412,0.902720442089,2.4984017826,0.7335450274,0.662186091463,0.240534350625,1.3632428312,0.702006721915
1360,1826.795455271492756,0.902797108436,2.4986139671,0.7335622896,0.662257913914,0.240539194522,1.3632107514,0.879771656564
1361,1828.211270499973125,0.902920409989,2.4989552210,0.7335900476,0.662373426530,0.240546983459,1.3631591695,1.415815228480
1362,1828.621091758031071,0.902956082983,2.4990539508,0.7335980773,0.662406846400,0.240549236584,1.3631442487,0.409821258058
1363,1829.832529709939763,0.903061486176,2.4993456685,0.7336218002,0.662505593142,0.240555893033,1.3631001693,1.211437951909
1364,1831.936379901815144,0.903244369478,2.4998518230,0.7336629515,0.662676930035,0.240567439443,1.3630237127,2.103850191875
1365,1832.984940243731444,0.903335440227,2.5001038737,0.7336834391,0.662762252456,0.240573187771,1.3629856512,1.048560341916
1366,1833.273239032730316,0.903360470749,2.5001731491,0.7336890695,0.662785703237,0.240574767512,1.3629751914,0.288298788999
1367,1834.721559748608570,0.903486156540,2.5005210016,0.7337173381,0.662903457780,0.240582698760,1.3629226789,1.448320715878
1368,1835.883754437692460,0.903586940481,2.5007999349,0.7337400017,0.662997883208,0.240589057273,1.3628805813,1.162194689084
1369,1836.827672515957602,0.903668748831,2.5010263506,0.7337583954,0.663074531098,0.240594217733,1.3628464169,0.943918078265
1370,1838.086943305644581,0.903777823027,2.5013282283,0.7337829157,0.663176726124,0.240601096903,1.3628008756,1.259270789687
1371,1838.640288707650825,0.903825728488,2.5014608132,0.7337936837,0.663221610688,0.240604117800,1.3627808773,0.553345402006
1372,1840.195563473357424,0.903960298060,2.5018332528,0.7338239270,0.663347695796,0.240612602264,1.3627247125,1.555274765707
1373,1841.478582570643312,0.904071225226,2.5021402589,0.7338488520,0.663451630716,0.240619594510,1.3626784280,1.283019097286
1374,1842.875955278667334,0.904191951275,2.5024743847,0.7338759735,0.663564748483,0.240627202792,1.3626280681,1.397372708024
1375,1843.771057743069150,0.904269235585,2.5026882795,0.7338933329,0.663637163147,0.240632072438,1.3625958367,0.895102464402
1376,1844.759043650095919,0.904354496022,2.5029242494,0.7339124813,0.663717052175,0.240637443847,1.3625602854,0.987985907027
1377,1845.417534146424487,0.904411296566,2.5030814526,0.7339252365,0.663770274754,0.240641021812,1.3625366049,0.658490496329
1378,1846.353253420516467,0.904491975655,2.5033047430,0.7339433519,0.663845872374,0.240646103281,1.3625029744,0.935719274092
1379,1848.330980622383777,0.904662363742,2.5037763152,0.7339816023,0.664005531279,0.240656832463,1.3624319695,1.977727201867
1380,1848.722760910890884,0.904696095343,2.5038696720,0.7339891734,0.664037139233,0.240658956110,1.3624179159,0.391780288507
1381,1850.601184047651486,0.904857725066,2.5043170043,0.7340254458,0.664188595042,0.240669130024,1.3623505911,1.878423136761
1382,1851.400361994589730,0.904926440933,2.5045071848,0.7340408639,0.664252986455,0.240673454478,1.3623219758,0.799177946938
1383,1852.342204733386325,0.905007385506,2.5047312100,0.7340590235,0.664328837697,0.240678547809,1.3622882737,0.941842738797
1384,1853.519342920989402,0.905108494177,2.5050110420,0.7340817036,0.664423585310,0.240684908867,1.3622461848,1.177138187603
1385,1854.855632115986737,0.905223195113,2.5053284925,0.7341074280,0.664531071497,0.240692123616,1.3621984493,1.336289194997
1386,1855.592934937055361,0.905286446436,2.5055035491,0.7341216115,0.664590344933,0.240696101502,1.3621721311,0.737302821069
1387,1856.389179153523855,0.905354725970,2.5056925220,0.7341369209,0.664654330879,0.240700395091,1.3621437248,0.796244216468
1388,1857.498074814880283,0.905449767213,2.5059555616,0.7341582279,0.664743396592,0.240706370621,1.3621041922,1.108895661356
1389,1859.495271568794351,0.905620799947,2.5064289180,0.7341965629,0.664903678627,0.240717121319,1.3620330719,1.997196753914
1390,1860.541388109336822,0.905710312303,2.5066766556,0.7342166218,0.664987565812,0.240722746491,1.3619958611,1.046116540542
1391,1861.379671547232874,0.905782004825,2.5068750745,0.7342326853,0.665054753676,0.240727251150,1.3619660634,0.838283437896
1392,1862.121464928944306,0.905845418307,2.5070505799,0.7342468922,0.665114183194,0.240731235113,1.3619397108,0.741793381711
1393,1863.425464845096485,0.905956831769,2.5073589318,0.7342718493,0.665218598216,0.240738233553,1.3618934200,1.303999916152
1394,1864.353981335746312,0.906036116498,2.5075783631,0.7342896066,0.665292903551,0.240743212948,1.3618604853,0.928516490650
1395,1865.367433794057888,0.906122608734,2.5078177422,0.7343089756,0.665373964565,0.240748644170,1.3618245633,1.013452458312
1396,1866.836547018608144,0.906247905554,2.5081645182,0.7343370295,0.665491394994,0.240756510559,1.3617725374,1.469113224550
1397,1868.085190998609278,0.906354321636,2.5084590392,0.7343608516,0.665591131489,0.240763190146,1.3617283626,1.248643980001
1398,1868.706745684408133,0.906407267319,2.5086055736,0.7343727024,0.665640754336,0.240766512983,1.3617063880,0.621554685799
1399,1870.421471768310766,0.906553240998,2.5090095756,0.7344053701,0.665777568488,0.240775672511,1.3616458167,1.714726083903
1400,1871.416043098407044,0.906637846995,2.5092437342,0.7344243007,0.665856866775,0.240780980220,1.3616107188,0.994571330096
1401,1872.441566428192800,0.906725038939,2.5094850498,0.7344438072,0.665938589650,0.240786449289,1.3615745551,1.025523329786
1402,1872.865667637967590,0.906761082874,2.5095848063,0.7344518701,0.665972373005,0.240788709868,1.3615596076,0.424101209775
1403,1874.508361412660179,0.906900616771,2.5099709854,0.7344830788,0.666103157129,0.240797459642,1.3615017540,1.642693774693
1404,1874.913774010039560,0.906935034565,2.5100662413,0.7344907757,0.666135417027,0.240799617537,1.3614874865,0.405412597379
1405,1877.095064167339842,0.907120089113,2.5105784050,0.7345321524,0.666308871548,0.240811217564,1.3614107929,2.181290157300
1406,1878.022251482753518,0.907198683966,2.5107959269,0.7345497218,0.666382540933,0.240816143033,1.3613782298,0.927187315414
1407,1879.153303090461350,0.907294507255,2.5110611309,0.7345711395,0.666472360031,0.240822147224,1.3613385365,1.131051607708
1408,1880.082325418994287,0.907373171385,2.5112788446,0.7345887193,0.666546095939,0.240827075446,1.3613059576,0.929022328533
1409,1880.611766479656808,0.907417983943,2.5114028695,0.7345987331,0.666588101360,0.240829882583,1.3612874009,0.529441060663
1410,1882.321974797384655,0.907562651984,2.5118032580,0.7346310552,0.666723708727,0.240838943258,1.3612275071,1.710208317728
1411,1883.408724269518416,0.907654512804,2.5120574953,0.7346515751,0.666809817487,0.240844695317,1.3611894861,1.086749472134
1412,1884.005778349667253,0.907704958068,2.5121971095,0.7346628423,0.666857104429,0.240847853639,1.3611686102,0.597054080149
1413,1885.198075130258076,0.907805647731,2.5124757818,0.7346853289,0.666951490904,0.240854156827,1.3611269487,1.192296780591
1414,1887.053894806890185,0.907962245382,2.5129091872,0.7347202940,0.667098287848,0.240863957534,1.3610621732,1.855819676632
1415,1887.808841416832138,0.908025905173,2.5130853743,0.7347345054,0.667157964283,0.240867940890,1.3610358473,0.754946609942
1416,1888.938182636579540,0.908121087742,2.5133488050,0.7347557511,0.667247191910,0.240873895832,1.3609964924,1.129341219747
1417,1890.348128614244615,0.908239840260,2.5136774688,0.7347822533,0.667358516337,0.240881323923,1.3609474039,1.409945977665
1418,1890.612128587933285,0.908262065778,2.5137389809,0.7347872128,0.667379351807,0.240882713971,1.3609382180,0.263999973689
1419,1891.678510539728677,0.908351810317,2.5139873612,0.7348072371,0.667463484044,0.240888326273,1.3609011310,1.066381951795
1420,1892.867701335791025,0.908451830551,2.5142641808,0.7348295507,0.667557250467,0.240894580084,1.3608598063,1.189190796062
1421,1894.558537572429714,0.908593934949,2.5146574741,0.7348612466,0.667690471708,0.240903463241,1.3608011099,1.690836236639
1422,1895.697155653584559,0.908689557364,2.5149221221,0.7348825708,0.667780117934,0.240909439430,1.3607616234,1.138618081155
1423,1896.585494347168833,0.908764121161,2.5151284876,0.7348991964,0.667850022392,0.240914098769,1.3607308388,0.888338693584
1424,1897.513692859711909,0.908841993339,2.5153440095,0.7349165576,0.667923029181,0.240918964158,1.3606986938,0.928198512543
1425,1898.829372818679531,0.908952308437,2.5156493215,0.7349411480,0.668026453079,0.240925855357,1.3606531661,1.315679958968
1426,1900.006144829143977,0.909050911857,2.5159222199,0.7349631240,0.668118898097,0.240932013760,1.3606124815,1.176772010464
1427,1900.571884272414763,0.909098294244,2.5160533571,0.7349736830,0.668163321555,0.240934972689,1.3605929343,0.565739443271
1428,1901.891305750600168,0.909208744996,2.5163590446,0.7349982934,0.668266875897,0.240941869099,1.3605473768,1.319421478185
1429,1902.805059206679971,0.909285191770,2.5165706215,0.7350153245,0.668338550251,0.240946641519,1.3605158515,0.913753456080
1430,1904.089325323351659,0.909392574475,2.5168678178,0.7350392440,0.668439230404,0.240953344071,1.3604715778,1.284266116672
1431,1906.102756198181851,0.909560779909,2.5173333492,0.7350767033,0.668596939556,0.240963840353,1.3604022485,2.013430874830
1432,1906.597678003766305,0.909602099312,2.5174477063,0.7350859036,0.668635681062,0.240966418250,1.3603852218,0.494921805584
1433,1907.332780123909970,0.909663450791,2.5176175049,0.7350995631,0.668693205215,0.240970245576,1.3603599434,0.735102120144
1434,1908.433063045051767,0.909755236020,2.5178715330,0.7351199959,0.668779265360,0.240975970660,1.3603221319,1.100282921142
1435,1909.465930025982288,0.909841349293,2.5181098632,0.7351391633,0.668860008217,0.240981341076,1.3602866640,1.032866980931
1436,1910.733659615891611,0.909946980129,2.5184022109,0.7351626712,0.668959052597,0.240987927532,1.3602431667,1.267729589909
1437,1911.704690943172182,0.910027841833,2.5186260067,0.7351806642,0.669034873155,0.240992968678,1.3602098760,0.971031327281
1438,1913.182489775883141,0.910150825330,2.5189663803,0.7352080252,0.669150190957,0.241000634373,1.3601592552,1.477798832711
1439,1914.352300051674092,0.910248110452,2.5192356301,0.7352296651,0.669241413422,0.241006697030,1.3601192218,1.169810275791
1440,1915.054629333347293,0.910306489820,2.5193972030,0.7352426492,0.669296155201,0.241010334619,1.3600952026,0.702329281673
1441,1916.606371839519397,0.910435398668,2.5197539757,0.7352713154,0.669417033191,0.241018365477,1.3600421763,1.551742506172
1442,1917.344704041566274,0.910496697949,2.5199236299,0.7352849448,0.669474514273,0.241022183676,1.3600169663,0.738332202047
1443,1918.786498909856846,0.910616333477,2.5202547375,0.7353115408,0.669586699208,0.241029634269,1.3599677750,1.441794868291
1444,1919.207778397805214,0.910651272931,2.5203514372,0.7353193071,0.669619463033,0.241031809898,1.3599534112,0.421279487948
1445,1919.937457371217306,0.910711771823,2.5205188761,0.7353327538,0.669676195078,0.241035576746,1.3599285424,0.729678973412
1446,1922.101625621993662,0.910891071463,2.5210151123,0.7353725977,0.669844333436,0.241046738027,1.3598548588,2.164168250776
1447,1923.280837936417356,0.910988683327,2.5212852664,0.7353942841,0.669935870577,0.241052812749,1.3598147574,1.179212314424
1448,1924.055831101440845,0.911052802485,2.5214627249,0.7354085275,0.669995999974,0.241056802511,1.3597884204,0.774993165023
1449,1925.231987975406582,0.911150062651,2.5217319057,0.7354301301,0.670087209107,0.241062853544,1.3597484779,1.176156873966
1450,1926.211583079894126,0.911231023155,2.5219559749,0.7354481097,0.670163133487,0.241067889668,1.3597152359,0.979595104488
1451,1926.820092794871471,0.911281293871,2.5220951059,0.7354592726,0.670210277506,0.241071016365,1.3596945980,0.608509714977
1452,1928.417518549519400,0.911413186244,2.5224601360,0.7354885556,0.670333967921,0.241079218323,1.3596404626,1.597425754648
1453,1929.487560180576565,0.911501473756,2.5227044838,0.7355081539,0.670416766233,0.241084707523,1.3596042338,1.070041631057
1454,1930.258387180387217,0.911565043188,2.5228804208,0.7355222634,0.670476383843,0.241088659345,1.3595781524,0.770826999811
1455,1931.760069436524645,0.911688812750,2.5232229699,0.7355497305,0.670592460543,0.241096352207,1.3595273827,1.501682256137
1456,1932.875754549946805,0.911780705913,2.5234772968,0.7355701200,0.670678643247,0.241102062666,1.3594896976,1.115685113422
1457,1934.416436369151825,0.911907516678,2.5238282629,0.7355982520,0.670797575277,0.241109941401,1.3594377056,1.540681819205
1458,1934.907943434365734,0.911947950496,2.5239401690,0.7356072208,0.670835497335,0.241112453161,1.3594211310,0.491507065214
1459,1935.924848803745590,0.912031573597,2.5241716073,0.7356257675,0.670913926337,0.241117647259,1.3593868569,1.016905369380
1460,1936.873093814278946,0.912109510988,2.5243873096,0.7356430510,0.670987023508,0.241122487480,1.3593549190,0.948245010533
1461,1937.968633498019926,0.912199507211,2.5246363864,0.7356630059,0.671071431474,0.241128075737,1.3593180464,1.095539683741
1462,1939.050029150544106,0.912288291652,2.5248821095,0.7356826893,0.671154703810,0.241133587843,1.3592816775,1.081395652524
1463,1940.977326705859923,0.912446403403,2.5253197053,0.7357177354,0.671303001559,0.241143401844,1.3592169278,1.927297555316
1464,1941.822862215780333,0.912515719953,2.5255115483,0.7357330968,0.671368016530,0.241147703423,1.3591885486,0.845535509920
1465,1942.633568692246172,0.912582152901,2.5256954105,0.7357478176,0.671430327361,0.241151825540,1.3591613541,0.810706476466
1466,1943.367947449252824,0.912642307283,2.5258618959,0.7357611457,0.671486749642,0.241155557641,1.3591367332,0.734378757007
1467,1945.153796306367894,0.912788494812,2.5262664898,0.7357935304,0.671623869119,0.241164625694,1.3590769131,1.785848857115
1468,1945.922716949483402,0.912851396440,2.5264405787,0.7358074625,0.671682869692,0.241168526748,1.3590511797,0.768920643116
1469,1946.609945361877408,0.912907594196,2.5265961136,0.7358199086,0.671735582538,0.241172011658,1.3590281919,0.687228412394
1470,1947.917047737703570,0.913014427099,2.5268917882,0.7358435657,0.671835791561,0.241178635537,1.3589844997,1.307102375826
1471,1949.030030073606440,0.913105337569,2.5271433953,0.7358636937,0.671921066404,0.241184271165,1.3589473276,1.112982335903
1472,1950.743201552863184,0.913245171200,2.5275304039,0.7358946476,0.672052233454,0.241192937746,1.3588901662,1.713171479257
1473,1951.536695873054896,0.913309896719,2.5277095406,0.7359089731,0.672112948183,0.241196948536,1.3588637136,0.793494320192
1474,1952.850129211865806,0.913416975974,2.5280058971,0.7359326692,0.672213393198,0.241203582776,1.3588199599,1.313433338811
1475,1953.448556325135769,0.913465739595,2.5281408570,0.7359434590,0.672259136036,0.241206603559,1.3588000380,0.598427113270
1476,1954.418588175214154,0.913544752192,2.5283595351,0.7359609400,0.672333254578,0.241211497614,1.3587677628,0.970031850078
1477,1955.315809283718409,0.913617799189,2.5285617027,0.7359770992,0.672401777663,0.241216021526,1.3587379295,0.897221108504
1478,1956.848164578215574,0.913742477977,2.5289067682,0.7360046758,0.672518736308,0.241223741669,1.3586870204,1.532355294497
1479,1958.314403555120407,0.913861685896,2.5292366923,0.7360310372,0.672630564497,0.241231121400,1.3586383583,1.466238976905
1480,1958.851883463194781,0.913905361645,2.5293575709,0.7360406942,0.672671536843,0.241233824802,1.3586205326,0.537479908074
1481,1960.418845269381791,0.914032624979,2.5297097895,0.7360688293,0.672790924183,0.241241700796,1.3585686015,1.566961806187
1482,1961.359277880014361,0.914108954897,2.5299210430,0.7360857013,0.672862531127,0.241246423770,1.3585374614,0.940432610633
1483,1962.233571848579686,0.914179883872,2.5301173486,0.7361013776,0.672929071909,0.241250811963,1.3585085294,0.874293968565
1484,1963.621184573202072,0.914292392076,2.5304287304,0.7361262398,0.673034620694,0.241257771381,1.3584626466,1.387612724622
1485,1964.357390938095705,0.914352051710,2.5305938465,0.7361394217,0.673090590548,0.241261461162,1.3584383210,0.736206364894
1486,1965.377829505103819,0.914434707582,2.5308226079,0.7361576824,0.673168135055,0.241266572527,1.3584046243,1.020438567008
1487,1966.117658574074540,0.914494607158,2.5309883881,0.7361709142,0.673224330979,0.241270276178,1.3583802086,0.739829068971
1488,1968.471602019420516,0.914685042171,2.5315154430,0.7362129726,0.673402993914,0.241282048257,1.3583026070,2.353943445346
1489,1969.047617546527817,0.914731607389,2.5316443186,0.7362232548,0.673446681247,0.241284926142,1.3582836368,0.576015527107
1490,1970.305009517033795,0.914833207917,2.5319255119,0.7362456867,0.673542003380,0.241291204537,1.3582422526,1.257391970506
1491,1970.855547579946005,0.914877672411,2.5320485734,0.7362555027,0.673583720564,0.241293951847,1.3582241442,0.550538062912
1492,1971.970312804811329,0.914967668980,2.5322976512,0.7362753681,0.673668157238,0.241299511742,1.3581874980,1.114765224865
1493,1973.182663405938683,0.915065486022,2.5325683732,0.7362969564,0.673759932286,0.241305553736,1.3581476757,1.212350601127
1494,1974.347201910120020,0.915159388828,2.5328282620,0.7363176777,0.673848035896,0.241311352932,1.3581094551,1.164538504181
1495,1975.080610302266905,0.915218498946,2.5329918573,0.7363307197,0.673903496038,0.241315002908,1.3580854000,0.733408392147
1496,1977.173943698039920,0.915387093546,2.5334584658,0.7363679115,0.674061682310,0.241325411237,1.3580168070,2.093333395773
1497,1977.271446199746606,0.915394941931,2.5334801873,0.7363696426,0.674069046247,0.241325895685,1.3580136145,0.097502501707
1498,1978.801448167731451,0.915518047544,2.5338208988,0.7363967928,0.674184553977,0.241333493567,1.3579635460,1.530001967985
1499,1980.371772287051272,0.915644298579,2.5341703158,0.7364246311,0.674303014784,0.241341283795,1.3579122123,1.570324119320
1500,1980.910043091024136,0.915687551477,2.5342900240,0.7364341670,0.674343599209,0.241343952269,1.3578946290,0.538270803973
1501,1981.748768897263517,0.915754924101,2.5344764870,0.7364490192,0.674406815723,0.241348108378,1.3578672439,0.838725806239
1502,1982.663279195276573,0.915828351805,2.5346797081,0.7364652045,0.674475714375,0.241352637430,1.3578374021,0.914510298013
1503,1983.923804622260604,0.915929506200,2.5349596667,0.7364874982,0.674570630525,0.241358875676,1.3577963000,1.260525426984
1504,1985.416540174526745,0.916049211860,2.5352909684,0.7365138757,0.674682955369,0.241366256491,1.3577476718,1.492735552266
1505,1986.757107716415248,0.916156638160,2.5355882853,0.7365375431,0.674783759356,0.241372878804,1.3577040429,1.340567541889
1506,1987.873473360724347,0.916246042754,2.5358357247,0.7365572369,0.674867653584,0.241378389170,1.3576677411,1.116365644309
1507,1988.251876807355757,0.916276335953,2.5359195653,0.7365639092,0.674896079896,0.241380256057,1.3576554424,0.378403446631
1508,1989.702002708021610,0.916392372852,2.5362407132,0.7365894640,0.675004966719,0.241387406133,1.3576083407,1.450125900666
1509,1990.478352526426988,0.916454460447,2.5364125491,0.7366031356,0.675063229165,0.241391231282,1.3575831431,0.776349818405
1510,1992.001706393527911,0.916576218400,2.5367495308,0.7366299424,0.675177487009,0.241398731391,1.3575337390,1.523353867101
1511,1992.784987875157640,0.916638787932,2.5369227005,0.7366437160,0.675236203003,0.241402584929,1.3575083561,0.783281481630
1512,1993.577493138260024,0.916702069248,2.5370978402,0.7366576449,0.675295587394,0.241406481855,1.3574826881,0.792505263102
1513,1995.168739611888441,0.916829053890,2.5374492875,0.7366855912,0.675414753562,0.241414300328,1.3574311918,1.591246473628
1514,1996.796176966188114,0.916958821921,2.5378084382,0.7367141441,0.675536533628,0.241422288293,1.3573785817,1.627437354300
1515,1997.390914059611532,0.917006218474,2.5379396146,0.7367245712,0.675581013125,0.241425205348,1.3573593702,0.594737093423
1516,1998.279006925984731,0.917076967247,2.5381354214,0.7367401344,0.675647408086,0.241429559160,1.3573306969,0.888092866373
1517,1999.545764176267539,0.917177827437,2.5384145657,0.7367623183,0.675742062414,0.241435765023,1.3572898277,1.266757250283
1518,2000.434515302432146,0.917248552355,2.5386103066,0.7367778718,0.675808436358,0.241440115997,1.3572611749,0.888751126165
1519,2000.929620689184503,0.917287938158,2.5387193122,0.7367865327,0.675845399404,0.241442538754,1.3572452205,0.495105386752
1520,2002.896408374361727,0.917444300600,2.5391520665,0.7368209108,0.675992145178,0.241452155422,1.3571818950,1.966787685177
1521,2004.139669233270070,0.917543062434,2.5394254034,0.7368426203,0.676084834343,0.241458228092,1.3571419086,1.243260858908
1522,2005.077848124098864,0.917617548695,2.5396315542,0.7368589913,0.676154741318,0.241462807377,1.3571117566,0.938178890829
1523,2005.900934885785773,0.917682868576,2.5398123359,0.7368733460,0.676216045962,0.241466822614,1.3570853192,0.823086761687
1524,2007.125180170301064,0.917779974695,2.5400810903,0.7368946833,0.676307183820,0.241472790874,1.3570460238,1.224245284515
1525,2008.418240330262279,0.917882474856,2.5403647735,0.7369172022,0.676403385350,0.241479089506,1.3570045549,1.293060159961
1526,2009.176634122949508,0.917942561612,2.5405310717,0.7369304013,0.676459780328,0.241482781284,1.3569802497,0.758393792687
1527,2010.153324767559297,0.918019910398,2.5407451450,0.7369473904,0.676532377341,0.241487533057,1.3569489667,0.976690644610
1528,2011.020705073650106,0.918088570876,2.5409351723,0.7369624694,0.676596820361,0.241491750516,1.3569212022,0.867380306091
1529,2012.538935477421774,0.918208680385,2.5412675917,0.7369888435,0.676709553438,0.241499126946,1.3568726431,1.518230403772
1530,2013.872097713990797,0.918314074179,2.5415592834,0.7370119820,0.676808475894,0.241505598285,1.3568300441,1.333162236569
1531,2015.186728608706289,0.918417934669,2.5418467314,0.7370347800,0.676905960416,0.241511974253,1.3567880745,1.314630894715
1532,2016.029638032375487,0.918484491852,2.5420309375,0.7370493877,0.676968432310,0.241516059542,1.3567611841,0.842909423669
1533,2016.800075655845831,0.918545302234,2.5421992385,0.7370627327,0.677025510578,0.241519791657,1.3567366191,0.770437623470
1534,2017.386767251961601,0.918591594026,2.5423273574,0.7370728907,0.677068961583,0.241522632443,1.3567179211,0.586691596116
1535,2019.264600216064082,0.918739670435,2.5427371790,0.7371053786,0.677207952612,0.241531717823,1.3566581238,1.877832964102
1536,2019.884367139755341,0.918788511897,2.5428723544,0.7371160927,0.677253797897,0.241534714000,1.3566384046,0.619766923691
1537,2021.196042768892767,0.918891830637,2.5431583031,0.7371387544,0.677350779437,0.241541051200,1.3565966978,1.311675629137
1538,2022.545617684688295,0.918998064687,2.5434523203,0.7371620515,0.677450498724,0.241547565963,1.3565538241,1.349574915796
1539,2023.572911777100671,0.919078882357,2.5436759942,0.7371797722,0.677526361131,0.241552521226,1.3565212146,1.027294092412
1540,2024.488262157951340,0.919150858809,2.5438751988,0.7371955523,0.677593925028,0.241556933781,1.3564921775,0.915350380851
1541,2025.878906202481630,0.919260146621,2.5441776677,0.7372195091,0.677696514005,0.241563632616,1.3564480968,1.390644044530
1542,2026.738258912152105,0.919327643859,2.5443644755,0.7372343029,0.677759874647,0.241567769212,1.3564208774,0.859352709670
1543,2027.573317055997450,0.919393205487,2.5445459263,0.7372486709,0.677821418792,0.241571786695,1.3563944425,0.835058143845
1544,2028.582459354039884,0.919472398692,2.5447651042,0.7372660243,0.677895759843,0.241576638849,1.3563625164,1.009142298042
1545,2029.385479550966693,0.919535388167,2.5449394362,0.7372798254,0.677954890467,0.241580497701,1.3563371267,0.803020196927
1546,2031.750550690618638,0.919720761325,2.5454524817,0.7373204329,0.678128909905,0.241591851420,1.3562624272,2.365071139652
1547,2032.420780856286456,0.919773254410,2.5455977634,0.7373319297,0.678178188598,0.241595065812,1.3562412798,0.670230165668
1548,2033.017892745669769,0.919820006220,2.5457271554,0.7373421683,0.678222077841,0.241597928379,1.3562224473,0.597111889383
1549,2034.554828788956229,0.919940279905,2.5460600292,0.7373685045,0.678334988414,0.241605291491,1.3561740079,1.536936043286
1550,2035.077440096304144,0.919981156411,2.5461731605,0.7373774540,0.678373362844,0.241607793567,1.3561575480,0.522611307348
1551,2036.527526483370366,0.920094521253,2.5464869132,0.7374022710,0.678479789534,0.241614731718,1.3561119070,1.450086387066
1552,2037.217111094340908,0.920148403276,2.5466360390,0.7374140649,0.678530374376,0.241618028899,1.3560902180,0.689584610971
1553,2038.841738250867820,0.920275274582,2.5469871726,0.7374418309,0.678649483383,0.241625791199,1.3560391588,1.624627156527
1554,2039.443218740104385,0.920322220097,2.5471171007,0.7374521035,0.678693557113,0.241628662985,1.3560202693,0.601480489237
1555,2040.839119673138157,0.920431116749,2.5474184870,0.7374759293,0.678795793208,0.241635323540,1.3559764600,1.395900933034
1556,2042.344586250604152,0.920548477356,2.5477432985,0.7375016023,0.678905977056,0.241642500299,1.3559292575,1.505466577466
1557,2043.217116563323998,0.920616456999,2.5479314414,0.7375164708,0.678969800359,0.241646656640,1.3559019216,0.872530312720
1558,2044.121593291667523,0.920686894981,2.5481263881,0.7375318753,0.679035932240,0.241650962741,1.3558736015,0.904476728344
1559,2045.037320859814827,0.920758177401,2.5483236720,0.7375474627,0.679102857501,0.241655319900,1.3558449464,0.915727568147
1560,2045.802760431561865,0.920817736558,2.5484885100,0.7375604852,0.679158776522,0.241658960035,1.3558210074,0.765439571747
1561,2047.098336345607095,0.920918495072,2.5487673729,0.7375825129,0.679253377784,0.241665117288,1.3557805161,1.295575914045
1562,2048.454094066160906,0.921023865742,2.5490590006,0.7376055451,0.679352310571,0.241671555171,1.3557381809,1.355757720554
1563,2049.847525605715873,0.921132091805,2.5493585310,0.7376291974,0.679453925586,0.241678166219,1.3556947088,1.393431539555
1564,2050.906055384684350,0.921214257313,2.5495859352,0.7376471515,0.679531072844,0.241683184470,1.3556617116,1.058529778968
1565,2051.718388196256456,0.921277283694,2.5497603693,0.7376609219,0.679590250405,0.241687033289,1.3556364046,0.812332811572
1566,2052.407790192401080,0.921330752682,2.5499083520,0.7376726030,0.679640454561,0.241690298120,1.3556149380,0.689401996145
1567,2054.059916898485881,0.921458816100,2.5502627850,0.7377005763,0.679760699689,0.241698116411,1.3555635336,1.652126706085
1568,2055.180267326166813,0.921545600666,2.5505029731,0.7377195297,0.679842187086,0.241703413580,1.3555287068,1.120350427681
1569,2055.572602899048889,0.921575980573,2.5505870536,0.7377261639,0.679870712859,0.241705267714,1.3555165168,0.392335572882
1570,2056.620866689893774,0.921657122849,2.5508116259,0.7377438817,0.679946903396,0.241710219453,1.3554839624,1.048263790845
1571,2058.450651118906080,0.921798660732,2.5512033513,0.7377747816,0.680079805635,0.241718855097,1.3554271912,1.829784429012
1572,2059.448021743771278,0.921875756591,2.5514167246,0.7377916099,0.680152198588,0.241723558003,1.3553962753,0.997370624865
1573,2060.868247208108187,0.921985474340,2.5517203834,0.7378155552,0.680255224614,0.241730249726,1.3553522869,1.420225464337
1574,2061.367059202031669,0.922023991498,2.5518269849,0.7378239603,0.680291392916,0.241732598582,1.3553368470,0.498811993923
1575,2062.572650919978514,0.922117046150,2.5520845263,0.7378442644,0.680378773585,0.241738272564,1.3552995507,1.205591717947
1576,2063.283559498380782,0.922171892761,2.5522363218,0.7378562302,0.680430276391,0.241741616370,1.3552775718,0.710908578402
1577,2064.304867699634087,0.922250653642,2.5524543032,0.7378734115,0.680504236085,0.241746417558,1.3552460143,1.021308201253
1578,2065.832672281911528,0.922368401616,2.5527801868,0.7378990936,0.680614807544,0.241753594072,1.3551988458,1.527804582277
1579,2066.985229377985434,0.922457171636,2.5530258699,0.7379184521,0.680698168222,0.241759003414,1.3551632937,1.152557096074
1580,2068.345638527370284,0.922561886763,2.5533156833,0.7379412842,0.680796503495,0.241765383268,1.3551213645,1.360409149385
1581,2068.669941082812784,0.922586839221,2.5533847426,0.7379467243,0.680819935885,0.241766903336,1.3551113747,0.324302555443
1582,2070.504717593446003,0.922727936804,2.5537752494,0.7379774819,0.680952439307,0.241775497498,1.3550548960,1.834776510633
1583,2071.377083169758407,0.922794979421,2.5539607990,0.7379920940,0.681015399178,0.241779580243,1.3550280662,0.872365576312
1584,2071.990454814760596,0.922842101057,2.5540912145,0.7380023633,0.681059651512,0.241782449545,1.3550092110,0.613371645002
1585,2073.397603715768582,0.922950151116,2.5543902578,0.7380259079,0.681161123184,0.241789027932,1.3549659834,1.407148901008
1586,2074.171064902152466,0.923009511277,2.5545545451,0.7380388409,0.681216869887,0.241792641391,1.3549422395,0.773461186384
1587,2075.028065544832316,0.923075256924,2.5547365051,0.7380531638,0.681278613826,0.241796643098,1.3549159451,0.857000642680
1588,2077.117570136877021,0.923235441581,2.5551798380,0.7380880542,0.681429050616,0.241806390965,1.3548518965,2.089504592045
1589,2078.155484639214137,0.923314949823,2.5553998879,0.7381053688,0.681503721528,0.241811228295,1.3548201142,1.037914502337
1590,2078.939288114876945,0.923374965871,2.5555659905,0.7381184371,0.681560086628,0.241814879243,1.3547961273,0.783803475663
1591,2079.567628461893037,0.923423061726,2.5556991023,0.7381289089,0.681605256964,0.241817804762,1.3547769069,0.628340347016
1592,2080.910343457561339,0.923525790180,2.5559834173,0.7381512730,0.681701737631,0.241824052550,1.3547358606,1.342714995668
1593,2081.799686563577325,0.923593795567,2.5561716315,0.7381660758,0.681765607679,0.241828187888,1.3547086934,0.889343106016
1594,2083.300276858828056,0.923708475347,2.5564890234,0.7381910346,0.681873315062,0.241835160286,1.3546628896,1.500590295251
1595,2083.779992550167208,0.923745119289,2.5565904405,0.7381990088,0.681907731402,0.241837387887,1.3546482563,0.479715691339
1596,2085.389813692285770,0.923868026735,2.5569306036,0.7382257515,0.682023168339,0.241844858396,1.3545991832,1.609821142119
1597,2086.580318534381604,0.923958858994,2.5571819942,0.7382455118,0.682108480747,0.241850378246,1.3545629252,1.190504842096
1598,2087.473340987858137,0.924026960150,2.5573704734,0.7382603251,0.682172444016,0.241854516134,1.3545357457,0.893022453477
1599,2088.712281198732398,0.924121392477,2.5576318278,0.7382808633,0.682261139402,0.241860253075,1.3544980640,1.238940210874
1600,2090.036206757016771,0.924222240520,2.5579109385,0.7383027933,0.682355861829,0.241866378691,1.3544578309,1.323925558284
1601,2090.447550027415673,0.924253560970,2.5579976221,0.7383096034,0.682385280071,0.241868280899,1.3544453375,0.411343270399
1602,2091.221580661131156,0.924312480410,2.5581606897,0.7383224135,0.682440621410,0.241871859001,1.3544218375,0.774030633715
1603,2092.473218110071684,0.924407709294,2.5584242486,0.7383431154,0.682530067979,0.241877641315,1.3543838618,1.251637448941
1604,2094.335917468632033,0.924549324458,2.5588161878,0.7383738953,0.682663086105,0.241886238353,1.3543274029,1.862699358560
1605,2095.138256660294701,0.924610284972,2.5589849043,0.7383871429,0.682720346570,0.241889938401,1.3543031047,0.802339191663
1606,2096.346529979252409,0.924702043710,2.5592388592,0.7384070808,0.682806536712,0.241895506997,1.3542665367,1.208273318958
1607,2097.371606357192832,0.924779848641,2.5594541949,0.7384239845,0.682879620599,0.241900228042,1.3542355354,1.025076377940
1608,2097.951922199887122,0.924823878683,2.5595760540,0.7384335494,0.682920979284,0.241902899399,1.3542179941,0.580315842694
1609,2099.311651265061300,0.924926997110,2.5598614483,0.7384559477,0.683017842231,0.241909154880,1.3541769188,1.359729065174
1610,2100.593745236861196,0.925024166727,2.5601303785,0.7384770505,0.683109118317,0.241915048410,1.3541382217,1.282093971800
1611,2101.135489459108612,0.925065207578,2.5602439646,0.7384859626,0.683147670272,0.241917537306,1.3541218800,0.541744222247
1612,2102.535100215297916,0.925171188755,2.5605372820,0.7385089738,0.683247225153,0.241923963602,1.3540796870,1.399610756189
1613,2103.390454808713912,0.925235923098,2.5607164431,0.7385230273,0.683308034862,0.241927888236,1.3540539199,0.855354593416
1614,2105.372206591800023,0.925385803546,2.5611312576,0.7385555600,0.683448830323,0.241936973223,1.3539942750,1.981751783086
1615,2105.994704339286272,0.925432854110,2.5612614765,0.7385657710,0.683493029434,0.241939824675,1.3539755554,0.622497747486
1616,2107.172362432443151,0.925521827610,2.5615077228,0.7385850782,0.683576611454,0.241945216157,1.3539401614,1.177658093157
1617,2107.617911407514384,0.925555476413,2.5616008504,0.7385923793,0.683608221485,0.241947254928,1.3539267775,0.445548975071
1618,2108.938384889015197,0.925655159601,2.5618767372,0.7386140060,0.683701865633,0.241953293968,1.3538871343,1.320473481501
1619,2109.963143181267696,0.925732476102,2.5620907212,0.7386307778,0.683774498875,0.241957977226,1.3538563922,1.024758292252
1620,2110.822371848131752,0.925797274700,2.5622700601,0.7386448326,0.683835372965,0.241961901735,1.3538306313,0.859228666864
1621,2112.907087523190967,0.925954383641,2.5627048805,0.7386789033,0.683982968575,0.241971415066,1.3537681875,2.084715675059
1622,2113.483966448430692,0.925997831174,2.5628251275,0.7386883238,0.684023785734,0.241974045440,1.3537509228,0.576878925240
1623,2114.396137325889867,0.926066506966,2.5630151971,0.7387032131,0.684088304224,0.241978202742,1.3537236366,0.912170877459
1624,2115.506602794684113,0.926150072042,2.5632464748,0.7387213282,0.684166811375,0.241983260667,1.3536904402,1.110465468794
1625,2116.900056068394861,0.926254870565,2.5635365190,0.7387440429,0.684265267870,0.241989602695,1.3536488173,1.393453273711
1626,2117.722399441362995,0.926316684820,2.5637075984,0.7387574391,0.684323341917,0.241993342903,1.3536242710,0.822343372968
1627,2118.618646217029436,0.926384026946,2.5638939769,0.7387720318,0.684386609839,0.241997417107,1.3535975334,0.896246775666
1628,2119.456428468939066,0.926446950413,2.5640681261,0.7387856656,0.684445726884,0.242001223529,1.3535725537,0.837782251910
1629,2120.691562591844104,0.926539672510,2.5643247472,0.7388057533,0.684532840749,0.242006831761,1.3535357507,1.235134122905
1630,2122.465151174928451,0.926672722230,2.5646929804,0.7388345726,0.684657844705,0.242014877525,1.3534829541,1.773588583084
1631,2123.344042303462629,0.926738613024,2.5648753421,0.7388488427,0.684719751682,0.242018861342,1.3534568132,0.878891128534
1632,2124.370368737568697,0.926815522586,2.5650881998,0.7388654971,0.684792011829,0.242023510758,1.3534263055,1.026326434106
1633,2125.512400029152104,0.926901059030,2.5653249336,0.7388840173,0.684872378101,0.242028680929,1.3533923818,1.142031291583
1634,2125.958784840373482,0.926934480096,2.5654174309,0.7388912528,0.684903779280,0.242030700816,1.3533791288,0.446384811221
1635,2126.975711192557810,0.927010591712,2.5656280802,0.7389077293,0.684975291358,0.242035300355,1.3533489506,1.016926352184
1636,2128.752290554262800,0.927143472105,2.5659958448,0.7389364901,0.685100143118,0.242043328986,1.3532962756,1.776579361705
1637,2129.406080228328392,0.927192344810,2.5661311067,0.7389470667,0.685146063424,0.242046281386,1.3532769059,0.653789674066
1638,2130.555102283236010,0.927278201247,2.5663687260,0.7389656448,0.685226733912,0.242051467335,1.3532428835,1.149022054908
1639,2132.080620992942841,0.927392118489,2.5666840075,0.7389902910,0.685333771513,0.242058346976,1.3531977513,1.525518709707
1640,2132.798516467883928,0.927445698725,2.5668322981,0.7390018816,0.685384116448,0.242061582277,1.3531765275,0.717895474941
1641,2134.154933985038042,0.927546885936,2.5671123475,0.7390237680,0.685479194598,0.242067691339,1.3531364529,1.356417517154
1642,2134.950772504315864,0.927606224657,2.5672765755,0.7390366010,0.685534951335,0.242071273322,1.3531129563,0.795838519278
1643,2136.086897524703090,0.927690897250,2.5675109184,0.7390549108,0.685614513336,0.242076383914,1.3530794334,1.136125020387
1644,2136.967470548471738,0.927756493210,2.5676924642,0.7390690937,0.685676150656,0.242080342554,1.3530534675,0.880573023769
1645,2137.509940525911134,0.927796889623,2.5678042668,0.7390778274,0.685714109428,0.242082780195,1.3530374785,0.542469977439
1646,2139.380759985201166,0.927936126375,2.5681896234,0.7391079257,0.685844945588,0.242091180787,1.3529823794,1.870819459290
1647,2140.949362639097217,0.928052776666,2.5685124690,0.7391331365,0.685954559640,0.242098217026,1.3529362312,1.568602653896
1648,2141.710035960390087,0.928109313929,2.5686689436,0.7391453538,0.686007687165,0.242101626764,1.3529138686,0.760673321293
1649,2142.355043196035240,0.928157238547,2.5688015815,0.7391557090,0.686052721744,0.242104516802,1.3528949148,0.645007235645
1650,2143.374444180537921,0.928232951542,2.5690111275,0.7391720670,0.686123869470,0.242109082072,1.3528649750,1.019400984503
1651,2144.895337431360531,0.928345844481,2.5693235741,0.7391964542,0.686229956466,0.242115888015,1.3528203421,1.520893250823
1652,2145.505753734180871,0.928391131982,2.5694489134,0.7392062359,0.686272514127,0.242118617856,1.3528024405,0.610416302820
1653,2146.625894475511359,0.928474203032,2.5696788239,0.7392241768,0.686350578403,0.242123624628,1.3527696082,1.120140741330
1654,2147.785367345630675,0.928560145356,2.5699166810,0.7392427353,0.686431341697,0.242128803659,1.3527356473,1.159472870119
1655,2149.151849382889395,0.928661372052,2.5701968396,0.7392645909,0.686526469340,0.242134902712,1.3526956549,1.366482037259
1656,2149.910639858102058,0.928717554188,2.5703523314,0.7392767196,0.686579266906,0.242138287282,1.3526734624,0.758790475213
1657,2151.776885116465110,0.928855649842,2.5707345299,0.7393065272,0.686709044762,0.242146605080,1.3526189249,1.866245258363
1658,2152.390226596919547,0.928901008828,2.5708600671,0.7393163164,0.686751672136,0.242149336693,1.3526010151,0.613341480454
1659,2153.011964165386416,0.928946975548,2.5709872862,0.7393262360,0.686794870873,0.242152104675,1.3525828671,0.621737568467
1660,2154.263623952320359,0.929039473854,2.5712432879,0.7393461949,0.686881799903,0.242157673952,1.3525463537,1.251659786934
1661,2154.935345848225552,0.929089092292,2.5713806137,0.7393569001,0.686928431225,0.242160661067,1.3525267700,0.671721895905
1662,2156.394727255681573,0.929196839911,2.5716788199,0.7393801439,0.687029693181,0.242167146730,1.3524842509,1.459381407456
1663,2157.856489565353058,0.929304690239,2.5719773103,0.7394034057,0.687131052938,0.242173637301,1.3524417013,1.461762309671
1664,2158.878072291083299,0.929380020303,2.5721857966,0.7394196510,0.687201850297,0.242178170006,1.3524119877,1.021582725730
1665,2159.902286017170354,0.929455508596,2.5723947207,0.7394359285,0.687272796988,0.242182711609,1.3523822166,1.024213726087
1666,2160.853062328184023,0.929525552253,2.5725885761,0.7394510302,0.687338627166,0.242186925087,1.3523545972,0.950776311014
1667,2161.692172189209487,0.929587343849,2.5727595927,0.7394643512,0.687396702131,0.242190641718,1.3523302352,0.839109861025
1668,2163.107122285732203,0.929691485704,2.5730478195,0.7394867992,0.687494581025,0.242196904678,1.3522891836,1.414950096523
1669,2164.049720356357284,0.929760824140,2.5732397230,0.7395017432,0.687559750193,0.242201073947,1.3522618563,0.942598070625
1670,2165.011437174314324,0.929831537850,2.5734354329,0.7395169818,0.687626212482,0.242205325368,1.3522339913,0.961716817957
1671,2165.503949023375753,0.929867739405,2.5735356256,0.7395247825,0.687660237753,0.242207501652,1.3522197276,0.492511849061
1672,2167.693444254746737,0.930028576306,2.5739807636,0.7395594341,0.687811407554,0.242217168751,1.3521563703,2.189495231371
1673,2168.890615851853909,0.930116449977,2.5742239660,0.7395783622,0.687894000775,0.242222449202,1.3521217643,1.197171597107
1674,2169.263829283364885,0.930143834324,2.5742997559,0.7395842604,0.687919739731,0.242224094593,1.3521109813,0.373213431511
1675,2170.787074973015933,0.930255552871,2.5746089522,0.7396083199,0.688024746508,0.242230806364,1.3520669970,1.523245689651
1676,2171.396361926494592,0.930300217512,2.5747325677,0.7396179376,0.688066728190,0.242233489322,1.3520494153,0.609286953479
1677,2172.250962827516105,0.930362844125,2.5749058954,0.7396314219,0.688125593255,0.242237250870,1.3520247659,0.854600901022
1678,2173.528296969316671,0.930456403432,2.5751648335,0.7396515639,0.688213533899,0.242242869533,1.3519879479,1.277334141801
1679,2174.745020803476564,0.930545472174,2.5754113434,0.7396707363,0.688297254545,0.242248217629,1.3519529041,1.216723834160
1680,2176.204119466215616,0.930652217974,2.5757067769,0.7396937102,0.688397591977,0.242254625997,1.3519109143,1.459098662739
1681,2176.939451698977336,0.930705986824,2.5758555895,0.7397052808,0.688448133344,0.242257853480,1.3518897674,0.735332232762
1682,2178.004209154761156,0.930783811672,2.5760709804,0.7397220264,0.688521287303,0.242262524369,1.3518591637,1.064757455784
1683,2179.232185029747143,0.930873519192,2.5763192582,0.7397413262,0.688605611580,0.242267907613,1.3518238939,1.227975874986
1684,2180.495318259278974,0.930965742343,2.5765744983,0.7397611643,0.688692301442,0.242273440901,1.3517876422,1.263133229532
1685,2181.252367010681610,0.931020989946,2.5767274036,0.7397730472,0.688744234693,0.242276755253,1.3517659286,0.757048751403
1686,2181.725783029819468,0.931055528968,2.5768229950,0.7397804754,0.688776701858,0.242278827110,1.3517523552,0.473416019138
1687,2183.330584017279762,0.931172554729,2.5771468797,0.7398056409,0.688886708682,0.242285846047,1.3517063735,1.604800987460
1688,2184.103190760680718,0.931228864310,2.5773027242,0.7398177482,0.688939641475,0.242289222835,1.3516842525,0.772606743401
1689,2185.965528320683006,0.931364514464,2.5776781545,0.7398469103,0.689067158343,0.242297356121,1.3516309741,1.862337560002
1690,2187.085690959372641,0.931446049948,2.5779038150,0.7398644357,0.689143806103,0.242302243845,1.3515989576,1.120162638690
1691,2187.798455877828019,0.931497909635,2.5780473438,0.7398755813,0.689192557387,0.242305352248,1.3515785968,0.712764918455
1692,2188.558763203088347,0.931553209815,2.5782003945,0.7398874654,0.689244543268,0.242308666547,1.3515568878,0.760307325260
1693,2189.497072902605396,0.931621430338,2.5783892041,0.7399021246,0.689308675597,0.242312754741,1.3515301103,0.938309699517
1694,2191.093363045749356,0.931737422683,2.5787102287,0.7399270453,0.689417718130,0.242319704553,1.3514845908,1.596290143144
1695,2191.778017400507906,0.931787146307,2.5788478456,0.7399377269,0.689464462956,0.242322683352,1.3514650810,0.684654354759
1696,2192.826770539861172,0.931863282816,2.5790585638,0.7399540808,0.689536038867,0.242327243948,1.3514352119,1.048753139353
1697,2194.231530050449692,0.931965207345,2.5793406538,0.7399759708,0.689631859078,0.242333348267,1.3513952337,1.404759510589
1698,2195.231687681255607,0.932037735591,2.5795413856,0.7399915453,0.689700044254,0.242337691337,1.3513667911,1.000157630806
1699,2196.715977666758590,0.932145310688,2.5798391144,0.7400146423,0.689801178690,0.242344131998,1.3513246128,1.484289985503
1700,2197.258747040205890,0.932184630181,2.5799479364,0.7400230835,0.689838144388,0.242346485793,1.3513091988,0.542769373447
1701,2198.687512684367448,0.932288086915,2.5802342670,0.7400452911,0.689935408663,0.242352678252,1.3512686481,1.428765644162
1702,2199.302965320969633,0.932332631046,2.5803575490,0.7400548516,0.689977286938,0.242355344107,1.3512511914,0.615452636602
1703,2200.351020913263255,0.932408456659,2.5805674067,0.7400711246,0.690048575074,0.242359881585,1.3512214797,1.048055592294
1704,2200.915953025551971,0.932449313866,2.5806804846,0.7400798921,0.690086987605,0.242362326261,1.3512054721,0.564932112289
1705,2203.277453730645902,0.932619989635,2.5811528530,0.7401165112,0.690247453014,0.242372536621,1.3511386178,2.361500705094
1706,2203.906364583773666,0.932665412869,2.5812785680,0.7401262552,0.690290159421,0.242375253448,1.3511208296,0.628910853128
1707,2204.997801754830107,0.932744211417,2.5814966537,0.7401431571,0.690364245449,0.242379965968,1.3510899754,1.091437171056
1708,2205.855761245543817,0.932806126189,2.5816680113,0.7401564361,0.690422457902,0.242383668287,1.3510657359,0.857959490714
1709,2207.172161914952085,0.932901077630,2.5819308023,0.7401767978,0.690511732338,0.242389345292,1.3510285690,1.316400669408
1710,2207.802741336736744,0.932946541006,2.5820566284,0.7401865461,0.690554477873,0.242392063133,1.3510107760,0.630579421785
1711,2209.153744400263349,0.933043901631,2.5823260872,0.7402074198,0.690646018948,0.242397882684,1.3509726778,1.351003063527
1712,2210.208014989250387,0.933119836750,2.5825362480,0.7402236976,0.690717415899,0.242402420850,1.3509429693,1.054270588987
1713,2210.850941099296051,0.933166126505,2.5826643612,0.7402336196,0.690760939513,0.242405186992,1.3509248614,0.642926110046
1714,2212.343568400036474,0.933273541642,2.5829616472,0.7402566406,0.690861936726,0.242411604916,1.3508828494,1.492627300740
1715,2213.700256248436290,0.933371111207,2.5832316843,0.7402775481,0.690953677713,0.242417433494,1.3508446967,1.356687848400
1716,2214.949925632092345,0.933460931381,2.5834802738,0.7402967922,0.691038133151,0.242422798229,1.3508095814,1.249669383656
1717,2215.820565690645708,0.933523478818,2.5836533824,0.7403101914,0.691096945303,0.242426533516,1.3507851325,0.870640058553
1718,2216.296375887645354,0.933557650997,2.5837479585,0.7403175114,0.691129076923,0.242428574074,1.3507717765,0.475810197000
1719,2217.469375116225365,0.933641863217,2.5839810273,0.7403355486,0.691208261034,0.242433602184,1.3507388668,1.172999228580
1720,2218.521006913395468,0.933717324337,2.5841898763,0.7403517094,0.691279217204,0.242438107134,1.3507093821,1.051631797170
1721,2219.799815698361272,0.933809038638,2.5844437081,0.7403713484,0.691365457087,0.242443581551,1.3506735534,1.278808784966
1722,2220.852158848914314,0.933884471533,2.5846524789,0.7403874988,0.691436388082,0.242448083451,1.3506440905,1.052343150553
1723,2222.636604588097271,0.934012300539,2.5850062631,0.7404148630,0.691556589550,0.242455710989,1.3505941736,1.784445739183
1724,2223.055057918810235,0.934042261643,2.5850891845,0.7404212759,0.691584763136,0.242457498508,1.3505824758,0.418453330713
1725,2223.777772507214650,0.934093994463,2.5852323621,0.7404323482,0.691633409736,0.242460584727,1.3505622795,0.722714588404
1726,2225.564645117169221,0.934221828915,2.5855861614,0.7404597043,0.691753619223,0.242468209692,1.3505123832,1.786872609955
1727,2226.332734405575593,0.934276747165,2.5857381551,0.7404714549,0.691805262297,0.242471484868,1.3504909518,0.768089288406
1728,2227.246229376595238,0.934342037236,2.5859188543,0.7404854234,0.691866659069,0.242475378167,1.3504654762,0.913494971020
1729,2227.970573882256303,0.934393789155,2.5860620848,0.7404964945,0.691915325307,0.242478463848,1.3504452857,0.724344505661
1730,2229.127958910123198,0.934476445417,2.5862908472,0.7405141748,0.691993053834,0.242483391583,1.3504130428,1.157385027867
1731,2230.898690856217399,0.934602821683,2.5866406108,0.7405412024,0.692111897328,0.242490924355,1.3503637566,1.770731946094
1732,2231.977154074073496,0.934679741929,2.5868534980,0.7405576504,0.692184233518,0.242495508411,1.3503337647,1.078463217856
1733,2232.924853868966238,0.934747304939,2.5870404879,0.7405720958,0.692247770643,0.242499534296,1.3503074254,0.947699794893
1734,2233.720222250312872,0.934803985875,2.5871973601,0.7405842133,0.692301074505,0.242502911369,1.3502853315,0.795368381347
1735,2234.814934531326799,0.934881966183,2.5874131812,0.7406008826,0.692374409282,0.242507556901,1.3502549396,1.094712281014
1736,2235.546662135599945,0.934934068486,2.5875573814,0.7406120190,0.692423408053,0.242510660433,1.3502346362,0.731727604273
1737,2236.773643845099741,0.935021396850,2.5877990746,0.7406306825,0.692505535264,0.242515861586,1.3502006110,1.226981709500
1738,2238.154799519297740,0.935119640995,2.5880709786,0.7406516757,0.692597929110,0.242521711885,1.3501623405,1.381155674198
1739,2239.167743960236749,0.935191655069,2.5882702874,0.7406670619,0.692665655511,0.242525999558,1.3501342930,1.012944440939
1740,2240.021209470471149,0.935252305896,2.5884381468,0.7406800190,0.692722695658,0.242529610237,1.3501106745,0.853465510234
1741,2241.536186523766446,0.935359909603,2.5887359547,0.7407030036,0.692823894454,0.242536015149,1.3500687795,1.514977053295
1742,2242.621180159379492,0.935436928356,2.5889491146,0.7407194527,0.692896329575,0.242540598781,1.3500387986,1.084993635613
1743,2243.373668418962097,0.935490322188,2.5890968893,0.7407308549,0.692946546145,0.242543776043,1.3500180171,0.752488259583
1744,2244.370701700430345,0.935561040466,2.5892926118,0.7407459554,0.693013056723,0.242547983743,1.3499904964,0.997033281468
1745,2245.565286531271340,0.935645729462,2.5895270001,0.7407640367,0.693092707478,0.242553021984,1.3499575444,1.194584830841
1746,2246.016558178285777,0.935677710228,2.5896155112,0.7407708640,0.693122785874,0.242554924354,1.3499451025,0.451271647014
1747,2247.364431251229234,0.935773193192,2.5898797733,0.7407912459,0.693212589708,0.242560603484,1.3499079605,1.347873072943
1748,2249.550198573537273,0.935927910695,2.5903079751,0.7408242655,0.693358107018,0.242569803677,1.3498477933,2.185767322308
1749,2249.770766552724126,0.935943515043,2.5903511623,0.7408275953,0.693372783605,0.242570731438,1.3498417261,0.220567979187
1750,2251.046641941553389,0.936033748377,2.5906008953,0.7408468485,0.693457652604,0.242576095773,1.3498066462,1.275875388829
1751,2251.845318338693232,0.936090206892,2.5907571519,0.7408588938,0.693510755130,0.242579451763,1.3497847005,0.798676397140
1752,2252.678432673838870,0.936149078495,2.5909200871,0.7408714526,0.693566127670,0.242582950825,1.3497618196,0.833114335146
1753,2254.562246994389625,0.936282117043,2.5912882894,0.7408998290,0.693691260382,0.242590856661,1.3497101240,1.883814320551
1754,2254.759079001304144,0.936296011279,2.5913267436,0.7409027922,0.693704329060,0.242591682219,1.3497047259,0.196832006915
1755,2255.824565571536823,0.936371202195,2.5915348447,0.7409188269,0.693775052699,0.242596149496,1.3496755159,1.065486570233
1756,2257.346384683132783,0.936478534732,2.5918319021,0.7409417127,0.693876009400,0.242602525332,1.3496338280,1.521819111596
1757,2258.501847291145623,0.936559980157,2.5920573134,0.7409590761,0.693952617578,0.242607362578,1.3496022011,1.155462608013
1758,2259.517842057384314,0.936631560452,2.5922554217,0.7409743345,0.694019947131,0.242611613321,1.3495744097,1.015994766239
1759,2260.890259416800291,0.936728200848,2.5925228871,0.7409949320,0.694110849482,0.242617351366,1.3495368954,1.372417359416
1760,2261.660064449481069,0.936782381904,2.5926728406,0.7410064785,0.694161813966,0.242620567939,1.3495158666,0.769805032681
1761,2262.674430648209636,0.936853747714,2.5928703552,0.7410216858,0.694228943475,0.242624804239,1.3494881718,1.014366198729
1762,2262.878305381161226,0.936868087475,2.5929100424,0.7410247412,0.694242432088,0.242625655387,1.3494826075,0.203874732952
1763,2264.676399705770109,0.936994502563,2.5932599134,0.7410516740,0.694361344669,0.242633157894,1.3494335619,1.798094324609
1764,2265.768446115469487,0.937071229946,2.5934722669,0.7410680182,0.694433519257,0.242637710689,1.3494038003,1.092046409699
1765,2267.384501067544079,0.937184706437,2.5937863285,0.7410921868,0.694540263519,0.242644442918,1.3493597933,1.616054952075
1766,2267.879175337166089,0.937219425413,2.5938824180,0.7410995805,0.694572922996,0.242646502417,1.3493463312,0.494674269622
1767,2269.226998261609424,0.937313984667,2.5941441236,0.7411197156,0.694661873735,0.242652110932,1.3493096715,1.347822924443
1768,2269.919103216838266,0.937362518873,2.5942784486,0.7411300491,0.694707529643,0.242654989229,1.3492908582,0.692104955229
1769,2271.326282468066438,0.937461152407,2.5945514304,0.7411510469,0.694800314544,0.242660837863,1.3492526310,1.407179251228
1770,2272.049015701237749,0.937511787259,2.5946915692,0.7411618251,0.694847947326,0.242663839932,1.3492330097,0.722733233171
1771,2273.347534053164509,0.937602721292,2.5949432416,0.7411811793,0.694933490699,0.242669230593,1.3491977777,1.298518351927
1772,2273.956289145943174,0.937645333963,2.5950611779,0.7411902479,0.694973577554,0.242671756410,1.3491812700,0.608755092779
1773,2275.068664775971229,0.937723170461,2.5952766010,0.7412068111,0.695046800885,0.242676369575,1.3491511209,1.112375630028
1774,2277.079317756623368,0.937863765794,2.5956657178,0.7412367238,0.695179065147,0.242684700646,1.3490966757,2.010652980652
1775,2278.012628393305476,0.937928985555,2.5958462223,0.7412505975,0.695240420987,0.242688564568,1.3490714251,0.933310636682
1776,2278.525942155784378,0.937964844539,2.5959454670,0.7412582249,0.695274155713,0.242690688826,1.3490575435,0.513313762479
1777,2279.507305841119432,0.938033377994,2.5961351426,0.7412728012,0.695338629682,0.242694748312,1.3490310159,0.981363685335
1778,2280.870719852586262,0.938128542950,2.5963985246,0.7412930389,0.695428158506,0.242700384444,1.3489941865,1.363414011467
1779,2281.356483614546505,0.938162435038,2.5964923256,0.7413002457,0.695460043575,0.242702391464,1.3489810719,0.485763761960
1780,2282.690375137648061,0.938255464511,2.5967497973,0.7413200253,0.695547564664,0.242707899846,1.3489450789,1.333891523102
1781,2284.056011459351339,0.938350651657,2.5970132407,0.7413402606,0.695637116629,0.242713535028,1.3489082587,1.365636321703
1782,2285.222242364866361,0.938431894867,2.5972380924,0.7413575292,0.695713550921,0.242718343947,1.3488768382,1.166230905515
1783,2286.149814140564104,0.938496482756,2.5974168481,0.7413712561,0.695774316251,0.242722166505,1.3488518631,0.927571775698
1784,2287.046158671010744,0.938558871364,2.5975895171,0.7413845142,0.695833012885,0.242725858478,1.3488277417,0.896344530447
1785,2288.578849445764718,0.938665495190,2.5978846131,0.7414071696,0.695933327993,0.242732167196,1.3487865251,1.532690774754
1786,2289.336284710134350,0.938718160896,2.5980303726,0.7414183586,0.695982878024,0.242735282872,1.3487661702,0.757435264370
1787,2290.241458210855853,0.938781076233,2.5982044994,0.7414317239,0.696042071712,0.242739004521,1.3487418568,0.905173500722
1788,2291.097663612112228,0.938840565094,2.5983691429,0.7414443601,0.696098042000,0.242742523094,1.3487188707,0.856205401256
1789,2291.928901252490505,0.938898297939,2.5985289264,0.7414566221,0.696152360497,0.242745937442,1.3486965659,0.831237640378
1790,2293.896145106086806,0.939034847677,2.5989068464,0.7414856198,0.696280836035,0.242754011642,1.3486438217,1.967243853596
1791,2294.687918411714236,0.939089772959,2.5990588596,0.7414972819,0.696332514141,0.242757258817,1.3486226104,0.791773305627
1792,2296.115091188330553,0.939188728025,2.5993327312,0.7415182902,0.696425619812,0.242763108214,1.3485844020,1.427172776616
1793,2296.998522472515106,0.939249951182,2.5995021746,0.7415312863,0.696483224491,0.242766726692,1.3485607667,0.883431284185
1794,2297.372647579809382,0.939275871535,2.5995739128,0.7415367882,0.696507612991,0.242768258544,1.3485507610,0.374125107294
1795,2298.612363365660258,0.939361732085,2.5998115435,0.7415550113,0.696588399829,0.242773332255,1.3485176215,1.239715785851
1796,2299.961577620089884,0.939455123700,2.6000700175,0.7415748299,0.696676273598,0.242778850102,1.3484815822,1.349214254430
1797,2301.234125798830974,0.939543158355,2.6003136654,0.7415935091,0.696759107763,0.242784050592,1.3484476168,1.272548178741
1798,2301.454840351728308,0.939558422394,2.6003559107,0.7415967476,0.696773470190,0.242784952204,1.3484417283,0.220714552897
1799,2303.295481982573165,0.939685659360,2.6007080564,0.7416237394,0.696893192529,0.242792466830,1.3483926510,1.840641630845
1800,2304.305138670374618,0.939755410134,2.6009011011,0.7416385338,0.696958824549,0.242796585585,1.3483657528,1.009656687801
1801,2305.508356788681795,0.939838492938,2.6011310441,0.7416561540,0.697037002026,0.242801490912,1.3483337186,1.203218118307
1802,2306.517733070003487,0.939908157430,2.6013238501,0.7416709266,0.697102553994,0.242805603436,1.3483068625,1.009376281322
1803,2307.355553370477992,0.939965958429,2.6014838222,0.7416831822,0.697156943203,0.242809015226,1.3482845830,0.837820300475
1804,2308.210284634764776,0.940024904488,2.6016469635,0.7416956795,0.697212410250,0.242812494238,1.3482618649,0.854731264287
1805,2309.370358239529196,0.940104873401,2.6018682883,0.7417126320,0.697287659969,0.242817213432,1.3482310492,1.160073604764
1806,2309.931122384183709,0.940143514908,2.6019752340,0.7417208227,0.697324021374,0.242819493534,1.3482161608,0.560764144655
1807,2312.047996449610764,0.940289301372,2.6023787179,0.7417517203,0.697461206916,0.242828094456,1.3481600009,2.116874065427
1808,2313.190914170747874,0.940367957204,2.6025964086,0.7417683875,0.697535223254,0.242832733951,1.3481297085,1.142917721137
1809,2313.689359967223936,0.940402248177,2.6026913135,0.7417756531,0.697567491788,0.242834756389,1.3481165038,0.498445796476
1810,2314.621182113594386,0.940466333809,2.6028686792,0.7417892305,0.697627798066,0.242838535743,1.3480918284,0.931822146370
1811,2316.049454719988717,0.940564512527,2.6031404022,0.7418100283,0.697720187689,0.242844324837,1.3480540324,1.428272606394
1812,2316.962494504840834,0.940627242689,2.6033140165,0.7418233152,0.697779219514,0.242848023175,1.3480298874,0.913039784852
1813,2317.851531864277149,0.940688300023,2.6034830010,0.7418362464,0.697836677535,0.242851622487,1.3480063893,0.889037359436
1814,2318.826035336430323,0.940755200101,2.6036681561,0.7418504136,0.697899634330,0.242855565772,1.3479806463,0.974503472153
1815,2320.088523204027297,0.940841828638,2.6039079123,0.7418687565,0.697981157437,0.242860671201,1.3479473172,1.262487867597
1816,2320.949531628659770,0.940900881697,2.6040713497,0.7418812590,0.698036730678,0.242864151019,1.3479246010,0.861008424632
1817,2322.812632606693114,0.941028589248,2.6044247978,0.7419082927,0.698156914077,0.242871675171,1.3478754851,1.863100978033
1818,2323.534274240766081,0.941078027155,2.6045616239,0.7419187565,0.698203439715,0.242874587440,1.3478564751,0.721641634073
1819,2324.512455232258162,0.941145015442,2.6047470231,0.7419329336,0.698266482295,0.242878533147,1.3478307198,0.978180991492
1820,2325.557096491765606,0.941216523973,2.6049449327,0.7419480657,0.698333779398,0.242882744575,1.3478032307,1.044641259507
1821,2325.903015927513025,0.941240196019,2.6050104483,0.7419530746,0.698356057420,0.242884138599,1.3477941317,0.345919435747
1822,2327.376855819699358,0.941341014761,2.6052894779,0.7419744054,0.698450939713,0.242890075048,1.3477553844,1.473839892186
1823,2328.634875101168745,0.941427019696,2.6055275083,0.7419925992,0.698531881324,0.242895138371,1.3477223372,1.258019281469
1824,2329.705723406449579,0.941500192020,2.6057300227,0.7420080764,0.698600746432,0.242899445588,1.3476942257,1.070848305281
1825,2331.013110289572978,0.941589481719,2.6059771441,0.7420269603,0.698684780950,0.242904700768,1.3476599282,1.307386883123
1826,2331.942707806402723,0.941652939340,2.6061527717,0.7420403793,0.698744504263,0.242908435077,1.3476355572,0.929597516830
1827,2332.987765432775177,0.941724248480,2.6063501294,0.7420554570,0.698811617564,0.242912630915,1.3476081748,1.045057626372
1828,2333.720863373782322,0.941774252100,2.6064885213,0.7420660288,0.698858679287,0.242915572813,1.3475889762,0.733097941007
1829,2335.531712574450921,0.941897700387,2.6068301812,0.7420921248,0.698974865793,0.242922834594,1.3475415877,1.810849200669
1830,2335.867153805649650,0.941920557407,2.6068934411,0.7420969560,0.698996378439,0.242924178969,1.3475328148,0.335441231199
1831,2336.621036786238619,0.941971915142,2.6070355807,0.7421078107,0.699044715682,0.242927199460,1.3475131047,0.753882980589
1832,2337.761730158820683,0.942049592560,2.6072505635,0.7421242265,0.699117825207,0.242931767353,1.3474832977,1.140693372582
1833,2339.615683895982784,0.942175759807,2.6075997485,0.7421508855,0.699236574436,0.242939185372,1.3474348944,1.853953737162
1834,2340.826726706644422,0.942258121019,2.6078276944,0.7421682854,0.699314094120,0.242944026899,1.3474033041,1.211042810662
1835,2341.324596186215331,0.942291968019,2.6079213706,0.7421754354,0.699345951665,0.242946016355,1.3473903235,0.497869479571
1836,2342.654041658469396,0.942382313361,2.6081714136,0.7421945185,0.699430987291,0.242951326070,1.3473556798,1.329445472254
1837,2343.259158955008843,0.942423418437,2.6082851775,0.7422031999,0.699469676854,0.242953741583,1.3473399200,0.605117296539
1838,2344.311216236151722,0.942494858482,2.6084828976,0.7422182868,0.699536919196,0.242957939286,1.3473125329,1.052057281143
1839,2345.570483634473931,0.942580327007,2.6087194434,0.7422363340,0.699617366439,0.242962960568,1.3472797735,1.259267398322
1840,2346.464119529787695,0.942640951697,2.6088872305,0.7422491338,0.699674429892,0.242966521805,1.3472565402,0.893635895314
1841,2347.934254641723783,0.942740636155,2.6091631208,0.7422701777,0.699768259498,0.242972376657,1.3472183446,1.470135111936
1842,2348.843423633455586,0.942802252331,2.6093336519,0.7422831835,0.699826257245,0.242975995086,1.3471947395,0.909168991732
1843,2349.730054257837764,0.942862318072,2.6094998921,0.7422958608,0.699882795993,0.242979522079,1.3471717314,0.886630624382
1844,2351.455046927851072,0.942979114631,2.6098231424,0.7423205081,0.699992735484,0.242986379147,1.3471270012,1.724992670013
1845,2352.195701502536394,0.943029236906,2.6099618627,0.7423310839,0.700039915547,0.242989321359,1.3471078091,0.740654574685
1846,2352.750870075454714,0.943066796450,2.6100658138,0.7423390084,0.700075270494,0.242991525955,1.3470934287,0.555168572918
1847,2353.912135852353003,0.943145332428,2.6102831728,0.7423555767,0.700149197204,0.242996135224,1.3470633633,1.161265776898
1848,2354.951081235008132,0.943215563093,2.6104775458,0.7423703912,0.700215306591,0.243000256502,1.3470364818,1.038945382655
1849,2355.810813978290753,0.943273655911,2.6106383255,0.7423826441,0.700269990799,0.243003665112,1.3470142492,0.859732743283
1850,2357.608315920247605,0.943395046063,2.6109742893,0.7424082440,0.700384259507,0.243010786556,1.3469678013,1.797501941957
1851,2358.904705198415741,0.943482537295,2.6112164332,0.7424266918,0.700466618966,0.243015918329,1.3469343317,1.296389278168
1852,2359.434859076439807,0.943518302678,2.6113154188,0.7424342324,0.700500286774,0.243018015904,1.3469206516,0.530153878024
1853,2360.314285089526493,0.943577613033,2.6114795683,0.7424467360,0.700556118982,0.243021494051,1.3468979679,0.879426013087
1854,2361.342541641932712,0.943646932817,2.6116714202,0.7424613483,0.700621374105,0.243025558712,1.3468714597,1.028256552406
1855,2362.718317922921415,0.943739633402,2.6119279817,0.7424808867,0.700708639857,0.243030993545,1.3468360167,1.375776280989
1856,2363.495617654118632,0.943791984437,2.6120728703,0.7424919194,0.700757922066,0.243034062371,1.3468160041,0.777299731197
1857,2364.751176089117052,0.943876509777,2.6123068057,0.7425097307,0.700837493129,0.243039016648,1.3467836967,1.255558434998
1858,2365.191515064132091,0.943906143170,2.6123888202,0.7425159746,0.700865389801,0.243040753370,1.3467723716,0.440338975015
1859,2367.249219842959519,0.944044546977,2.6127718716,0.7425451327,0.700995683418,0.243048863560,1.3467194867,2.057704778827
1860,2367.957701823155730,0.944092172525,2.6129036818,0.7425551647,0.701040518669,0.243051653855,1.3467012924,0.708481980196
1861,2369.220577767398936,0.944177030194,2.6131385369,0.7425730375,0.701120405273,0.243056624921,1.3466688790,1.262875944243
1862,2370.093390284232100,0.944235651517,2.6133007794,0.7425853830,0.701175592931,0.243060058586,1.3466464906,0.872812516833
1863,2371.100747929721820,0.944303282559,2.6134879575,0.7425996245,0.701239263027,0.243064019532,1.3466206648,1.007357645490
1864,2371.938137794610157,0.944359480597,2.6136434933,0.7426114573,0.701292170082,0.243067310515,1.3465992077,0.837389864888
1865,2372.440347260055660,0.944393174839,2.6137367467,0.7426185513,0.701323891333,0.243069283506,1.3465863441,0.502209465446
1866,2374.444230717816481,0.944527548436,2.6141086439,0.7426468386,0.701450397778,0.243077150657,1.3465350528,2.003883457761
1867,2375.543967037372113,0.944601244818,2.6143126087,0.7426623500,0.701519780278,0.243081464540,1.3465069288,1.099736319556
1868,2376.355463515560132,0.944655603577,2.6144630539,0.7426737901,0.701570957465,0.243084646112,1.3464861872,0.811496478188
1869,2377.755407914012721,0.944749336384,2.6147224723,0.7426935144,0.701659204903,0.243090131481,1.3464504275,1.399944398453
1870,2378.212961679661930,0.944779959776,2.6148072267,0.7426999579,0.701688036375,0.243091923402,1.3464387460,0.457553765649
1871,2379.726502949965834,0.944881216879,2.6150874695,0.7427212613,0.701783369143,0.243097847736,1.3464001263,1.513541270304
1872,2380.545657218736324,0.944935992089,2.6152390673,0.7427327839,0.701834940024,0.243101052065,1.3463792385,0.819154268770
1873,2381.500123710437492,0.944999791586,2.6154156411,0.7427462037,0.701895007673,0.243104783913,1.3463549124,0.954466491701
1874,2382.530830566366603,0.945068658516,2.6156062398,0.7427606878,0.701959846825,0.243108811691,1.3463286580,1.030706855929
1875,2383.356013915980839,0.945123771872,2.6157587735,0.7427722781,0.702011737160,0.243112034712,1.3463076496,0.825183349614
1876,2384.965071641182476,0.945231184731,2.6160560532,0.7427948641,0.702112869449,0.243118315283,1.3462667127,1.609057725202
1877,2386.430937109503702,0.945328975710,2.6163267030,0.7428154236,0.702204943517,0.243124032193,1.3462294512,1.465865468321
1878,2387.299084122336353,0.945386863311,2.6164869149,0.7428275923,0.702259447454,0.243127415858,1.3462073978,0.868147012833
1879,2387.813568556077826,0.945421158938,2.6165818327,0.7428348011,0.702291738588,0.243129420350,1.3461943335,0.514484433741
1880,2388.748207635493145,0.945483443250,2.6167542130,0.7428478921,0.702350382855,0.243133060394,1.3461706099,0.934639079415
1881,2389.955988113666081,0.945563893610,2.6169768703,0.7428647994,0.702426132108,0.243137761502,1.3461399717,1.207780478173
1882,2391.260549872403317,0.945650744919,2.6172172432,0.7428830494,0.702507909035,0.243142835884,1.3461069018,1.304561758737
1883,2391.754982336622561,0.945683649421,2.6173083109,0.7428899629,0.702538891262,0.243144758159,1.3460943745,0.494432464219
1884,2393.630593291699824,0.945808409596,2.6176536016,0.7429161730,0.702656364007,0.243152045588,1.3460468844,1.875610955077
1885,2394.485367856046651,0.945865234284,2.6178108717,0.7429281092,0.702709870022,0.243155364262,1.3460252583,0.854774564347
1886,2395.270169994646949,0.945917389405,2.6179552181,0.7429390636,0.702758979480,0.243158409925,1.3460054116,0.784802138600
1887,2396.603878762616205,0.946005983699,2.6182004149,0.7429576694,0.702842400856,0.243163582843,1.3459717037,1.333708767969
1888,2397.791643761773685,0.946084841888,2.6184186657,0.7429742283,0.702916655300,0.243168186589,1.3459417055,1.187764999157
1889,2398.558311382532793,0.946135721805,2.6185594828,0.7429849111,0.702964565191,0.243171156614,1.3459223532,0.766667620759
1890,2399.433832905785493,0.946193805926,2.6187202385,0.7429971055,0.703019259086,0.243174546840,1.3459002633,0.875521523253
1891,2400.152356522131413,0.946241458612,2.6188521238,0.7430071091,0.703064130668,0.243177327945,1.3458821427,0.718523616346
1892,2401.482998375771786,0.946329669490,2.6190962594,0.7430256249,0.703147194014,0.243182475476,1.3458486040,1.330641853640
1893,2403.418798445345146,0.946457910265,2.6194511832,0.7430525385,0.703267952777,0.243189957489,1.3457998570,1.935800069573
1894,2403.975315148967638,0.946494758663,2.6195531662,0.7430602707,0.703302651630,0.243192107033,1.3457858526,0.556516703622
1895,2404.921593489770203,0.946557394598,2.6197265196,0.7430734132,0.703361634036,0.243195760562,1.3457620501,0.946278340803
1896,2406.253988718289293,0.946645546563,2.6199704922,0.7430919074,0.703444644830,0.243200901733,1.3457285566,1.332395228519
1897,2406.732851182109698,0.946677216431,2.6200581429,0.7430985511,0.703474467857,0.243202748575,1.3457165252,0.478862463820
1898,2407.715910422270099,0.946742211926,2.6202380268,0.7431121847,0.703535673442,0.243206538484,1.3456918358,0.983059240160
1899,2409.441502352419320,0.946856236224,2.6205536045,0.7431360993,0.703643050015,0.243213186209,1.3456485305,1.725591930149
1900,2409.881602682879475,0.946885304266,2.6206340543,0.7431421952,0.703670423581,0.243214880686,1.3456374924,0.440100330460
1901,2411.126193380777295,0.946967479104,2.6208614844,0.7431594265,0.703747808642,0.243219670461,1.3456062917,1.244590697898
1902,2412.222935837284240,0.947039857023,2.6210618001,0.7431746016,0.703815968411,0.243223888612,1.3455788154,1.096742456507
1903,2413.976123194983302,0.947155487747,2.6213818239,0.7431988417,0.703924861370,0.243230626377,1.3455349281,1.753187357699
1904,2414.379879801270363,0.947182105445,2.6214554920,0.7432044210,0.703949928261,0.243232177183,1.3455248270,0.403756606287
1905,2415.576893465994090,0.947260992546,2.6216738228,0.7432209552,0.704024219661,0.243236772886,1.3454948936,1.197013664724
1906,2416.534054627703881,0.947324044465,2.6218483276,0.7432341689,0.704083598851,0.243240445614,1.3454709725,0.957161161710
1907,2417.278087421772398,0.947373039541,2.6219839281,0.7432444358,0.704129740287,0.243243299254,1.3454523866,0.744032794069
1908,2418.229443267357510,0.947435665020,2.6221572527,0.7432575579,0.704188718611,0.243246946409,1.3454286330,0.951355845585
1909,2419.507917163071397,0.947519785108,2.6223900665,0.7432751817,0.704267940396,0.243251844712,1.3453967315,1.278473895714
1910,2421.142943993328117,0.947627300654,2.6226876304,0.7432977036,0.704369196403,0.243258104251,1.3453559660,1.635026830257
1911,2422.152084925109648,0.947693623176,2.6228711870,0.7433115946,0.704431658240,0.243261964936,1.3453308239,1.009140931782
1912,2422.996230123486839,0.947749080666,2.6230246732,0.7433232089,0.704483887861,0.243265192805,1.3453098034,0.844145198377
1913,2423.504146888716150,0.947782439774,2.6231169990,0.7433301947,0.704515305477,0.243267134297,1.3452971602,0.507916765229
1914,2425.124760212556794,0.947888832173,2.6234114545,0.7433524721,0.704615506643,0.243273325530,1.3452568433,1.620613323841
1915,2426.193437541668118,0.947958951376,2.6236055189,0.7433671522,0.704681546085,0.243277405291,1.3452302769,1.068677329111
1916,2426.907064293753592,0.948005757423,2.6237350610,0.7433769506,0.704725629092,0.243280128331,1.3452125455,0.713626752085
1917,2427.640896948592854,0.948053874404,2.6238682313,0.7433870227,0.704770947005,0.243282927399,1.3451943194,0.733832654839
1918,2429.185595990256843,0.948155111908,2.6241484199,0.7434082116,0.704866296097,0.243288815811,1.3451559780,1.544699041664
1919,2430.265812635944258,0.948225869616,2.6243442515,0.7434230192,0.704932938866,0.243292930750,1.3451291851,1.080216645687
1920,2431.611135096253747,0.948313948655,2.6245880223,0.7434414493,0.705015896369,0.243298052287,1.3450958390,1.345322460309
1921,2432.727569299254810,0.948387005256,2.6247902163,0.7434567341,0.705084705558,0.243302299698,1.3450681851,1.116434203001
1922,2433.705896804704025,0.948450996950,2.6249673221,0.7434701208,0.705144977320,0.243306019630,1.3450439661,0.978327505449
1923,2433.916873237684285,0.948464793394,2.6250055056,0.7434730068,0.705157971812,0.243306821582,1.3450387449,0.210976432980
1924,2435.348894364694388,0.948558406377,2.6252645923,0.7434925874,0.705246143839,0.243312262538,1.3450033221,1.432021127010
1925,2436.191600375091184,0.948613469382,2.6254169867,0.7435041033,0.705298006909,0.243315462473,1.3449824898,0.842706010397
1926,2437.794076107826186,0.948718123749,2.6257066319,0.7435259880,0.705396580258,0.243321543490,1.3449429020,1.602475732735
1927,2438.671790794044227,0.948775416319,2.6258651969,0.7435379671,0.705450544287,0.243324872033,1.3449212337,0.877714686218
1928,2439.927127218672467,0.948857322213,2.6260918826,0.7435550907,0.705527692266,0.243329629947,1.3448902610,1.255336424628
1929,2440.826160290635471,0.948915954785,2.6262541562,0.7435673473,0.705582919301,0.243333035484,1.3448680925,0.899033071963
1930,2441.929836549998527,0.948987904125,2.6264532858,0.7435823861,0.705650690120,0.243337214005,1.3448408928,1.103676259363
1931,2443.033560058185230,0.949059824031,2.6266523340,0.7435974170,0.705718433754,0.243341390277,1.3448137085,1.103723508187
1932,2443.775436396199893,0.949108147298,2.6267860752,0.7436075154,0.705763951270,0.243344196027,1.3447954455,0.741876338015
1933,2445.154381015220224,0.949197928034,2.6270345556,0.7436262754,0.705848519794,0.243349408240,1.3447615195,1.378944619020
1934,2445.744952101154922,0.949236363627,2.6271409313,0.7436343058,0.705884724269,0.243351639358,1.3447469976,0.590571085935
1935,2446.398523306110292,0.949278888581,2.6272586249,0.7436431900,0.705924780904,0.243354107676,1.3447309320,0.653571204955
1936,2448.988312286035125,0.949447282936,2.6277246792,0.7436783648,0.706083402827,0.243363880110,1.3446673284,2.589788979925
1937,2449.231032009292448,0.949463056033,2.6277683334,0.7436816590,0.706098260714,0.243364795319,1.3446613720,0.242719723257
1938,2450.503650580108115,0.949545731343,2.6279971486,0.7436989247,0.706176139343,0.243369592000,1.3446301545,1.272618570816
1939,2451.181708310084559,0.949589763643,2.6281190140,0.7437081193,0.706217617254,0.243372146389,1.3446135305,0.678057729976
1940,2452.283365741213856,0.949661278062,2.6283169399,0.7437230513,0.706284983430,0.243376294632,1.3445865342,1.101657431129
1941,2453.257485812084269,0.949724486598,2.6284918781,0.7437362476,0.706344525954,0.243379960644,1.3445626769,0.974120070870
1942,2454.300561841790113,0.949792141715,2.6286791229,0.7437503708,0.706408257625,0.243383884090,1.3445371447,1.043076029706
1943,2455.482288383525884,0.949868755134,2.6288911610,0.7437663623,0.706480428663,0.243388326471,1.3445082363,1.181726541736
1944,2456.514551841288721,0.949935648432,2.6290762973,0.7437803233,0.706543443695,0.243392204736,1.3444829995,1.032263457763
1945,2457.907999090218709,0.950025902789,2.6293260885,0.7437991575,0.706628466122,0.243397436666,1.3444489549,1.393447248930
1946,2458.546799837128219,0.950067261166,2.6294405534,0.7438077873,0.706667427291,0.243399833876,1.3444333564,0.638800746910
1947,2460.013579465506155,0.950162185379,2.6297032691,0.7438275918,0.706756850190,0.243405335189,1.3443975607,1.466779628378
1948,2461.202295374506321,0.950239072888,2.6299160658,0.7438436311,0.706829282387,0.243409790502,1.3443685718,1.188715909000
1949,2461.731628648041351,0.950273298823,2.6300107907,0.7438507702,0.706861525268,0.243411773555,1.3443556692,0.529333273535
1950,2462.464294913853792,0.950320659838,2.6301418688,0.7438606486,0.706906142382,0.243414517456,1.3443378164,0.732666265812
1951,2463.569667295016188,0.950392086663,2.6303395523,0.7438755450,0.706973431474,0.243418655188,1.3443108954,1.105372381162
1952,2464.927816361223449,0.950479803515,2.6305823206,0.7438938366,0.707056067643,0.243423735872,1.3442778402,1.358149066207
1953,2466.183097013192764,0.950560833582,2.6308065823,0.7439107315,0.707132405045,0.243428428537,1.3442473104,1.255280651969
1954,2467.640860783778862,0.950654882466,2.6310668754,0.7439303381,0.707221008165,0.243433874301,1.3442118821,1.457763770586
1955,2468.186816301115414,0.950690090956,2.6311643197,0.7439376774,0.707254178194,0.243435912761,1.3441986209,0.545955517337
1956,2469.336263892497300,0.950764192997,2.6313694072,0.7439531228,0.707323990382,0.243440202614,1.3441707137,1.149447591382
1957,2469.781485031523971,0.950792886034,2.6314488191,0.7439591029,0.707351022499,0.243441863535,1.3441599090,0.445221139027
1958,2471.539297741996506,0.950906120777,2.6317622117,0.7439827002,0.707457703390,0.243448417387,1.3441172755,1.757812710473
1959,2472.336417589482153,0.950957443088,2.6319042532,0.7439933941,0.707506055683,0.243451387405,1.3440979557,0.797119847486
1960,2473.107124734644913,0.951007049095,2.6320415445,0.7440037294,0.707552791254,0.243454257841,1.3440792840,0.770707145163
1961,2474.237849734393876,0.951079799420,2.6322428910,0.7440188855,0.707621332366,0.243458467054,1.3440519045,1.130724999749
1962,2475.539353861002837,0.951163496447,2.6324745339,0.7440363199,0.707700187502,0.243463308946,1.3440204104,1.301504126609
1963,2477.021755096104698,0.951258773007,2.6327382248,0.7440561635,0.707789953175,0.243468819832,1.3439845660,1.482401235102
1964,2478.014854024809210,0.951322569349,2.6329147898,0.7440694490,0.707850060003,0.243472509346,1.3439605689,0.993098928705
1965,2478.397597583124934,0.951347149841,2.6329828197,0.7440745675,0.707873219052,0.243473930790,1.3439513238,0.382743558316
1966,2479.977351980870935,0.951448564411,2.6332634983,0.7440956833,0.707968769670,0.243479794741,1.3439131854,1.579754397746
1967,2480.433606985091956,0.951477842323,2.6333445289,0.7441017787,0.707996354886,0.243481487438,1.3439021766,0.456255004221
1968,2481.356767280358781,0.951537065110,2.6335084361,0.7441141075,0.708052153989,0.243484911120,1.3438799102,0.923160295267
1969,2482.683411518716184,0.951622133718,2.6337438750,0.7441318148,0.708132305398,0.243489828320,1.3438479313,1.326644238357
1970,2484.503238274744490,0.951738752825,2.6340666343,0.7441560856,0.708242184818,0.243496568007,1.3438041015,1.819826756028
1971,2485.087590537420056,0.951776181480,2.6341702232,0.7441638743,0.708277450684,0.243498730796,1.3437900367,0.584352262676
1972,2485.785620712392756,0.951820879846,2.6342939320,0.7441731752,0.708319566375,0.243501313471,1.3437732417,0.698030174973
1973,2487.333836442725897,0.951919975070,2.6345681915,0.7441937927,0.708412936607,0.243507038463,1.3437360131,1.548215730333
1974,2488.113831754193143,0.951969876152,2.6347062996,0.7442041738,0.708459955157,0.243509920995,1.3437172690,0.779995311467
1975,2489.261157451637246,0.952043249189,2.6349093694,0.7442194363,0.708529090275,0.243514158914,1.3436897119,1.147325697444
1976,2490.051090515746637,0.952093746827,2.6350491285,0.7442299395,0.708576671566,0.243517075260,1.3436707487,0.789933064109
1977,2491.105516421820539,0.952161127602,2.6352356140,0.7442439529,0.708640161370,0.243520966232,1.3436454487,1.054425906074
1978,2491.907473934292739,0.952212355846,2.6353773952,0.7442546060,0.708688431701,0.243523924146,1.3436262161,0.801957512472
1979,2493.489295449123347,0.952313352711,2.6356569177,0.7442756061,0.708783597812,0.243529754899,1.3435883049,1.581821514831
1980,2494.866177828255331,0.952401212385,2.6359000814,0.7442938720,0.708866386028,0.243534826357,1.3435553317,1.376882379132
1981,2495.846840419501859,0.952463759480,2.6360731890,0.7443068738,0.708925323250,0.243538436230,1.3435318619,0.980662591247
1982,2496.485336702823133,0.952504469848,2.6361858604,0.7443153357,0.708963684257,0.243540785591,1.3435165877,0.638496283321
1983,2497.648465246601972,0.952578603889,2.6363910365,0.7443307436,0.709033540527,0.243545063363,1.3434887765,1.163128543779
1984,2497.969973966752150,0.952599089722,2.6364477338,0.7443350010,0.709052844361,0.243546245361,1.3434810921,0.321508720150
1985,2499.862042821255272,0.952719594823,2.6367812481,0.7443600418,0.709166397398,0.243553197424,1.3434358965,1.892068854503
1986,2500.564386412317617,0.952764303592,2.6369049857,0.7443693310,0.709208527254,0.243555776338,1.3434191313,0.702343591062
1987,2501.577744672433710,0.952828788356,2.6370834561,0.7443827279,0.709269292740,0.243559495616,1.3433949532,1.013358260116
1988,2503.185227212086829,0.952931026485,2.6373664140,0.7444039655,0.709365634975,0.243565391510,1.3433566267,1.607482539653
1989,2504.008933658583828,0.952983389924,2.6375113370,0.7444148415,0.709414979125,0.243568410800,1.3433370002,0.823706446497
1990,2504.772152511211971,0.953031892764,2.6376455752,0.7444249148,0.709460685531,0.243571207234,1.3433188226,0.763218852628
1991,2506.305351937307478,0.953129283505,2.6379151173,0.7444451390,0.709552461936,0.243576821569,1.3432823288,1.533199426096
1992,2507.151885647675499,0.953183030857,2.6380638705,0.7444562989,0.709603111306,0.243579919552,1.3432621922,0.846533710368
1993,2507.871039579743410,0.953228676473,2.6381902009,0.7444657758,0.709646126154,0.243582550319,1.3432450926,0.719153932068
1994,2508.766046103826739,0.953285465398,2.6383473720,0.7444775654,0.709699642373,0.243585823025,1.3432238210,0.895006524083
1995,2509.652997441379284,0.953341723231,2.6385030732,0.7444892436,0.709752658434,0.243589064798,1.3432027509,0.886951337553
1996,2511.660189787186482,0.953468962696,2.6388552258,0.7445156527,0.709872567121,0.243596395574,1.3431551054,2.007192345807
1997,2512.538220985202770,0.953524590677,2.6390091838,0.7445271969,0.709924990675,0.243599600001,1.3431342793,0.878031198016
1998,2513.579517021464653,0.953590537168,2.6391916997,0.7445408811,0.709987138759,0.243603398408,1.3431095933,1.041296036262
1999,2514.259859059773589,0.953633609267,2.6393109076,0.7445498180,0.710027730220,0.243605879047,1.3430934718,0.680342038309
2000,2515.286482924712800,0.953698582231,2.6394907291,0.7445632979,0.710088961577,0.243609620654,1.3430691559,1.026623864939
2001,2516.571049142887659,0.953779842507,2.6397156280,0.7445801549,0.710165542920,0.243614299588,1.3430387492,1.284566218175
2002,2517.146931880415195,0.953816258765,2.6398164149,0.7445877086,0.710199862564,0.243616396200,1.3430251244,0.575882737528
2003,2518.552852040690595,0.953905127902,2.6400623724,0.7446061406,0.710283615765,0.243621512137,1.3429918792,1.405920160275
2004,2519.634252640271825,0.953973450198,2.6402514637,0.7446203092,0.710348005499,0.243625444699,1.3429663247,1.081400599581
2005,2520.402323518036155,0.954021958686,2.6403857175,0.7446303680,0.710393722180,0.243628236506,1.3429481834,0.768070877764
2006,2521.885175646150856,0.954115568284,2.6406447948,0.7446497768,0.710481944953,0.243633623331,1.3429131804,1.482852128115
2007,2523.263480155872003,0.954202528648,2.6408854695,0.7446678044,0.710563901935,0.243638626713,1.3428806699,1.378304509721
2008,2523.967055819190591,0.954246900524,2.6410082747,0.7446770021,0.710605721115,0.243641179409,1.3428640837,0.703575663319
2009,2524.642045795694685,0.954289457985,2.6411260582,0.7446858231,0.710645830453,0.243643627532,1.3428481771,0.674989976504
2010,2525.687993324800573,0.954355381488,2.6413085105,0.7446994860,0.710707962066,0.243647419422,1.3428235399,1.045947529106
2011,2526.868810058592771,0.954429772664,2.6415143982,0.7447149022,0.710778074834,0.243651697830,1.3427957424,1.180816733792
2012,2527.418791160629098,0.954464409479,2.6416102603,0.7447220795,0.710810719799,0.243653689680,1.3427828012,0.549981102036
2013,2529.378043463274935,0.954587738422,2.6419515900,0.7447476318,0.710926957503,0.243660780919,1.3427367303,1.959252302646
2014,2530.273672274268392,0.954644083705,2.6421075332,0.7447593042,0.710980063532,0.243664020173,1.3427156860,0.895628810993
2015,2531.543961220064830,0.954723965196,2.6423286161,0.7447758506,0.711055353248,0.243668611948,1.3426858554,1.270288945796
2016,2531.969384081562112,0.954750708742,2.6424026325,0.7447813897,0.711080559659,0.243670149083,1.3426758695,0.425422861497
2017,2533.067317099047614,0.954819707835,2.6425935969,0.7447956797,0.711145593241,0.243674114595,1.3426501084,1.097933017486
2018,2534.408614098394082,0.954903960451,2.6428267775,0.7448131266,0.711225004359,0.243678956092,1.3426186574,1.341296999346
2019,2535.505886073965939,0.954972851657,2.6430174433,0.7448273908,0.711289937338,0.243682914319,1.3425929449,1.097271975572
2020,2536.091884920838766,0.955009630841,2.6431192347,0.7448350054,0.711324603530,0.243685027311,1.3425792193,0.585998846873
2021,2536.867485222561299,0.955058296960,2.6432539248,0.7448450804,0.711370473957,0.243687823003,1.3425610591,0.775600301723
2022,2538.559826936261288,0.955164433663,2.6435476726,0.7448670504,0.711470514334,0.243693919328,1.3425214600,1.692341713700
2023,2539.998407118591331,0.955254599865,2.6437972199,0.7448857117,0.711555502440,0.243699097424,1.3424878264,1.438580182330
2024,2540.531661936742239,0.955288009820,2.6438896865,0.7448926257,0.711586993929,0.243701015891,1.3424753656,0.533254818151
2025,2541.998729153670865,0.955379889646,2.6441439764,0.7449116379,0.711673598423,0.243706291223,1.3424411019,1.467067216929
2026,2542.687650514868892,0.955423017278,2.6442633380,0.7449205611,0.711714250156,0.243708767122,1.3424250211,0.688921361198
2027,2543.343955088606435,0.955464092177,2.6443770184,0.7449290591,0.711752967178,0.243711124999,1.3424097071,0.656304573738
2028,2544.290953656615784,0.955523341517,2.6445409990,0.7449413162,0.711808815655,0.243714525862,1.3423876194,0.946998568009
2029,2545.878017730333340,0.955622587378,2.6448156754,0.7449618449,0.711902365692,0.243720221686,1.3423506276,1.587064073718
2030,2546.761141283358938,0.955677786058,2.6449684453,0.7449732612,0.711954396900,0.243723389158,1.3423300568,0.883123553026
2031,2548.181615394108576,0.955766531111,2.6452140593,0.7449916135,0.712038050140,0.243728480971,1.3422969895,1.420474110750
2032,2548.895987575046547,0.955811143288,2.6453375296,0.7450008383,0.712080102965,0.243731040323,1.3422803689,0.714372180938
2033,2549.996484491522551,0.955879844296,2.6455276690,0.7450150428,0.712144863071,0.243734981225,1.3422547769,1.100496916476
2034,2551.411141992884950,0.955968113949,2.6457719673,0.7450332910,0.712228070014,0.243740043935,1.3422219008,1.414657501362
2035,2551.880445959599001,0.955997386055,2.6458529818,0.7450393419,0.712255663393,0.243741722662,1.3422109998,0.469303966714
2036,2553.275677995524802,0.956084379704,2.6460937486,0.7450573231,0.712337668560,0.243746711144,1.3421786070,1.395232035926
2037,2553.723069201209000,0.956112264780,2.6461709243,0.7450630862,0.712363954784,0.243748309996,1.3421682250,0.447391205684
2038,2555.050875291359262,0.956194995748,2.6463998936,0.7450801833,0.712441942661,0.243753053087,1.3421374269,1.327806090150
2039,2555.832350747303281,0.956243666663,2.6465345969,0.7450902405,0.712487823526,0.243755843137,1.3421193108,0.781475455944
2040,2558.009105942871884,0.956379158298,2.6469095885,0.7451182339,0.712615549411,0.243763608888,1.3420688885,2.176755195569
2041,2558.752211368471308,0.956425386330,2.6470375309,0.7451277836,0.712659128297,0.243766258034,1.3420516883,0.743105425599
2042,2559.234296597333923,0.956455369312,2.6471205129,0.7451339770,0.712687393189,0.243767976123,1.3420405334,0.482085228863
2043,2560.263289514388816,0.956519347977,2.6472975825,0.7451471918,0.712747706047,0.243771641930,1.3420167331,1.028992917055
2044,2561.405635747573342,0.956590344387,2.6474940748,0.7451618545,0.712814635042,0.243775709345,1.3419903259,1.142346233185
2045,2562.426113338143296,0.956653739933,2.6476695306,0.7451749461,0.712874399066,0.243779340867,1.3419667492,1.020477590570
2046,2563.501718903993151,0.956720532892,2.6478543892,0.7451887378,0.712937366332,0.243783166560,1.3419419125,1.075605565850
2047,2564.332107854333572,0.956772079222,2.6479970507,0.7451993803,0.712985960560,0.243786118662,1.3419227476,0.830388950340
2048,2565.975270478283619,0.956874029239,2.6482792112,0.7452204270,0.713082072615,0.243791956624,1.3418848489,1.643162623950
2049,2566.557557897085189,0.956910141593,2.6483791571,0.7452278812,0.713116117323,0.243794024271,1.3418714265,0.582287418802
2050,2567.958599725328895,0.956996997971,2.6486195440,0.7452458082,0.713198001204,0.243798996767,1.3418391476,1.401041828244
2051,2569.043090173352994,0.957064197489,2.6488055278,0.7452596764,0.713261354102,0.243802843387,1.3418141779,1.084490448024
2052,2569.948111596904710,0.957120254652,2.6489606736,0.7452712440,0.713314202808,0.243806051845,1.3417933512,0.905021423552
2053,2570.958525661919339,0.957182816534,2.6491338221,0.7452841526,0.713373184310,0.243809632224,1.3417701108,1.010414065015
2054,2571.540774147768843,0.957218856490,2.6492335676,0.7452915883,0.713407161902,0.243811694588,1.3417567241,0.582248485850
2055,2572.368208186207539,0.957270058880,2.6493752772,0.7453021515,0.713455434497,0.243814624384,1.3417377072,0.827434038439
2056,2574.207163950022732,0.957383796227,2.6496900608,0.7453256130,0.713562664760,0.243821131466,1.3416954719,1.838955763815
2057,2575.404511996903693,0.957457807191,2.6498948962,0.7453408775,0.713632442157,0.243825365034,1.3416679941,1.197348046881
2058,2576.141011184025956,0.957503314888,2.6500208450,0.7453502624,0.713675347006,0.243827967883,1.3416511008,0.736499187122
2059,2577.519835532602428,0.957588476378,2.6502565410,0.7453678232,0.713755638184,0.243832838194,1.3416194915,1.378824348576
2060,2578.070129925005403,0.957622451955,2.6503505730,0.7453748285,0.713787670934,0.243834781021,1.3416068825,0.550294392403
2061,2578.971298335895881,0.957678075091,2.6505045176,0.7453862965,0.713840113625,0.243837961466,1.3415862415,0.901168410890
2062,2580.346111565200772,0.957762895740,2.6507392703,0.7454037822,0.713920084967,0.243842810773,1.3415547705,1.374813229305
2063,2581.398140581892676,0.957827771338,2.6509188224,0.7454171547,0.713981252037,0.243846519300,1.3415307035,1.052029016692
2064,2582.138733931301886,0.957873425739,2.6510451772,0.7454265644,0.714024296924,0.243849128816,1.3415137690,0.740593349409
2065,2583.003294535099940,0.957926705628,2.6511926365,0.7454375450,0.714074531707,0.243852173920,1.3414940081,0.864560603798
2066,2584.758402441678754,0.958034812048,2.6514918358,0.7454598220,0.714176460414,0.243858351634,1.3414539195,1.755107906579
2067,2585.772739404011645,0.958097256984,2.6516646606,0.7454726880,0.714235337493,0.243861919492,1.3414307676,1.014336962333
2068,2586.925178957182197,0.958168174118,2.6518609335,0.7454872980,0.714302203183,0.243865970934,1.3414044782,1.152439553171
2069,2587.591000924191121,0.958209132095,2.6519742902,0.7454957353,0.714340821496,0.243868310600,1.3413892966,0.665821967009
2070,2588.368210423880555,0.958256928737,2.6521065740,0.7455055806,0.714385888040,0.243871040697,1.3413715819,0.777209499689
2071,2589.579264554433848,0.958331377254,2.6523126204,0.7455209143,0.714456084593,0.243875292660,1.3413439929,1.211054130553
2072,2590.371692925951720,0.958380072268,2.6524473905,0.7455309428,0.714501998805,0.243878073463,1.3413259499,0.792428371518
2073,2591.549378447984964,0.958452413963,2.6526476059,0.7455458397,0.714570209763,0.243882204200,1.3412991486,1.177685522033
2074,2593.275876806604629,0.958558408184,2.6529409594,0.7455676634,0.714670152639,0.243888255545,1.3412598870,1.726498358620
2075,2594.023618334686489,0.958604292082,2.6530679493,0.7455771096,0.714713417322,0.243890874761,1.3412428938,0.747741528082
2076,2594.905011552480119,0.958658360311,2.6532175905,0.7455882398,0.714764399419,0.243893960891,1.3412228716,0.881393217794
2077,2595.687530138859529,0.958706347781,2.6533504024,0.7455981174,0.714809648088,0.243896699693,1.3412051031,0.782518586379
2078,2597.546141488459398,0.958820268014,2.6536656921,0.7456215636,0.714917067462,0.243903200552,1.3411629288,1.858611349600
2079,2597.979353418423216,0.958846809245,2.6537391486,0.7456270255,0.714942094307,0.243904714938,1.3411531044,0.433211929964
2080,2598.598768319633564,0.958884750729,2.6538441568,0.7456348331,0.714977871055,0.243906879674,1.3411390611,0.619414901210
2081,2600.121355061881786,0.958977976449,2.6541021717,0.7456540150,0.715065778443,0.243912198007,1.3411045604,1.522586742248
2082,2600.641952319219854,0.959009839321,2.6541903566,0.7456605704,0.715095823807,0.243914015514,1.3410927702,0.520597257338
2083,2602.412300558054994,0.959118144816,2.6544901068,0.7456828505,0.715197952161,0.243920192655,1.3410527001,1.770348238835
2084,2603.628781118453389,0.959192523368,2.6546959595,0.7456981491,0.715268089267,0.243924434101,1.3410251873,1.216480560398
2085,2604.573564823718698,0.959250265748,2.6548557694,0.7457100246,0.715322539268,0.243927726480,1.3410038313,0.944783705265
2086,2605.368075915559075,0.959298807700,2.6549901159,0.7457200071,0.715368313697,0.243930494003,1.3409858800,0.794511091840
2087,2606.243664547519074,0.959352286073,2.6551381246,0.7457310039,0.715418743385,0.243933542688,1.3409661054,0.875588631960
2088,2607.003639114238922,0.959398688518,2.6552665497,0.7457405449,0.715462500763,0.243936187755,1.3409489491,0.759974566720
2089,2608.364899649035578,0.959481770412,2.6554964901,0.7457576260,0.715540847307,0.243940923105,1.3409182355,1.361260534797
2090,2609.552086740677169,0.959554192682,2.6556969286,0.7457725138,0.715609142358,0.243945050324,1.3408914670,1.187187091642
2091,2610.444520938915502,0.959608612379,2.6558475426,0.7457836996,0.715660461121,0.243948151258,1.3408713552,0.892434198238
2092,2611.543670381422999,0.959675611791,2.6560329725,0.7457974699,0.715723643198,0.243951968593,1.3408465976,1.099149442507
2093,2612.956807036694045,0.959761709090,2.6562712586,0.7458151632,0.715804835716,0.243956873373,1.3408147881,1.413136655271
2094,2613.731929438305087,0.959808914718,2.6564019066,0.7458248631,0.715849352459,0.243959562259,1.3407973499,0.775122401611
2095,2614.737136165400898,0.959870111837,2.6565712779,0.7458374370,0.715907064059,0.243963047778,1.3407747458,1.005206727096
2096,2615.847707268249451,0.959937696204,2.6567583269,0.7458513218,0.715970799559,0.243966896645,1.3407497859,1.110571102849
2097,2616.902118243953737,0.960001836370,2.6569358435,0.7458644977,0.716031287431,0.243970548939,1.3407261012,1.054410975704
2098,2617.335046934901129,0.960028164081,2.6570087090,0.7458699056,0.716056116100,0.243972047981,1.3407163803,0.432928690947
2099,2618.292915478022223,0.960086399508,2.6571698835,0.7458818668,0.716111035980,0.243975363528,1.3406948801,0.957868543121
2100,2620.279393694424471,0.960207103327,2.6575039478,0.7459066553,0.716224868804,0.243982234523,1.3406503253,1.986478216402
2101,2621.429055213229276,0.960276918090,2.6576971696,0.7459209907,0.716290710076,0.243986208014,1.3406245601,1.149661518805
2102,2622.048696798421133,0.960314533973,2.6578012767,0.7459287139,0.716326185264,0.243988348708,1.3406106795,0.619641585192
2103,2622.994507976301975,0.960371933128,2.6579601367,0.7459404981,0.716380318150,0.243991614979,1.3405895009,0.945811177881
2104,2624.050603854559540,0.960436000762,2.6581374526,0.7459536501,0.716440740441,0.243995260321,1.3405658648,1.056095878258
2105,2624.909501777169680,0.960488086451,2.6582816068,0.7459643414,0.716489862847,0.243998223603,1.3405466515,0.858897922610
2106,2626.460502229944268,0.960582099783,2.6585418015,0.7459836368,0.716578528226,0.244003571557,1.3405119773,1.551000452775
2107,2626.710471395806508,0.960597246379,2.6585837218,0.7459867452,0.716592813291,0.244004433088,1.3405063916,0.249969165862
2108,2628.098026523871340,0.960681297496,2.6588163447,0.7460039931,0.716672084044,0.244009213452,1.3404753986,1.387555128065
2109,2629.604139510848654,0.960772480041,2.6590687048,0.7460227019,0.716758081437,0.244014398604,1.3404417821,1.506112986977
2110,2629.994800764220145,0.960796122783,2.6591341393,0.7460275524,0.716780379858,0.244015742925,1.3404330668,0.390661253371
2111,2632.043116637112689,0.960920029002,2.6594770667,0.7460529702,0.716897241720,0.244022787282,1.3403873988,2.048315872893
2112,2632.443658949145174,0.960944247237,2.6595440939,0.7460579376,0.716920083274,0.244024163964,1.3403784741,0.400542312032
2113,2633.676399939781277,0.961018760095,2.6597503184,0.7460732200,0.716990360833,0.244028399262,1.3403510181,1.232740990636
2114,2633.966543434121377,0.961036292707,2.6597988423,0.7460768156,0.717006896976,0.244029395731,1.3403445584,0.290143494340
2115,2635.217331617179752,0.961111852464,2.6600079642,0.7460923105,0.717078162637,0.244033689827,1.3403167221,1.250788183058
2116,2636.432585995081809,0.961185231291,2.6602110501,0.7461073563,0.717147371865,0.244037859426,1.3402896936,1.215254377902
2117,2637.510683358462757,0.961250300071,2.6603911369,0.7461206968,0.717208743703,0.244041556368,1.3402657295,1.078097363381
2118,2639.062573045389399,0.961343917997,2.6606502372,0.7461398881,0.717297043392,0.244046874605,1.3402312568,1.551889686927
2119,2640.054245884027296,0.961403711952,2.6608157251,0.7461521441,0.717353441042,0.244050270910,1.3402092427,0.991672838638
2120,2640.462942828951327,0.961428348228,2.6608839094,0.7461571935,0.717376678080,0.244051670148,1.3402001732,0.408696944924
2121,2641.801744784108450,0.961509024591,2.6611071922,0.7461737274,0.717452772789,0.244056251802,1.3401704768,1.338801955157
2122,2642.755759063044025,0.961566488661,2.6612662318,0.7461855028,0.717506973845,0.244059514816,1.3401493278,0.954014278936
2123,2643.970900958345283,0.961639651453,2.6614687198,0.7462004937,0.717575982677,0.244063668776,1.3401224047,1.215141895301
2124,2644.887867143491803,0.961694839050,2.6616214590,0.7462118004,0.717628037249,0.244066801801,1.3401020990,0.916966185147
2125,2645.395567278572798,0.961725386747,2.6617060039,0.7462180585,0.717656850871,0.244068535876,1.3400908604,0.507700135081
2126,2646.689940172724164,0.961803241062,2.6619214764,0.7462340066,0.717730286125,0.244072954938,1.3400622207,1.294372894151
2127,2648.577429283764104,0.961916702089,2.6622354952,0.7462572451,0.717837308126,0.244079393963,1.3400204910,1.887489111040
2128,2649.325653551798951,0.961961657079,2.6623599143,0.7462664514,0.717879712236,0.244081944843,1.3400039598,0.748224268035
2129,2650.058544458382130,0.962005678500,2.6624817495,0.7462754659,0.717921235948,0.244084442552,1.3399877735,0.732890906583
2130,2651.227331332121139,0.962075857025,2.6626759782,0.7462898355,0.717987433053,0.244088423972,1.3399619725,1.168786873739
2131,2652.160775241539795,0.962131882423,2.6628310361,0.7463013059,0.718040280335,0.244091602088,1.3399413776,0.933443909419
2132,2652.770642826959829,0.962168476088,2.6629323140,0.7463087975,0.718074798345,0.244093677742,1.3399279272,0.609867585420
2133,2653.897069745640238,0.962236042562,2.6631193135,0.7463226287,0.718138532691,0.244097509871,1.3399030950,1.126426918680
2134,2655.615772325961643,0.962339080272,2.6634044844,0.7463437182,0.718235727358,0.244103352914,1.3398652331,1.718702580321
2135,2656.238998498017281,0.962376426747,2.6635078458,0.7463513614,0.718270956260,0.244105470487,1.3398515120,0.623226172056
2136,2657.537760758300465,0.962454226191,2.6637231664,0.7463672820,0.718344344871,0.244109881320,1.3398229318,1.298762260283
2137,2658.341557629757062,0.962502356797,2.6638563744,0.7463771304,0.718389747021,0.244112609775,1.3398052530,0.803796871457
2138,2659.658316020859729,0.962581171620,2.6640745051,0.7463932556,0.718464094450,0.244117077170,1.3397763076,1.316758391103
2139,2660.610245802953159,0.962638125261,2.6642321321,0.7464049069,0.718517820225,0.244120305036,1.3397553939,0.951929782093
2140,2661.582573758214039,0.962696278284,2.6643930785,0.7464168024,0.718572677745,0.244123600540,1.3397340424,0.972327955261
2141,2662.183573435627750,0.962732212271,2.6644925307,0.7464241524,0.718606575540,0.244125636731,1.3397208501,0.600999677414
2142,2663.393945622339743,0.962804556244,2.6646927525,0.7464389485,0.718674820553,0.244129735691,1.3396942939,1.210372186712
2143,2664.235489083243920,0.962854835944,2.6648319084,0.7464492309,0.718722251750,0.244132584194,1.3396758394,0.841543460904
2144,2666.030101479454061,0.962962005629,2.6651285151,0.7464711448,0.718823350787,0.244138654843,1.3396365109,1.794612396210
2145,2666.982849070546308,0.963018871979,2.6652859005,0.7464827713,0.718876996401,0.244141875579,1.3396156461,0.952747591092
2146,2668.291859037208724,0.963096969330,2.6655020456,0.7464987369,0.718950671088,0.244146298243,1.3395869954,1.309009966662
2147,2668.663651401293009,0.963119143993,2.6655634170,0.7465032697,0.718971590107,0.244147553885,1.3395788613,0.371792364084
2148,2669.253744888179881,0.963154332359,2.6656608056,0.7465104624,0.719004786031,0.244149546328,1.3395659543,0.590093486887
2149,2670.998998582165314,0.963258359556,2.6659487150,0.7465317239,0.719102923708,0.244155435848,1.3395278030,1.745253693985
2150,2671.918382668910908,0.963313132824,2.6661003075,0.7465429173,0.719154596415,0.244158536409,1.3395077187,0.919384086746
2151,2672.603779588146608,0.963353953801,2.6662132851,0.7465512587,0.719193106827,0.244160846974,1.3394927519,0.685396919236
2152,2673.874618711104631,0.963429614944,2.6664226876,0.7465667182,0.719264485812,0.244165129132,1.3394650145,1.270839122958
2153,2675.271759129636393,0.963512754119,2.6666527866,0.7465837034,0.719342920263,0.244169833856,1.3394345409,1.397140418532
2154,2676.066490230100499,0.963560026550,2.6667836195,0.7465933601,0.719387517926,0.244172508623,1.3394172161,0.794731100464
2155,2677.246193893199688,0.963630172152,2.6669777570,0.7466076881,0.719453694967,0.244176477186,1.3393915118,1.179703663099
2156,2678.538156521631663,0.963706957261,2.6671902702,0.7466233703,0.719526136443,0.244180820818,1.3393633788,1.291962628432
2157,2679.025281596284458,0.963735898912,2.6672703702,0.7466292808,0.719553441057,0.244182457855,1.3393527762,0.487125074653
2158,2680.039021548238452,0.963796111560,2.6674370169,0.7466415765,0.719610248145,0.244185863415,1.3393307197,1.013739951954
2159,2680.843117132923453,0.963843855862,2.6675691558,0.7466513253,0.719655292342,0.244188563520,1.3393132325,0.804095584685
2160,2681.841051456082823,0.963903089700,2.6677330935,0.7466634191,0.719711176620,0.244191913079,1.3392915395,0.997934323159
2161,2683.882275551469775,0.964024180893,2.6680682299,0.7466881388,0.719825421437,0.244198759456,1.3392472010,2.041224095387
2162,2684.529156904497540,0.964062536510,2.6681743842,0.7466959679,0.719861608773,0.244200927737,1.3392331592,0.646881353028
2163,2685.377113426632150,0.964112800505,2.6683134967,0.7467062268,0.719909031518,0.244203768987,1.3392147595,0.847956522135
2164,2686.496160151160439,0.964179109523,2.6684970159,0.7467197594,0.719971592705,0.244207516819,1.3391904893,1.119046724528
2165,2687.489939808026520,0.964237972700,2.6686599278,0.7467317713,0.720027129264,0.244210843436,1.3391689473,0.993779656866
2166,2688.385081595554311,0.964290974766,2.6688066182,0.7467425861,0.720077136248,0.244213838518,1.3391495525,0.895141787528
2167,2689.423275981137976,0.964352424992,2.6689766901,0.7467551236,0.720135114349,0.244217310643,1.3391270690,1.038194385584
2168,2690.633186856025077,0.964424009111,2.6691748089,0.7467697272,0.720202654226,0.244221354885,1.3391008815,1.209910874887
2169,2691.318382839996957,0.964464534309,2.6692869679,0.7467779939,0.720240890126,0.244223644183,1.3390860579,0.685195983972
2170,2692.368718958509817,0.964526635314,2.6694588409,0.7467906608,0.720299483319,0.244227151994,1.3390633447,1.050336118513
2171,2694.102820613441963,0.964629110880,2.6697424560,0.7468115602,0.720396171339,0.244232939540,1.3390258711,1.734101654932
2172,2695.208957968971390,0.964694442869,2.6699232712,0.7468248827,0.720457814103,0.244236628766,1.3390019846,1.106137355529
2173,2695.750049240105000,0.964726391675,2.6700116938,0.7468313971,0.720487958951,0.244238432724,1.3389903047,0.541091271134
2174,2696.695372581611537,0.964782193031,2.6701661317,0.7468427745,0.720540609784,0.244241583247,1.3389699067,0.945323341507
2175,2697.857558216759116,0.964850768720,2.6703559243,0.7468567550,0.720605314143,0.244245454577,1.3389448423,1.162185635148
2176,2698.290961321395571,0.964876334453,2.6704266809,0.7468619667,0.720629436724,0.244246897728,1.3389354990,0.433403104636
2177,2699.942027500086169,0.964973690515,2.6706961271,0.7468818112,0.720721297767,0.244252392748,1.3388999236,1.651066178691
2178,2700.731207011070182,0.965020203909,2.6708248592,0.7468912912,0.720765186164,0.244255017745,1.3388829295,0.789179510984
2179,2702.433544847737267,0.965120491611,2.6711024191,0.7469117287,0.720859814839,0.244260676772,1.3388462940,1.702337836667
2180,2703.143657511188849,0.965162306921,2.6712181487,0.7469202493,0.720899270895,0.244263036026,1.3388310210,0.710112663452
2181,2703.981714244772320,0.965211642145,2.6713546906,0.7469303014,0.720945822812,0.244265819333,1.3388130031,0.838056733583
2182,2704.955737551334096,0.965268962322,2.6715133320,0.7469419795,0.720999909506,0.244269052816,1.3387920714,0.974023306562
2183,2706.528247326756627,0.965361459209,2.6717693297,0.7469608222,0.721087189255,0.244274269954,1.3387582994,1.572509775423
2184,2707.090764646388834,0.965394534094,2.6718608690,0.7469675592,0.721118398812,0.244276135282,1.3387462249,0.562517319632
2185,2708.117069229273056,0.965454861030,2.6720278320,0.7469798464,0.721175323766,0.244279537264,1.3387242037,1.026304582884
2186,2708.476524960683491,0.965475984696,2.6720862946,0.7469841485,0.721195256303,0.244280728393,1.3387164936,0.359455731410
2187,2710.368359823606170,0.965587113503,2.6723938587,0.7470067790,0.721300119476,0.244286994027,1.3386759373,1.891834862923
2188,2711.458227864115088,0.965651098540,2.6725709460,0.7470198072,0.721360497487,0.244290601053,1.3386525904,1.089868040509
2189,2712.786687334756607,0.965729056265,2.6727867047,0.7470356788,0.721434061058,0.244294995207,1.3386241493,1.328459470642
2190,2713.525289303348018,0.965772382986,2.6729066173,0.7470444989,0.721474945895,0.244297437092,1.3386083446,0.738601968591
2191,2714.367906688518815,0.965821796900,2.6730433770,0.7470545575,0.721521575080,0.244300221820,1.3385903211,0.842617385171
2192,2715.339871631409096,0.965878777140,2.6732010776,0.7470661553,0.721575344494,0.244303432647,1.3385695403,0.971964942890
2193,2716.025049049534573,0.965918932562,2.6733122132,0.7470743279,0.721613237359,0.244305695203,1.3385548969,0.685177418125
2194,2717.665774871052690,0.966015047575,2.6735782246,0.7470938877,0.721703937430,0.244311110145,1.3385198521,1.640725821518
2195,2718.308652474352584,0.966052692031,2.6736824107,0.7471015476,0.721739461319,0.244313230712,1.3385061283,0.642877603300
2196,2719.770998978129683,0.966138288305,2.6739193101,0.7471189633,0.721820236357,0.244318051948,1.3384749272,1.462346503777
2197,2720.493474900152705,0.966180560373,2.6740363038,0.7471275632,0.721860127709,0.244320432665,1.3384595205,0.722475922023
2198,2721.798775616648072,0.966256905066,2.6742475981,0.7471430935,0.721932173204,0.244324731862,1.3384316989,1.305300716495
2199,2723.086082744475789,0.966332161496,2.6744558805,0.7471584007,0.722003192290,0.244328969206,1.3384042783,1.287307127828
2200,2723.768928849822714,0.966372066481,2.6745663230,0.7471665166,0.722040850638,0.244331215842,1.3383897402,0.682846105347
2201,2724.523924437069581,0.966416176180,2.6746884026,0.7471754871,0.722082477162,0.244333699018,1.3383736716,0.754995587247
2202,2725.882989203481884,0.966495547091,2.6749080724,0.7471916270,0.722157380341,0.244338166750,1.3383447617,1.359064766412
2203,2726.479701033963011,0.966530383232,2.6750044862,0.7471987103,0.722190255779,0.244340127453,1.3383320745,0.596711830481
2204,2727.274459431901505,0.966576769528,2.6751328666,0.7472081414,0.722234031477,0.244342738051,1.3383151823,0.794758397938
2205,2729.395041668594786,0.966700471784,2.6754752294,0.7472332889,0.722350772879,0.244349698905,1.3382701425,2.120582236693
2206,2730.492891807172327,0.966764476130,2.6756523702,0.7472462984,0.722411176234,0.244353299896,1.3382468433,1.097850138578
2207,2730.797702080186809,0.966782241917,2.6757015394,0.7472499093,0.722427942561,0.244354299356,1.3382403766,0.304810273014
2208,2732.004049913595281,0.966852534134,2.6758960827,0.7472641950,0.722494280617,0.244358253517,1.3382147929,1.206347833408
2209,2732.830123557482239,0.966900650399,2.6760292510,0.7472739730,0.722539690473,0.244360959926,1.3381972827,0.826073643887
2210,2734.200782967822306,0.966980455042,2.6762501212,0.7472901888,0.722615006832,0.244365448210,1.3381682444,1.370659410340
2211,2734.938856084208965,0.967023411702,2.6763690096,0.7472989165,0.722655547833,0.244367863868,1.3381526159,0.738073116387
2212,2736.000479107040064,0.967085178994,2.6765399590,0.7473114651,0.722713841979,0.244371337015,1.3381301462,1.061623022831
2213,2736.922048440000708,0.967138778260,2.6766883023,0.7473223533,0.722764427691,0.244374350569,1.3381106502,0.921569332961
2214,2738.266444163764845,0.967216937114,2.6769046176,0.7473382288,0.722838192671,0.244378744443,1.3380822249,1.344395723764
2215,2739.513547296201523,0.967289405389,2.6771051834,0.7473529468,0.722906587525,0.244382817864,1.3380558734,1.247103132437
2216,2740.311109421231322,0.967335733862,2.6772334038,0.7473623550,0.722950312162,0.244385421700,1.3380390292,0.797562125030
2217,2741.878852420557905,0.967426761009,2.6774853338,0.7473808385,0.723036223861,0.244390537147,1.3380059381,1.567742999327
2218,2742.254107878247851,0.967448541575,2.6775456145,0.7473852608,0.723056780549,0.244391761026,1.3379980212,0.375255457690
2219,2742.993068159927589,0.967491423574,2.6776642962,0.7473939670,0.723097253090,0.244394170484,1.3379824352,0.738960281680
2220,2743.953469810087881,0.967547138595,2.6778184952,0.7474052778,0.723149837864,0.244397300732,1.3379621870,0.960401650160
2221,2745.321831898193068,0.967626486627,2.6780381016,0.7474213846,0.723224728403,0.244401758223,1.3379333541,1.368362088105
2222,2746.714798952398269,0.967707220829,2.6782615445,0.7474377708,0.723300927887,0.244406292942,1.3379040224,1.392967054205
2223,2747.514097998184297,0.967753528472,2.6783897073,0.7474471686,0.723344634793,0.244408893679,1.3378872005,0.799299045786
2224,2748.916191066436568,0.967834726644,2.6786144343,0.7474636457,0.723421273216,0.244413453428,1.3378577082,1.402093068252
2225,2749.643649788653420,0.967876838999,2.6787309859,0.7474721905,0.723461020976,0.244415818023,1.3378424144,0.727458722217
2226,2750.314083410359672,0.967915640325,2.6788383739,0.7474800630,0.723497643776,0.244417996549,1.3378283242,0.670433621706
2227,2751.823671458527315,0.968002973073,2.6790800792,0.7474977803,0.723580073719,0.244422899354,1.3377966147,1.509588048168
2228,2752.715502493883378,0.968054544809,2.6792228110,0.7475082416,0.723628750606,0.244425794202,1.3377778923,0.891831035356
2229,2753.487796417396112,0.968099190598,2.6793463743,0.7475172974,0.723670890531,0.244428300067,1.3377616860,0.772293923513
2230,2754.458663082718431,0.968155297981,2.6795016591,0.7475286770,0.723723849019,0.244431448962,1.3377413212,0.970866665322
2231,2755.416876191486153,0.968210654714,2.6796548664,0.7475399034,0.723776099292,0.244434555422,1.3377212313,0.958213108768
2232,2757.301868214300612,0.968319496040,2.6799560996,0.7475619737,0.723878833646,0.244440662394,1.3376817377,1.884992022814
2233,2758.278103328339057,0.968375835590,2.6801120270,0.7475733965,0.723932012505,0.244443823084,1.3376612981,0.976235114038
2234,2758.858670968685146,0.968409331301,2.6802047309,0.7475801873,0.723963629232,0.244445702069,1.3376491473,0.580567640346
2235,2759.898613919658601,0.968469312943,2.6803707383,0.7475923467,0.724020246407,0.244449066536,1.3376273906,1.039942950973
2236,2760.657151540111499,0.968513049486,2.6804917851,0.7476012123,0.724061529922,0.244451519564,1.3376115281,0.758537620453
2237,2762.082880142575505,0.968595223103,2.6807192118,0.7476178676,0.724139095225,0.244456127877,1.3375817291,1.425728602464
2238,2762.444580467694323,0.968616063399,2.6807768901,0.7476220912,0.724158766900,0.244457296499,1.3375741725,0.361700325119
2239,2764.041846252089272,0.968708061364,2.6810315070,0.7476407346,0.724245606587,0.244462454777,1.3375408184,1.597265784395
2240,2765.407691146483103,0.968786687986,2.6812491169,0.7476566661,0.724319825322,0.244466862665,1.3375123172,1.365844894394
2241,2766.157035589918905,0.968829808470,2.6813684587,0.7476654025,0.724360528688,0.244469279782,1.3374966886,0.749344443436
2242,2766.887269747368009,0.968871818029,2.6814847259,0.7476739132,0.724400183581,0.244471634448,1.3374814640,0.730234157449
2243,2768.664523888139229,0.968974015173,2.6817675704,0.7476946150,0.724496653232,0.244477361941,1.3374444324,1.777254140771
2244,2769.144698796099874,0.969001615333,2.6818439576,0.7477002053,0.724522706758,0.244478908575,1.3374344328,0.480174907961
2245,2770.279093643343003,0.969066800651,2.6820243669,0.7477134075,0.724584239578,0.244482561072,1.3374108181,1.134394847243
2246,2771.017392142684912,0.969109210891,2.6821417430,0.7477219962,0.724624273692,0.244484937199,1.3373954559,0.738298499342
2247,2771.896293661727668,0.969159683090,2.6822814317,0.7477322168,0.724671918309,0.244487764781,1.3373771752,0.878901519043
2248,2773.029713424294641,0.969224747749,2.6824615070,0.7477453913,0.724733338252,0.244491409497,1.3373536121,1.133419762567
2249,2774.670010731832463,0.969318862948,2.6827219836,0.7477644456,0.724822182158,0.244496680790,1.3373195341,1.640297307538
2250,2775.725707342410260,0.969379406140,2.6828895452,0.7477767015,0.724879334854,0.244500071286,1.3372976157,1.055696610578
2251,2776.619160307926450,0.969430626826,2.6830313054,0.7477870694,0.724927687401,0.244502939425,1.3372790744,0.893452965516
2252,2777.512125202576044,0.969481803066,2.6831729426,0.7477974274,0.724975998250,0.244505804816,1.3372605513,0.892964894650
2253,2778.289695299772575,0.969526352577,2.6832962394,0.7478064435,0.725018053616,0.244508298961,1.3372444282,0.777570097197
2254,2779.127539134050949,0.969574341411,2.6834290551,0.7478161550,0.725063355973,0.244510985439,1.3372270622,0.837843834278
2255,2780.771118379071595,0.969668438007,2.6836894802,0.7478351952,0.725152185580,0.244516252427,1.3371930159,1.643579245021
2256,2781.656070227571490,0.969719079376,2.6838296371,0.7478454411,0.725199992698,0.244519086677,1.3371746954,0.884951848500
2257,2781.989239654647918,0.969738140822,2.6838823923,0.7478492975,0.725217987396,0.244520153425,1.3371678001,0.333169427076
2258,2783.943665286858959,0.969849912386,2.6841917353,0.7478719081,0.725323504541,0.244526407845,1.3371273733,1.954425632211
2259,2784.705283876121939,0.969893447313,2.6843122241,0.7478807138,0.725364603712,0.244528843601,1.3371116296,0.761618589263
2260,2786.043335738622773,0.969969902952,2.6845238255,0.7478961769,0.725436782153,0.244533120799,1.3370839842,1.338051862501
2261,2786.702566351368660,0.970007557571,2.6846280398,0.7479037919,0.725472330452,0.244535227118,1.3370703704,0.659230612746
2262,2787.932021258523946,0.970077759061,2.6848223320,0.7479179876,0.725538605396,0.244539153665,1.3370449923,1.229454907155
2263,2788.796278014511245,0.970127089324,2.6849588602,0.7479279620,0.725585176784,0.244541912540,1.3370271615,0.864256755987
2264,2789.197561121050967,0.970149988664,2.6850222373,0.7479325919,0.725606795524,0.244543193140,1.3370188850,0.401283106540
2265,2790.493080791035027,0.970223895401,2.6852267842,0.7479475335,0.725676569525,0.244547325876,1.3369921755,1.295519669984
2266,2792.113378557022770,0.970316281783,2.6854824761,0.7479662088,0.725763790583,0.244552491200,1.3369587934,1.620297765988
2267,2793.301469240871938,0.970383990454,2.6856698691,0.7479798939,0.725827714198,0.244556276256,1.3369343323,1.188090683849
2268,2794.238093335275607,0.970437347877,2.6858175430,0.7479906773,0.725878089148,0.244559258728,1.3369150583,0.936624094404
2269,2794.653824665328102,0.970461025449,2.6858830739,0.7479954623,0.725900443327,0.244560582122,1.3369065061,0.415731330052
2270,2796.034761603657898,0.970539650091,2.6861006783,0.7480113500,0.725974673855,0.244564976236,1.3368781103,1.380936938330
2271,2797.174539351897693,0.970604514914,2.6862802006,0.7480244558,0.726035914023,0.244568600891,1.3368546874,1.139777748240
2272,2797.972901229628405,0.970649933999,2.6864059041,0.7480336318,0.726078795331,0.244571138668,1.3368382884,0.798361877731
2273,2798.798140177045298,0.970696868511,2.6865358017,0.7480431133,0.726123107607,0.244573760905,1.3368213439,0.825238947417
2274,2800.067444818401327,0.970769031741,2.6867355233,0.7480576901,0.726191239493,0.244577792248,1.3367952943,1.269304641356
2275,2800.937603116235096,0.970818483578,2.6868723880,0.7480676783,0.726237929039,0.244580554539,1.3367774455,0.870158297834
2276,2802.224801536331597,0.970891607996,2.6870747698,0.7480824464,0.726306969300,0.244584638696,1.3367510557,1.287198420097
2277,2803.864955138344612,0.970984734782,2.6873325108,0.7481012517,0.726394895519,0.244589839263,1.3367174532,1.640153602013
2278,2804.418935676251294,0.971016177107,2.6874195318,0.7481076004,0.726424582174,0.244591594933,1.3367061095,0.553980537907
2279,2805.205300363064453,0.971060798216,2.6875430268,0.7481166094,0.726466711906,0.244594086310,1.3366900125,0.786364686813
2280,2806.002732416640811,0.971106034555,2.6876682245,0.7481257421,0.726509422719,0.244596611836,1.3366736951,0.797432053576
2281,2807.132318371189285,0.971170091161,2.6878455099,0.7481386732,0.726569903416,0.244600187745,1.3366505915,1.129585954548
2282,2808.153501197997684,0.971227978258,2.6880057203,0.7481503577,0.726624559360,0.244603418897,1.3366297158,1.021182826808
2283,2809.291652245192836,0.971292471052,2.6881842129,0.7481633744,0.726685452674,0.244607018378,1.3366064609,1.138151047195
2284,2810.724634082518605,0.971373633147,2.6884088400,0.7481797536,0.726762085523,0.244611547624,1.3365771997,1.432981837326
2285,2811.460992226052895,0.971415323353,2.6885242234,0.7481881663,0.726801449462,0.244613873891,1.3365621712,0.736358143534
2286,2812.861997588021950,0.971494613584,2.6887436699,0.7482041647,0.726876315860,0.244618297724,1.3365335923,1.401005361969
2287,2813.201488028300901,0.971513821181,2.6887968295,0.7482080399,0.726894451903,0.244619369278,1.3365266699,0.339490440279
2288,2814.656757980595103,0.971596130793,2.6890246326,0.7482246450,0.726972170034,0.244623960759,1.3364970089,1.455269952294
2289,2815.838653992747822,0.971662947149,2.6892095559,0.7482381229,0.727035259663,0.244627687487,1.3364729348,1.181896012153
2290,2816.337954815325247,0.971691165794,2.6892876549,0.7482438146,0.727061904525,0.244629261269,1.3364627685,0.499300822577
2291,2817.458907317419289,0.971754499683,2.6894629401,0.7482565882,0.727121706506,0.244632793177,1.3364399536,1.120952502094
2292,2817.949462160966959,0.971782208138,2.6895396270,0.7482621762,0.727147869882,0.244634338256,1.3364299730,0.490554843548
2293,2820.488842021916753,0.971925565168,2.6899363871,0.7482910835,0.727283234247,0.244642330921,1.3363783453,2.539379860950
2294,2820.660841053781041,0.971935270458,2.6899632478,0.7482930403,0.727292398506,0.244642871952,1.3363748507,0.171999031864
2295,2821.891930074871198,0.972004719132,2.6901554565,0.7483070418,0.727357975964,0.244646743168,1.3363498460,1.231089021090
2296,2822.923026217023107,0.972062862420,2.6903163759,0.7483187628,0.727412878588,0.244649983832,1.3363289145,1.031096142152
2297,2823.866992056608069,0.972116073830,2.6904636458,0.7483294887,0.727463124508,0.244652949322,1.3363097607,0.943965839585
2298,2824.281884122039628,0.972139455694,2.6905283582,0.7483342016,0.727485203381,0.244654252313,1.3363013449,0.414892065432
2299,2825.872656689750784,0.972229074242,2.6907763898,0.7483522634,0.727569828294,0.244659245948,1.3362690926,1.590772567711
2300,2826.712170374922607,0.972276349165,2.6909072296,0.7483617903,0.727614469329,0.244661879835,1.3362520815,0.839513685172
2301,2828.029973946251175,0.972350529366,2.6911125334,0.7483767377,0.727684517080,0.244666012287,1.3362253924,1.317803571329
2302,2828.851526590522553,0.972396757722,2.6912404767,0.7483860519,0.727728170407,0.244668587315,1.3362087621,0.821552644271
2303,2830.087545290015896,0.972466282587,2.6914328962,0.7484000587,0.727793822971,0.244672459617,1.3361837541,1.236018699493
2304,2831.128425437187161,0.972524807549,2.6915948720,0.7484118482,0.727849088657,0.244675718892,1.3361627056,1.040880147171
2305,2832.416550857944003,0.972597204442,2.6917952403,0.7484264307,0.727917454209,0.244679750233,1.3361366716,1.288125420757
2306,2833.138035851670793,0.972637739893,2.6919074276,0.7484345948,0.727955732713,0.244682007180,1.3361220967,0.721484993727
2307,2833.658717233308380,0.972666987109,2.6919883733,0.7484404850,0.727983351593,0.244683635516,1.3361115814,0.520681381638
2308,2834.980248462513828,0.972741194775,2.6921937531,0.7484554289,0.728053428131,0.244687766644,1.3360849042,1.321531229205
2309,2835.775847744530438,0.972785853214,2.6923173514,0.7484644213,0.728095600704,0.244690252510,1.3360688518,0.795599282017
2310,2837.014472081293206,0.972855354528,2.6925097058,0.7484784149,0.728161233689,0.244694120839,1.3360438726,1.238624336763
2311,2838.812881529271635,0.972956212339,2.6927888435,0.7484987192,0.728256478765,0.244699733574,1.3360076302,1.798409447978
2312,2839.485753395012580,0.972993931695,2.6928932370,0.7485063119,0.728292099296,0.244701832399,1.3359940780,0.672871865741
2313,2840.285754910691594,0.973038765962,2.6930173219,0.7485153362,0.728334439025,0.244704326937,1.3359779709,0.800001515679
2314,2840.920672973104047,0.973074339515,2.6931157766,0.7485224960,0.728368033438,0.244706306078,1.3359651918,0.634918062412
2315,2842.332641081100519,0.973153421582,2.6933346470,0.7485384114,0.728442716207,0.244710705375,1.3359367867,1.411968107996
2316,2843.469837884564640,0.973217085592,2.6935108458,0.7485512224,0.728502839066,0.244714246527,1.3359139229,1.137196803464
2317,2844.198986963261177,0.973257892357,2.6936237841,0.7485594332,0.728541376265,0.244716516092,1.3358992695,0.729149078697
2318,2845.025433610480377,0.973304131725,2.6937517578,0.7485687365,0.728585044118,0.244719087606,1.3358826668,0.826446647219
2319,2846.390776212726905,0.973380492694,2.6939630972,0.7485840988,0.728657158877,0.244723333816,1.3358552521,1.365342602247
2320,2847.535935529730978,0.973444510998,2.6941402766,0.7485969765,0.728717617753,0.244726893246,1.3358322720,1.145159317004
2321,2848.770308555407155,0.973513487828,2.6943311793,0.7486108503,0.728782759909,0.244730727919,1.3358075155,1.234373025676
2322,2849.797086647209653,0.973570841474,2.6944899134,0.7486223851,0.728836925413,0.244733916062,1.3357869333,1.026778091802
2323,2850.471888197435419,0.973608523206,2.6945942027,0.7486299630,0.728872512689,0.244736010517,1.3357734120,0.674801550226
2324,2851.678938036254294,0.973675904079,2.6947806884,0.7486435123,0.728936148694,0.244739755386,1.3357492365,1.207049838819
2325,2852.303726568369711,0.973710770309,2.6948771855,0.7486505229,0.728969077316,0.244741692993,1.3357367282,0.624788532115
2326,2852.926214764695032,0.973745500574,2.6949733062,0.7486575057,0.729001877648,0.244743622926,1.3357242696,0.622488196325
2327,2854.832394231931175,0.973851804262,2.6952675161,0.7486788767,0.729102274862,0.244749529400,1.3356861415,1.906179467236
2328,2855.853721192900139,0.973908732355,2.6954250724,0.7486903199,0.729156040358,0.244752691998,1.3356657265,1.021326960969
2329,2856.816133543913111,0.973962357959,2.6955734886,0.7487010983,0.729206687121,0.244755670838,1.3356464980,0.962412351013
2330,2857.736139807821928,0.974013603809,2.6957153184,0.7487113976,0.729255086588,0.244758517221,1.3356281248,0.920006263909
2331,2858.857860356251422,0.974076063159,2.6958881832,0.7487239494,0.729314077063,0.244761986096,1.3356057339,1.121720548429
2332,2859.838748954184211,0.974130660660,2.6960392892,0.7487349204,0.729365642635,0.244765018025,1.3355861638,0.980888597933
2333,2860.577436497612325,0.974171764583,2.6961530499,0.7487431793,0.729404464152,0.244767300431,1.3355714318,0.738687543428
2334,2862.120208234396614,0.974257577173,2.6963905479,0.7487604196,0.729485512302,0.244772064871,1.3355406800,1.542771736784
2335,2862.506966277762785,0.974279082313,2.6964500664,0.7487647398,0.729505823558,0.244773258755,1.3355329743,0.386758043366
2336,2863.363589552191115,0.974326703309,2.6965818639,0.7487743059,0.729550800979,0.244775902331,1.3355159120,0.856623274428
2337,2864.911426758851576,0.974412713827,2.6968199098,0.7487915819,0.729632037373,0.244780676454,1.3354850992,1.547837206660
2338,2866.493209755929911,0.974500562654,2.6970630434,0.7488092247,0.729715010789,0.244785551866,1.3354536336,1.581782997078
2339,2867.149356094088034,0.974536989388,2.6971638593,0.7488165396,0.729749416142,0.244787573246,1.3354405880,0.656146338158
2340,2868.224163663090621,0.974596640582,2.6973289521,0.7488285174,0.729805757472,0.244790883109,1.3354192271,1.074807569003
2341,2868.657629194218316,0.974620691341,2.6973955159,0.7488333465,0.729828473827,0.244792217514,1.3354106154,0.433465531128
2342,2869.843456574863467,0.974686468201,2.6975775623,0.7488465525,0.729890601488,0.244795866713,1.3353870651,1.185827380645
2343,2870.909506375380715,0.974745577903,2.6977411564,0.7488584188,0.729946432236,0.244799145667,1.3353659048,1.066049800517
2344,2872.023511113548011,0.974807323134,2.6979120448,0.7488708131,0.730004752680,0.244802570454,1.3353438037,1.114004738167
2345,2872.858555183438057,0.974853590887,2.6980400971,0.7488800997,0.730048454370,0.244805136517,1.3353272444,0.835044069890
2346,2874.569154072845777,0.974948329017,2.6983022978,0.7488991130,0.730137938869,0.244810390148,1.3352933427,1.710598889408
2347,2875.282119166366556,0.974987798532,2.6984115350,0.7489070335,0.730175219891,0.244812578641,1.3352792206,0.712965093521
2348,2875.889914340386440,0.975021438147,2.6985046372,0.7489137837,0.730206994388,0.244814443759,1.3352671854,0.607795174020
2349,2877.546649153796352,0.975113097293,2.6987583164,0.7489321743,0.730293572138,0.244819525155,1.3352343968,1.656734813410
2350,2878.527002624180113,0.975167310673,2.6989083593,0.7489430505,0.730344780424,0.244822530248,1.3352150064,0.980353470384
2351,2879.119907546978993,0.975200089254,2.6989990785,0.7489496261,0.730375742201,0.244824347053,1.3352032836,0.592904922799
2352,2879.868973936907423,0.975241491529,2.6991136649,0.7489579311,0.730414849839,0.244826641689,1.3351884778,0.749066389928
2353,2880.978994738386064,0.975302824617,2.6992834126,0.7489702332,0.730472783975,0.244830040642,1.3351665469,1.110020801479
2354,2882.153646390636823,0.975367703089,2.6994629726,0.7489832451,0.730534067417,0.244833635672,1.3351433514,1.174651652251
2355,2884.013657552839959,0.975470381338,2.6997471487,0.7490038354,0.730631056925,0.244839324414,1.3351066480,1.860011162203
2356,2884.346757790142874,0.975488762488,2.6997980210,0.7490075210,0.730648419802,0.244840342686,1.3351000783,0.333100237303
2357,2885.773055402722093,0.975567444501,2.7000157842,0.7490232967,0.730722743389,0.244844701112,1.3350719590,1.426297612579
2358,2886.308874639772512,0.975596993035,2.7000975638,0.7490292206,0.730750655300,0.244846337735,1.3350614002,0.535819237050
2359,2887.224885507060662,0.975647495090,2.7002373351,0.7490393447,0.730798360364,0.244849134726,1.3350433553,0.916010867288
2360,2888.394382456172025,0.975711949208,2.7004157207,0.7490522646,0.730859245135,0.244852704072,1.3350203281,1.169496949111
2361,2889.404168047577969,0.975767580213,2.7005696870,0.7490634148,0.730911795728,0.244855784485,1.3350004555,1.009785591406
2362,2890.642626361553084,0.975835782694,2.7007584467,0.7490770835,0.730976222097,0.244859560596,1.3349760952,1.238458313975
2363,2891.280078215454978,0.975870876077,2.7008555724,0.7490841161,0.731009372671,0.244861503406,1.3349635621,0.637451853902
2364,2892.462624016639438,0.975935957814,2.7010356950,0.7490971573,0.731070851727,0.244865106087,1.3349403215,1.182545801184
2365,2894.174448736821432,0.976030121443,2.7012963057,0.7491160237,0.731159803543,0.244870317901,1.3349067013,1.711824720182
2366,2894.746550356224816,0.976061579051,2.7013833689,0.7491223258,0.731189520212,0.244872058838,1.3348954711,0.572101619403
2367,2895.641103861971260,0.976110754554,2.7015194688,0.7491321769,0.731235974421,0.244874780133,1.3348779173,0.894553505746
2368,2896.825405168247471,0.976175834743,2.7016995871,0.7491452129,0.731297453539,0.244878381204,1.3348546888,1.184301306276
2369,2897.428300566969938,0.976208955069,2.7017912521,0.7491518466,0.731328741381,0.244880213687,1.3348428686,0.602895398722
2370,2898.541353179908128,0.976270083003,2.7019604320,0.7491640892,0.731386487508,0.244883595495,1.3348210552,1.113052612938
2371,2899.177779836548325,0.976305024485,2.7020571373,0.7491710866,0.731419496070,0.244885528415,1.3348085876,0.636426656640
2372,2901.263850361997356,0.976419501441,2.7023739678,0.7491940094,0.731527641137,0.244891860304,1.3347677470,2.086070525449
2373,2902.065102481250051,0.976463449746,2.7024956008,0.7492028085,0.731569158936,0.244894290811,1.3347520707,0.801252119253
2374,2902.855785528508477,0.976506806449,2.7026155963,0.7492114885,0.731610118035,0.244896688414,1.3347366068,0.790683047258
2375,2903.957879043036883,0.976567219489,2.7027827977,0.7492235823,0.731667190570,0.244900028920,1.3347150618,1.102093514528
2376,2904.598196021987860,0.976602308972,2.7028799126,0.7492306062,0.731700339962,0.244901969009,1.3347025492,0.640316978951
2377,2906.176417596628653,0.976688762771,2.7031191852,0.7492479100,0.731782014262,0.244906748509,1.3346717243,1.578221574641
2378,2906.923339342985400,0.976729662220,2.7032323800,0.7492560953,0.731820652885,0.244909009335,1.3346571436,0.746921746357
2379,2907.605736911210897,0.976767019311,2.7033357709,0.7492635712,0.731855945106,0.244911074205,1.3346438269,0.682397568225
2380,2908.658045519742700,0.976824609587,2.7034951598,0.7492750953,0.731910352413,0.244914257174,1.3346232997,1.052308608532
2381,2910.028233435046332,0.976899565401,2.7037026102,0.7492900927,0.731981165962,0.244918399440,1.3345965864,1.370187915304
2382,2911.142903664579990,0.976960517150,2.7038713025,0.7493022869,0.732038749752,0.244921767398,1.3345748671,1.114670229534
2383,2912.345904726055778,0.977026272773,2.7040532901,0.7493154409,0.732100872378,0.244925400395,1.3345514391,1.203001061476
2384,2913.522785866686263,0.977090574412,2.7042312537,0.7493283028,0.732161621761,0.244928952651,1.3345285322,1.176881140630
2385,2914.044611072102725,0.977119077235,2.7043101391,0.7493340036,0.732188550113,0.244930527122,1.3345183793,0.521825205416
2386,2914.802702223863434,0.977160476143,2.7044247162,0.7493422833,0.732227662322,0.244932813821,1.3345036338,0.758091151761
2387,2915.685975327455253,0.977208697583,2.7045581757,0.7493519268,0.732273220427,0.244935477157,1.3344864599,0.883273103592
2388,2917.274173441487619,0.977295366986,2.7047980450,0.7493692575,0.732355103529,0.244940263457,1.3344555971,1.588198114032
2389,2917.982416701912371,0.977334001248,2.7049049706,0.7493769822,0.732391604458,0.244942396791,1.3344418414,0.708243260425
2390,2919.321772326527480,0.977407036699,2.7051071062,0.7493915839,0.732460607383,0.244946429316,1.3344158400,1.339355624615
2391,2920.615555992141253,0.977477555288,2.7053022760,0.7494056809,0.732527232902,0.244950322386,1.3343907385,1.293783665614
2392,2921.083198937260022,0.977503036810,2.7053727996,0.7494107744,0.732551307803,0.244951729007,1.3343816691,0.467642945119
2393,2922.396084557395170,0.977574553189,2.7055707309,0.7494250687,0.732618876699,0.244955676489,1.3343562175,1.312885620135
2394,2923.390932357376641,0.977628723806,2.7057206554,0.7494358950,0.732670057598,0.244958666209,1.3343369415,0.994847799981
2395,2924.333434993952778,0.977680027166,2.7058626445,0.7494461474,0.732718529748,0.244961497418,1.3343186878,0.942502636576
2396,2925.261509119313359,0.977730528983,2.7060024151,0.7494562388,0.732766244838,0.244964284145,1.3343007212,0.928074125361
2397,2926.295436226225775,0.977786772001,2.7061580753,0.7494674766,0.732819384618,0.244967387383,1.3342807144,1.033927106912
2398,2926.624014686465671,0.977804641677,2.7062075321,0.7494710468,0.732836268390,0.244968373287,1.3342743582,0.328578460240
2399,2928.761073846998443,0.977920816288,2.7065290612,0.7494942555,0.732946034181,0.244974782107,1.3342330413,2.137059160533
2400,2930.004366371979359,0.977988365043,2.7067160115,0.7495077481,0.733009857184,0.244978507859,1.3342090225,1.243292524981
2401,2930.711168697389439,0.978026753217,2.7068222560,0.7495154154,0.733046128199,0.244980625019,1.3341953741,0.706802325410
2402,2931.069101109814710,0.978046189876,2.7068760496,0.7495192973,0.733064492955,0.244981696922,1.3341884640,0.357932412425
2403,2932.806414415832933,0.978140496793,2.7071370569,0.7495381307,0.733153599504,0.244986897289,1.3341549403,1.737313306018
2404,2933.174857162008266,0.978160489862,2.7071923904,0.7495421230,0.733172490206,0.244987999656,1.3341478341,0.368442746175
2405,2934.290717835787746,0.978221025281,2.7073599304,0.7495542103,0.733229688093,0.244991337188,1.3341263197,1.115860673779
2406,2935.552463705747869,0.978289447243,2.7075492975,0.7495678709,0.733294338138,0.244995109106,1.3341020057,1.261745869960
2407,2936.550374848601678,0.978343541150,2.7076990098,0.7495786699,0.733345450316,0.244998090834,1.3340827856,0.997911142854
2408,2937.708958981568230,0.978406321625,2.7078727633,0.7495912019,0.733404770603,0.245001551022,1.3340604818,1.158584132967
2409,2938.581220350578405,0.978453570724,2.7080035316,0.7496006328,0.733449415789,0.245004154936,1.3340436977,0.872261369010
2410,2939.847529162594128,0.978522139833,2.7081933060,0.7496143179,0.733514206416,0.245007933417,1.3340193431,1.266308812016
2411,2941.261601534687088,0.978598675265,2.7084051282,0.7496295912,0.733586524923,0.245012150341,1.3339921632,1.414072372093
2412,2941.425217756342136,0.978607528474,2.7084296307,0.7496313579,0.733594890379,0.245012638096,1.3339890194,0.163616221655
2413,2942.724885865147371,0.978677835521,2.7086242150,0.7496453865,0.733661324231,0.245016511289,1.3339640556,1.299668108805
2414,2943.353684960178271,0.978711839989,2.7087183270,0.7496521709,0.733693455576,0.245018384413,1.3339519830,0.628799095031
2415,2944.321648794483281,0.978764171757,2.7088631623,0.7496626113,0.733742904886,0.245021266870,1.3339334053,0.967963834305
2416,2945.944499285887105,0.978851870573,2.7091058807,0.7496801057,0.733825773808,0.245026096765,1.3339022770,1.622850491404
2417,2946.922394896188507,0.978904692714,2.7092520732,0.7496906417,0.733875687199,0.245029005514,1.3338835307,0.977895610301
2418,2948.374261864690652,0.978983084633,2.7094690335,0.7497062762,0.733949762821,0.245033321812,1.3338557136,1.451866968502
2419,2948.867577209394767,0.979009711852,2.7095427280,0.7497115863,0.733974924068,0.245034787784,1.3338462661,0.493315344704
2420,2949.790143025785710,0.979059496368,2.7096805134,0.7497215139,0.734021967862,0.245037528506,1.3338286035,0.922565816391
2421,2950.521108352418196,0.979098930473,2.7097896526,0.7497293771,0.734059231223,0.245039699250,1.3338146144,0.730965326632
2422,2952.283829638947736,0.979193985559,2.7100527305,0.7497483290,0.734149054394,0.245044931164,1.3337808987,1.762721286530
2423,2952.827176583512028,0.979223274204,2.7101337909,0.7497541679,0.734176731144,0.245046543060,1.3337705115,0.543346944564
2424,2953.589030993759025,0.979264332231,2.7102474245,0.7497623527,0.734215529688,0.245048802542,1.3337559513,0.761854410247
2425,2954.711275290933372,0.979324793182,2.7104147585,0.7497744046,0.734272663684,0.245052129498,1.3337345126,1.122244297174
2426,2956.258730424156965,0.979408124730,2.7106453899,0.7497910134,0.734351410367,0.245056714363,1.3337049686,1.547455133224
2427,2957.236259246842565,0.979460742867,2.7107910177,0.7498014996,0.734401133824,0.245059609043,1.3336863163,0.977528822686
2428,2958.290776254197226,0.979517485604,2.7109480610,0.7498128069,0.734454755274,0.245062730330,1.3336662042,1.054517007355
2429,2959.221014234687118,0.979567524194,2.7110865496,0.7498227774,0.734502041616,0.245065482578,1.3336484702,0.930237980490
2430,2960.033617812008288,0.979611222222,2.7112074898,0.7498314838,0.734543336341,0.245067885881,1.3336329850,0.812603577321
2431,2960.814839266220133,0.979653221357,2.7113237282,0.7498398513,0.734583025782,0.245070195575,1.3336181030,0.781221454212
2432,2961.825970575348492,0.979707564192,2.7114741294,0.7498506771,0.734634380350,0.245073183843,1.3335988492,1.011131309128
2433,2962.819636335281302,0.979760950278,2.7116218826,0.7498613114,0.734684831057,0.245076119221,1.3335799364,0.993665759933
2434,2964.633921494808419,0.979858379117,2.7118915302,0.7498807167,0.734776903583,0.245081475534,1.3335454263,1.814285159527
2435,2965.398341584290847,0.979899411352,2.7120050925,0.7498888884,0.734815680277,0.245083731075,1.3335308944,0.764420089482
2436,2966.065269745648038,0.979935201815,2.7121041475,0.7498960157,0.734849503472,0.245085698343,1.3335182200,0.666928161357
2437,2967.270190426496356,0.979999843056,2.7122830509,0.7499088874,0.734910591939,0.245089251117,1.3334953310,1.204920680848
2438,2968.405348995407621,0.980060717711,2.7124515298,0.7499210079,0.734968121207,0.245092596504,1.3334737786,1.135158568911
2439,2969.401136655698792,0.980114099218,2.7125992704,0.7499316355,0.735018569410,0.245095529808,1.3334548813,0.995787660291
2440,2970.049930110913465,0.980148869666,2.7126955024,0.7499385574,0.735051429376,0.245097440289,1.3334425735,0.648793455215
2441,2971.122238124934483,0.980206320659,2.7128545058,0.7499499936,0.735105723949,0.245100596710,1.3334222394,1.072308014021
2442,2972.308884109068913,0.980269873369,2.7130303966,0.7499626433,0.735165785375,0.245104087995,1.3333997486,1.186645984134
2443,2972.811686391357853,0.980296794091,2.7131049034,0.7499680013,0.735191227317,0.245105566774,1.3333902224,0.502802282289
2444,2975.018020412780970,0.980414870431,2.7134316957,0.7499914991,0.735302818446,0.245112051985,1.3333484462,2.206334021423
2445,2975.619957166153654,0.980447069066,2.7135208098,0.7499979061,0.735333248841,0.245113820225,1.3333370558,0.601936753373
2446,2976.526232137094212,0.980495534994,2.7136549459,0.7500075494,0.735379053372,0.245116481621,1.3333199124,0.906274970941
2447,2977.553574913470129,0.980550457564,2.7138069516,0.7500184765,0.735430960268,0.245119497296,1.3333004871,1.027342776376
2448,2977.981978512600108,0.980573354766,2.7138703227,0.7500230317,0.735452600322,0.245120754443,1.3332923894,0.428403599130
2449,2979.319042212011482,0.980644796615,2.7140680478,0.7500372434,0.735520120055,0.245124676560,1.3332671260,1.337063699411
2450,2980.487381006559190,0.980707196929,2.7142407491,0.7500496553,0.735579095031,0.245128101899,1.3332450630,1.168338794548
2451,2981.343947481810119,0.980752930122,2.7143673220,0.7500587512,0.735622318031,0.245130612091,1.3332288949,0.856566475251
2452,2982.523719895924842,0.980815898190,2.7145415947,0.7500712739,0.735681830254,0.245134067936,1.3332066362,1.179772414115
2453,2983.825333266519465,0.980885340391,2.7147337854,0.7500850828,0.735747461736,0.245137878655,1.3331820922,1.301613370595
2454,2984.639177804446717,0.980928744312,2.7148539117,0.7500937130,0.735788484055,0.245140260257,1.3331667532,0.813844537927
2455,2985.547666235421275,0.980977181800,2.7149879690,0.7501033435,0.735834263959,0.245142917841,1.3331496369,0.908488430975
2456,2986.805393383297996,0.981044215176,2.7151734930,0.7501166700,0.735897619839,0.245146595337,1.3331259522,1.257727147877
2457,2987.856151502432112,0.981100196038,2.7153284277,0.7501277982,0.735950529885,0.245149666153,1.3331061752,1.050758119134
2458,2988.634699666939014,0.981141661772,2.7154431898,0.7501360404,0.735989721221,0.245151940551,1.3330915276,0.778548164507
2459,2988.855046367445084,0.981153395549,2.7154756646,0.7501383726,0.736000811430,0.245152584119,1.3330873829,0.220346700506
2460,2990.423270573698574,0.981236880755,2.7157067213,0.7501549651,0.736079718065,0.245157162690,1.3330578967,1.568224206253
2461,2992.163668675063036,0.981329480485,2.7159630036,0.7501733666,0.736167240144,0.245162240341,1.3330251972,1.740398101364
2462,2992.868866378300936,0.981366985946,2.7160668051,0.7501808190,0.736202689250,0.245164296696,1.3330119548,0.705197703238
