14.134725141734695
21.022039638771556
25.010857580145689
37.586178158825675
40.918719012147498
43.327073280915002
52.970321477714464
60.83177852460981
65.112544048081602
67.079810529494168
69.546401711173985
72.067157674481905
79.337375020249368
95.870634228245308
98.831194218193687
101.31785100573138
103.72553804047834
105.44662305232609
107.1686111842764
118.79078286597621
121.37012500242065
122.94682929355258
124.25681855434577
127.5166838795965
129.57870419995606
131.08768853093267
133.4977372029976
134.75650975337388
138.11604205453344
139.73620895212139
141.12370740402113
143.11184580762063
153.02469381119889
156.11290929423788
157.59759181759406
158.84998817142051
161.18896413759603
163.030709687182
169.09451541556882
169.91197647941169
173.41153651959155
174.75419152336573
176.44143429771043
178.37740777609997
179.916484020257
182.20707848436646
187.22892258350186
189.41615865601693
195.26539667952923
196.87648184095832
198.01530967625192
201.2647519437038
202.49359451414054
204.18967180310455
205.39469720216329
207.90625888780622
209.57650971685626
211.6908625953653
213.34791935971268
214.54704478349143
216.16953850826371
219.06759634902139
220.71491883931401
221.43070555469333
227.42144427967929
229.33741330552536
231.25018870049917
231.98723525318024
233.69340417890831
236.52422966581619
237.7698204809252
239.55547757332764
241.04915779621658
242.82327193422259
244.07089849707816
247.13699007489751
248.10199006014847
249.5736896447072
251.01494779501601
253.06998674799948
258.61043949153139
259.87440698967799
260.80508450459689
263.57389390487015
265.55785183887633
266.61497378150108
267.92191508282406
269.97044902399762
271.49405564164499
273.45960918840331
275.58749264934386
276.45204950313291
278.25074352984194
279.22925092774517
282.46511476505208
283.21118573323389
284.83596398090475
286.66744536300291
287.91192050142217
289.57985492921881
291.84629132906741
293.55843413935628
297.97927706194344
299.8403260537213
301.64932546219416
302.6967495896069
307.21949612817008
310.1094631467019
311.16514153035598
312.42780118060091
313.98528573115891
315.47561608947575
323.46696955751207
324.86286605173962
327.44390126190547
329.03307168048093
329.95323972823388
331.47446758266341
336.84185042839067
338.3399928508066
339.85821672536355
341.04226111104657
342.05487751036361
344.66170294025233
346.34787056600993
347.27267758442048
349.31626087069617
350.40841934919212
351.87864902535927
353.4889004887188
356.01757497726493
359.74375495311443
361.28936169580464
363.33133057897385
364.73602411408899
366.21271028833132
367.99357548174032
368.96843809573437
370.05091921210601
373.06192837211285
373.86487391090856
375.82591276673935
378.43668024996549
379.87297534653237
381.48446861718651
383.44352944953647
384.95611681486366
385.86130084597426
387.222890222388
388.84612835423223
393.42774384443402
397.91873620961422
399.98511987619491
401.8392286005332
402.86191776388614
404.23644180020801
405.13438745990993
407.5814603868962
408.94724550235111
410.51386919336665
411.97226780427877
413.26273607018504
415.01880975515513
418.38770578953478
419.86136481815231
420.64382762504181
422.07671005882673
423.71657962748179
425.06988249446135
432.13864173458859
433.88921848092724
436.16100643264696
437.58169816766861
438.62173865627221
439.91844221437066
441.68319920118904
442.90454630260945
444.31933627755916
449.14854568502329
450.12694578031352
451.4033084453888
453.98673780667792
454.97468376861679
456.32842668924604
457.90389306410299
459.51341528110601
460.08794442217584
462.06536727488253
464.05728691054827
465.67153921137111
469.53600455911203
470.77365547810166
475.60033936937577
476.7690152374845
478.07526376667096
478.94218153463481
481.83033937628659
482.83478279098239
483.85142721248252
485.53914812935602
486.52871826165125
488.38056709001745
489.66176157795616
491.398821593663
493.31444158178527
493.95799780536947
495.35882882213127
496.42969621575912
498.58078242968656
500.30908494169051
501.60444696514548
502.27627032711825
506.46415270952355
508.8007003364678
510.26422794367284
511.56228970037461
512.62314453140743
513.66898555547368
515.43505716729942
520.10631041172326
521.52519344949201
522.45669617773024
523.96053089201587
525.07738568727962
529.80622631870688
530.86691788396104
532.68818302829368
533.77963075376874
535.66431407587322
537.06975908312234
538.42852617624794
540.21316637622817
541.84743712120132
544.3238901010053
545.63683324893486
547.01091205812224
547.93161336448929
549.4975675626614
550.9700100394839
552.04957220056485
553.76497211915887
557.56465917205855
559.31623702868217
560.24080749729569
562.5592076160458
564.16087911078614
566.69878768280796
567.73175790117693
568.92395517962939
570.05111478246363
572.41998413245278
573.61461052675816
575.09388601449484
575.80724714092878
577.03900347209822
581.94657626590163
583.2360882191673
584.56170590346551
585.98456320498826
586.74277189125019
588.13966326624791
590.66039751676533
591.7258580650481
592.5713583002256
593.97471468223102
595.72815369738896
596.36276832839371
601.60213673593262
602.57916788638738
603.62561890357915
604.61621849375319
606.38346042210901
610.83916293773939
611.77420962088718
613.59977867563714
614.64623787223263
615.53856336940703
618.11283136644238
619.18448259795366
620.2728936722275
621.7092945279486
622.37500273977901
624.26990001817785
626.01928342765439
627.26839685078301
628.32586235946042
632.22514116711591
633.54685825225181
635.52380031060545
638.92793826685681
640.69479466882569
641.94549966570526
643.27888378139789
644.99057822974805
646.34819159550159
647.76175300428883
648.7864008887824
650.19751934525641
655.70946302235564
656.96408459946065
658.17561441860539
659.66384597296405
660.71673259527927
662.29658643110042
666.51514770417293
667.14849489455548
668.97584882023511
670.32358520586263
674.35589781012322
676.1396743636268
679.74219788252822
684.01354981386953
684.97262986209842
686.163223587728
687.9615431847036
689.36894136227238
690.4747350323504
694.53390869987311
695.72633592092677
696.62606990034567
699.13209547601355
700.29673913214344
701.3017429546461
702.22734314576053
704.03383929552535
705.12581395461928
706.18465479951794
712.74938347010129
714.08277182066945
716.11239645405215
717.48256970310024
718.74278654548584
719.69710098836572
721.35116221853639
722.27750497567422
723.84582104512845
724.56261389037911
727.05640323004934
732.8180527144998
737.05292891226532
738.58042117137381
739.90952367404191
740.57380744729505
741.75733557294166
743.89501314247366
745.3449895506119
746.49930589943233
750.65595036212426
752.88762156720236
754.3223704717127
755.83930897603784
756.76824843995098
758.10172924641256
758.90023822489241
760.28236698351202
762.70003324969105
766.08754009983625
767.21847215553953
768.28146180650924
769.69340725262441
771.07083931367833
775.04784709658054
775.99971196317142
777.29974852959253
784.28882261246554
785.739089700715
790.05909236411958
790.83162046792108
792.42770760860458
794.48379186989314
795.60659615616237
797.26347003803562
798.70757016629625
799.65433621089767
803.24309620427016
804.76223911266175
805.86163566709479
808.1518149359938
809.19778336330069
810.0818048864071
811.18435884650626
812.77110838910937
814.04591360751101
814.87053962587254
816.72773771439472
818.3806688663617
819.20464217082383
820.72189844386924
824.52629387162972
826.03928737657441
826.90581095408072
828.34017430048993
829.43701096830932
830.89588405331745
831.79977765907063
833.00364090915423
834.65191514782555
838.2490219927322
839.46539481028242
841.03638982901339
842.04135420652642
846.19476992769398
847.97171763951201
848.48928118094352
849.86227434869784
850.64544846600404
853.16311258338919
854.09551171986902
855.28671024440496
856.48411749079162
857.3107406026038
858.90402646647567
860.41067089601472
861.17109821271538
863.18971977190893
864.34082393006952
865.59466432651595
866.42373990404269
867.69312261178504
868.67049422913158
870.84690232575406
872.18875082161321
875.98528510878032
879.380951969791
880.83464884793943
882.38669662719644
883.43033183870159
884.19874311459478
885.27230447961711
886.85280196291626
888.47556667381718
889.73529429409075
890.81313211252802
892.38643326015585
893.11911756729421
894.88629232086873
900.84973986052137
902.24320758675231
903.09967444263043
904.70290272228135
905.82994075822216
912.33104560003562
914.73009695837561
916.35500080864279
917.82537757042678
921.1563955071548
922.50062930663682
923.28571980242225
924.77348393347665
926.55155278460302
927.85085898575358
928.66365932893484
929.8740928506478
931.00921133662803
931.85274074552012
934.38530683725844
934.99542486384644
936.22864937928296
937.53292571197039
939.02430089921836
939.66094061452816
941.15699964204236
942.05234164337548
944.18803580957274
945.33356250304598
948.34664625504502
952.72798861985063
954.1297192695514
954.82930893821663
958.41459339013613
959.45916880706807
961.66957247419271
963.18208667131148
967.37115376626286
968.63630190608728
970.12561055694118
971.07149148638575
974.7746350658374
976.17850242058967
976.91720211705058
978.76667153511301
982.39648516877901
983.57507600643135
985.18692865577339
988.99262237065739
990.22391780402802
991.37429414776147
992.7286963367327
994.40459057109445
996.20533616429827
997.51193475193918
998.82754713692964
999.79157155741291
1001.3494826377828
1002.4043054883917
1003.2678081794533
1004.6750441211728
1005.5434203043784
1008.0067043070636
1008.7957099007423
1009.8065907469646
1010.569757011061
1014.6896326223704
1016.0601789426473
1017.2664023643554
1018.6055725186202
1019.912439743944
1022.8852709117164
1029.2272974439613
1030.8973687905966
1031.8331802974078
1032.8128830351588
1034.6129155295207
1036.1959173580547
1037.0247076462817
1038.0877522406188
1039.0774014368967
1040.2640379376958
1041.6215280145423
1045.1070423529779
1048.9537851946859
1049.9962842565933
1051.5765718432051
1053.2457851583858
1054.7810394782814
1061.5013044650684
1062.9153815078805
1064.0715510717184
1065.121855106293
1066.4632234692431
1070.5350419968292
1071.6186232150894
1072.5439980111216
1073.5703531650938
1074.7477710443111
1076.2666255941774
1076.9240560657545
1081.1710023434678
1084.1832643104301
1085.6478312086394
1086.9119989898252
1090.8631910262488
1091.7284729669368
1093.4408732723687
1094.2844575237541
1095.4330847586614
1096.4019177947425
1098.8410154666499
1099.3606671785717
1100.5744606224625
1101.8391111687561
1102.5517798999176
1103.7322971745468
1105.617188830762
1106.7743716758328
1107.7745319550102
1109.1589188567664
1110.4441429936132
1111.4435047648999
1112.4329954080765
1113.397595114802
1115.0653594615667
1118.6841348610185
1119.4732474261789
1121.1559376758105
1122.4586213568805
1123.1011173878092
1131.495085561917
1133.7086256694563
1134.8856545915332
1135.5622139754776
1136.9292934809696
1138.1515897798056
1138.9923418204937
1142.8586596078565
1146.576814924867
1147.5017765233192
1148.615277208834
1149.9826010281072
1151.5628147236732
1152.9431285305898
1153.8903037162713
1154.6975195353823
1158.001609027295
1159.4806570190224
1161.3966446343782
1162.4875286020053
1163.7010316827786
1166.9436134095288
1168.0862716101387
1169.698356884885
1170.4636385782837
1172.1206818656956
1173.3056877640483
1174.2327668564562
1175.2154523959507
1176.6328758097884
1181.26731815168
1182.5822703469205
1183.7127752959743
1185.1558428474657
1185.8753586953567
1187.3451614932674
1188.8564442982292
1189.9636364979185
1191.4826059264135
1192.2186114781016
1196.0346717486711
1197.071786658822
1198.6865691046305
1199.356513707894
1200.53269203122
1201.810334856606
1203.1373508614254
1203.8552475940969
1204.9854921714664
1206.870499793853
1208.471459949531
1213.5983726803681
1217.1744824977388
1220.8163476909781
1221.6922424831437
1222.9524840951083
1225.0183300241686
1225.8550207607957
1227.231827641491
1230.5846031542492
1231.5622738776453
1232.5295870405978
1234.2778166534317
1235.502548526521
1236.399017465779
1237.9772985135812
1239.4908071467958
1240.8134717852163
1244.8514339669839
1245.6558661881479
1249.1598879530029
1250.6723972756781
1251.6598320042713
1255.4082306452908
1256.1812141984608
1257.5412194126441
1258.7792334885951
1260.3445483161854
1261.6117171614799
1262.5566140003561
1263.6767328438618
1264.9572230069998
1266.1790377605621
1270.1189218864927
1271.13429963161
1272.083959599333
1273.2611446334558
1274.1962208894804
1275.0920303158405
1281.8287269596999
1287.4100266170753
1290.4177080730426
1291.9458709680832
1293.4939815574176
1294.1184743778483
1295.3653635053583
1296.8011109923473
1298.2565270678895
1299.4051712507439
1300.4900189824477
1301.4955166805751
1302.346742379247
1303.2732002287942
1305.4016721880043
1306.5083933129688
1307.2672421078025
1311.0565705111119
1311.9669406080493
1313.0315993690197
1314.0525656517261
1316.2121126028539
1317.0729860348299
1318.171279132165
1318.9478805965664
1319.9310828775365
1324.2249787188443
1325.2376243589824
1325.9819696304462
1327.6352811084575
1330.4299371204593
1331.8275913852851
1333.6735226102849
1334.7473290516898
1335.6949745260022
1336.6901846533858
1337.68879180967
1338.9231645986704
1340.4264004573001
1341.1662722529263
1342.6085078837768
1344.1560440035958
1349.0851940140476
1351.2962063740968
1352.2104651591756
1353.4833383582645
1355.6805953206365
1356.6056557098079
1357.7717428285794
1358.4601603991591
1360.3931447621912
1361.3930747136396
1363.0223286032808
1365.4937335512952
1367.1040909700082
1368.3301933079858
1369.6869490773429
1370.9735227677836
1371.6865535528275
1373.2029145623733
1374.1547986586406
1375.3023923447488
1376.1617799936193
1377.1776336421046
1379.683283028613
1381.0739771492056
1382.3456629784737
1383.2975910079465
1384.4444158477602
1385.6637770111927
1387.3266476634894
1387.9214541271128
1389.5658317983939
1390.7054902864277
1391.8532004432698
1394.8841846756804
1396.5441631236824
1397.8346233213872
1398.8376752013858
1402.564347250066
1404.0062921705228
1405.6669750592469
1407.0851427764364
1408.1363074961896
1409.320681079839
1410.0248107258021
1411.2570568157066
1411.9656534617729
1413.8431487885689
1417.1028229338226
1418.6969638524522
1419.4224809459956
1420.4165263237512
1421.8505671870487
1422.4613109875074
1424.4630456695791
1425.8734692449966
1428.5923058759788
1429.6504772761916
1431.2183136727517
1432.0497408933136
1435.6929073834192
1437.2267216238013
1438.0062848417224
1441.9609875048618
1442.9110595808968
1444.0419307063667
1445.072278459201
1445.83008477971
1447.2262270999759
1448.3238535157254
1449.4887712807313
1450.7735618582974
1451.8352979993933
1455.3120912398197
1456.1677976083872
1457.5390016684112
1458.3937773686873
1460.6882705354192
1463.2868911904275
1464.6969032978764
1465.8895576140853
1466.5056211078877
1467.703989586071
1469.3476498782697
1470.966589127165
1474.2032215656989
1476.092127038241
1477.4351911475001
1478.4413959734129
1479.75991870649
1480.7668790179823
1481.9646842098023
1483.0329599580714
1484.1435808817555
1484.8178832312037
1486.1713490275572
1488.1163379762284
1489.2524669464301
1492.1800905440164
1493.3308354212702
1494.1553686136888
1495.7688329789416
1497.06550557171
1497.7473609331212
1501.1193249221317
1502.3460632923991
1503.0909331266805
1505.2615296546719
1506.1529861381132
1507.4075051638304
1508.2530310295422
1509.2804193632232
1510.3917974464734
1511.9230054590021
1512.589764705458
1513.5897655399187
1515.708343586874
1516.4359897187585
1517.7198062541302
1518.4147914872538
1519.7410094939069
1520.2736222203562
1521.9019090654608
1523.4860471492589
1524.7248921606222
1525.2278372337919
1526.5523119103875
1528.0409304292975
1531.0207429702223
1532.2223269393921
1533.8869779132017
1535.0422774712067
1537.6510621679449
1546.0911977863134
1547.2975811214069
1552.7361053298039
1554.1565191096577
1554.9212851649918
1556.1629874975526
1557.3945070176906
1558.3391528523521
1559.7811543907103
1560.8764757778094
1562.4101531801944
1563.3854009584954
1566.2664156015514
1567.623450717218
1569.0224778043741
1570.5092778669209
1578.1188269457828
1579.5140550677406
1580.3720816254715
1581.3635517730017
1582.3294869441472
1583.3946934354217
1584.2348480663761
1588.1634040289048
1589.3579459495577
1590.8359043213941
1594.4426896556906
1596.4844924096546
1597.7158959444232
1598.4207985496705
1601.9119462285821
1602.8154047937267
1603.655202996124
1607.5569052119829
1608.83629530501
1611.4371412695548
1613.0788554510275
1614.7106278521615
1615.5746087189721
1616.3983948415837
1617.7346848409852
1618.5375178319775
1619.9525012611289
1620.7743108213886
1622.0987516980229
1622.9777676994756
1625.0218566579629
1627.7554412763157
1628.7153168567631
1629.6586689549479
1631.1948145515157
1632.7981835707087
1633.5125168897373
1634.5168226620672
1635.7183663262138
1637.089190173371
1639.8212357298303
1645.5737603627661
1646.6248665931789
1650.4169889830484
1651.732693341396
1652.6710658996012
1654.2058967593712
1660.019980337999
1660.8600568333009
1664.0572654181101
1664.9680044863651
1665.8776404144862
1667.2411250517114
1668.3682293274019
1669.6697284523991
1671.0471824333031
1671.9842593337262
1672.9633708307811
1673.6874453339053
1674.6484620970098
1676.3624863239504
1677.6912271415265
1678.6303680910637
1680.0779467168095
1681.812320174266
1683.2732892606668
1686.4211219478382
1689.7031542561797
1691.051559916893
1693.0530209301971
1694.0175646526079
1697.342514286564
1700.8203032450062
1701.8255509970475
1702.9232497644905
1704.2914124266797
1707.9123124933244
1708.5121161784032
1709.7808422985804
1711.1376032585929
1712.1553976543223
1713.0553417275132
1714.7171452554946
1715.8252830398205
1716.769983717395
1717.9744850661584
1718.9541524985837
1724.7339587376582
1725.6386280199738
1726.6057007398854
1728.1665067609654
1730.0238725447791
1731.0141937618571
1732.4301698592569
1733.84082502143
1735.1754660211011
1736.305662733238
1737.8938847869285
1738.7832375888161
1740.1691156801405
1741.7791678087272
1742.467680720782
1743.4264368587217
1744.7215119376997
1746.0974985956327
1750.8228184898392
1751.617794946251
1752.511511140666
1753.6613552431395
1757.0465184607231
1757.9840770328183
1759.2400856466818
1760.2151662427623
1763.719121496287
1764.591476849092
1765.4004939917838
1766.6762435994779
1768.2959711363414
1771.2129449835465
1772.3280003635914
1773.8949155107034
1777.2558602240581
1778.0417347622492
1779.5522708091789
1780.6652284929987
1781.3556377228197
1782.4390673200203
1783.0848295199464
1784.6079463966128
1788.2151234796329
1789.2421799636847
1790.4495623697835
1791.2544098187955
1792.6161027351982
1798.1470674580758
1799.2316472097375
1800.0247240197391
1801.309636945288
1802.3012834914505
1803.796843813366
1804.9041609748119
1806.2896670194978
1808.7144318654748
1810.1088929879859
1810.8737191588548
1812.4200770021055
1814.0241403476155
1814.9730823634959
1816.3386112196747
1817.7106085633425
1819.2603340994883
1820.1878821868113
1821.3057083652038
1822.4276714403027
1823.7662658957734
1825.2136768930134
1829.8325297099398
1831.9363799018151
1834.7215597486086
1835.8837544376925
1836.8276725159576
1838.0869433056446
1838.6402887076508
1840.1955634733574
1841.4785825706433
1842.8759552786673
1843.7710577430692
1844.7590436500959
1848.3309806223838
1850.6011840476515
1851.4003619945897
1852.3422047333863
1853.5193429209894
1854.8556321159867
1857.4980748148803
1859.4952715687944
1860.5413881093368
1863.4254648450965
1864.3539813357463
1865.3674337940579
1866.8365470186081
1868.0851909986093
1868.7067456844081
1870.4214717683108
1871.416043098407
1877.0950641673398
1878.0222514827535
1879.1533030904613
1882.3219747973847
1883.4087242695184
1884.0057783496673
1885.1980751302581
1888.9381826365795
1890.3481286142446
1891.6785105397287
1892.867701335791
1894.5585375724297
1895.6971556535846
1896.5854943471688
1897.5136928597119
1898.8293728186795
1900.006144829144
1900.5718842724148
1901.8913057506002
1902.80505920668
1904.0893253233517
1907.33278012391
1908.4330630450518
1909.4659300259823
1910.7336596158916
1911.7046909431722
1913.1824897758831
1914.3523000516741
1915.0546293333473
1916.6063718395194
1917.3447040415663
1918.7864989098568
1919.9374573712173
1922.1016256219937
1923.2808379364174
1924.0558311014408
1925.2319879754066
1928.4175185495194
1929.4875601805766
1930.2583871803872
1931.7600694365246
1932.8757545499468
1934.4164363691518
1935.9248488037456
1936.8730938142789
1937.9686334980199
1939.0500291505441
1940.9773267058599
1941.8228622157803
1945.1537963063679
1947.9170477377036
1949.0300300736064
1954.4185881752142
1955.3158092837184
1956.8481645782156
1958.3144035551204
1958.8518834631948
1960.4188452693818
1961.3592778800144
1962.2335718485797
1963.6211845732021
1964.3573909380957
1965.3778295051038
1966.1176585740745
1968.4716020194205
1969.0476175465278
1970.3050095170338
1970.855547579946
1971.9703128048113
1973.1826634059387
1974.34720191012
1975.0806103022669
1978.8014481677315
1980.3717722870513
1982.6632791952766
1983.9238046222606
1985.4165401745267
1986.7571077164152
1992.0017063935279
1995.1687396118884
1998.2790069259847
1999.5457641762675
2002.8964083743617
2004.1396692332701
2005.0778481240989
2005.9009348857858
2007.1251801703011
2008.4182403302623
2009.1766341229495
2010.1533247675593
2011.0207050736501
2012.5389354774218
2013.8720977139908
2015.1867286087063
2016.0296380323755
2019.2646002160641
2019.8843671397553
2021.1960427688928
2022.5456176846883
2023.5729117771007
2024.4882621579513
2025.8789062024816
2026.7382589121521
2027.5733170559974
2028.5824593540399
2029.3854795509667
2031.7505506906186
2036.5275264833704
2037.2171110943409
2040.8391196731382
2042.3445862506042
2043.217116563324
2044.1215932916675
2045.0373208598148
2045.8027604315619
2047.0983363456071
2048.4540940661609
2049.8475256057159
2050.9060553846844
2054.0599168984859
2056.6208666898938
2058.4506511189061
2059.4480217437713
2060.8682472081082
2064.3048676996341
2065.8326722819115
2066.9852293779854
2068.3456385273703
2070.504717593446
2075.0280655448323
2077.117570136877
2078.1554846392141
2085.3898136922858
2086.5803185343816
2087.4733409878581
2088.7122811987324
2090.0362067570168
2091.2215806611312
2092.4732181100717
2094.335917468632
2095.1382566602947
2096.3465299792524
2097.3716063571928
2097.9519221998871
2099.3116512650613
2100.5937452368612
2101.1354894591086
2102.5351002152979
2103.3904548087139
2108.9383848890152
2109.9631431812677
2110.8223718481318
2112.907087523191
2115.5066027946841
2116.9000560683949
2117.722399441363
2118.6186462170294
2119.4564284689391
2120.6915625918441
2124.3703687375687
2125.5124000291521
2126.9757111925578
2130.555102283236
2132.0806209929428
2132.7985164678839
2134.154933985038
2134.9507725043159
2136.0868975247031
2139.3807599852012
2140.9493626390972
1650.4169889830484
1651.732693341396
1652.6710658996012
1654.2058967593712
1654.7266523933217
1655.8227756767717
1657.1142363997631
1657.5671011793215
1660.019980337999
1660.8600568333009
1661.8368928840966
1662.3772025492801
1664.0572654181101
1664.9680044863651
1665.8776404144862
1667.2411250517114
1668.3682293274019
1669.6697284523991
1671.0471824333031
1671.9842593337262
1672.9633708307811
1673.6874453339053
1674.6484620970098
1676.3624863239504
1677.6912271415265
1678.6303680910637
1680.0779467168095
1680.5047701128472
1681.812320174266
1683.2732892606668
1684.1716568370643
1684.5588632525373
1686.4211219478382
1688.0801426931766
1688.9338685097846
1689.7031542561797
1691.051559916893
1691.5151928920352
1693.0530209301971
1694.0175646526079
1695.8325544741872
1696.6549974397856
1697.342514286564
1699.229547187643
1699.9668172668639
1700.8203032450062
1701.8255509970475
1702.9232497644905
1704.2914124266797
1706.2560324315605
1706.615665035026
1707.9123124933244
1708.5121161784032
1709.7808422985804
1711.1376032585929
1712.1553976543223
1713.0553417275132
1714.7171452554946
1715.8252830398205
1716.769983717395
1717.9744850661584
1718.9541524985837
1719.7244693218311
1720.4980709475865
1722.8446617399156
1723.5328226312599
1724.7339587376582
1725.6386280199738
1726.6057007398854
1728.1665067609654
1728.6444864803721
1730.0238725447791
1731.0141937618571
1732.4301698592569
1733.84082502143
1735.1754660211011
1735.6247153428706
1736.305662733238
1737.8938847869285
1738.7832375888161
1740.1691156801405
1741.7791678087272
1742.467680720782
1743.4264368587217
1744.7215119376997
1746.0974985956327
1746.5954566271282
1747.7816955277524
1748.5639873810803
1750.8228184898392
1751.617794946251
1752.511511140666
1753.6613552431395
1754.7633698742529
1755.1696940681427
1757.0465184607231
1757.9840770328183
1759.2400856466818
1760.2151662427623
1761.8548999387281
1762.4976888706606
1763.719121496287
1764.591476849092
1765.4004939917838
1766.6762435994779
1768.2959711363414
1769.9409520516358
1770.2436773121974
1771.2129449835465
1772.3280003635914
1773.8949155107034
1774.6604309900235
1775.3419875737472
1777.2558602240581
1778.0417347622492
1779.5522708091789
1780.6652284929987
1781.3556377228197
1782.4390673200203
1783.0848295199464
1784.6079463966128
1786.3422011793425
1787.0492730868164
1788.2151234796329
1789.2421799636847
1790.4495623697835
1791.2544098187955
1792.6161027351982
1793.5253906524094
1794.1784820072555
1796.4651405374309
1797.3763356711368
1798.1470674580758
1799.2316472097375
1800.0247240197391
1801.309636945288
1802.3012834914505
1803.796843813366
1804.9041609748119
1806.2896670194978
1806.5783917509639
1808.7144318654748
1809.1192737882873
1810.1088929879859
1810.8737191588548
1812.4200770021055
1814.0241403476155
1814.9730823634959
1816.3386112196747
1816.7580233653509
1817.7106085633425
1819.2603340994883
1820.1878821868113
1821.3057083652038
1822.4276714403027
1823.7662658957734
1825.2136768930134
1825.9156836149284
1826.7954552714928
1828.2112704999731
1828.6210917580311
1829.8325297099398
1831.9363799018151
1832.9849402437314
1833.2732390327303
1834.7215597486086
1835.8837544376925
1836.8276725159576
1838.0869433056446
1838.6402887076508
1840.1955634733574
1841.4785825706433
1842.8759552786673
1843.7710577430692
1844.7590436500959
1845.4175341464245
1846.3532534205165
1848.3309806223838
1848.7227609108909
1850.6011840476515
1851.4003619945897
1852.3422047333863
1853.5193429209894
1854.8556321159867
1855.5929349370554
1856.3891791535239
1857.4980748148803
1859.4952715687944
1860.5413881093368
1861.3796715472329
1862.1214649289443
1863.4254648450965
1864.3539813357463
1865.3674337940579
1866.8365470186081
1868.0851909986093
1868.7067456844081
1870.4214717683108
1871.416043098407
1872.4415664281928
1872.8656676379676
1874.5083614126602
1874.9137740100396
1877.0950641673398
1878.0222514827535
1879.1533030904613
1880.0823254189943
1880.6117664796568
1882.3219747973847
1883.4087242695184
1884.0057783496673
1885.1980751302581
1887.0538948068902
1887.8088414168321
1888.9381826365795
1890.3481286142446
1890.6121285879333
1891.6785105397287
1892.867701335791
1894.5585375724297
1895.6971556535846
1896.5854943471688
1897.5136928597119
1898.8293728186795
1900.006144829144
1900.5718842724148
1901.8913057506002
1902.80505920668
1904.0893253233517
1906.1027561981819
1906.5976780037663
1907.33278012391
1908.4330630450518
1909.4659300259823
1910.7336596158916
1911.7046909431722
1913.1824897758831
1914.3523000516741
1915.0546293333473
1916.6063718395194
1917.3447040415663
1918.7864989098568
1919.2077783978052
1919.9374573712173
1922.1016256219937
1923.2808379364174
1924.0558311014408
1925.2319879754066
1926.2115830798941
1926.8200927948715
1928.4175185495194
1929.4875601805766
1930.2583871803872
1931.7600694365246
1932.8757545499468
1934.4164363691518
1934.9079434343657
1935.9248488037456
1936.8730938142789
1937.9686334980199
1939.0500291505441
1940.9773267058599
1941.8228622157803
1942.6335686922462
1943.3679474492528
1945.1537963063679
1945.9227169494834
1946.6099453618774
1947.9170477377036
1949.0300300736064
1950.7432015528632
1951.5366958730549
1952.8501292118658
1953.4485563251358
1954.4185881752142
1955.3158092837184
1956.8481645782156
1958.3144035551204
1958.8518834631948
1960.4188452693818
1961.3592778800144
1962.2335718485797
1963.6211845732021
1964.3573909380957
1965.3778295051038
1966.1176585740745
1968.4716020194205
1969.0476175465278
1970.3050095170338
1970.855547579946
1971.9703128048113
1973.1826634059387
1974.34720191012
1975.0806103022669
1977.1739436980399
1977.2714461997466
1978.8014481677315
1980.3717722870513
1980.9100430910241
1981.7487688972635
1982.6632791952766
1983.9238046222606
1985.4165401745267
1986.7571077164152
1987.8734733607243
1988.2518768073558
1989.7020027080216
1990.478352526427
1992.0017063935279
1992.7849878751576
1993.57749313826
1995.1687396118884
1996.7961769661881
1997.3909140596115
1998.2790069259847
1999.5457641762675
2000.4345153024321
2000.9296206891845
2002.8964083743617
2004.1396692332701
2005.0778481240989
2005.9009348857858
2007.1251801703011
2008.4182403302623
2009.1766341229495
2010.1533247675593
2011.0207050736501
2012.5389354774218
2013.8720977139908
2015.1867286087063
2016.0296380323755
2016.8000756558458
2017.3867672519616
2019.2646002160641
2019.8843671397553
2021.1960427688928
2022.5456176846883
2023.5729117771007
2024.4882621579513
2025.8789062024816
2026.7382589121521
2027.5733170559974
2028.5824593540399
2029.3854795509667
2031.7505506906186
2032.4207808562865
2033.0178927456698
2034.5548287889562
2035.0774400963041
2036.5275264833704
2037.2171110943409
2038.8417382508678
2039.4432187401044
2040.8391196731382
2042.3445862506042
2043.217116563324
2044.1215932916675
2045.0373208598148
2045.8027604315619
2047.0983363456071
2048.4540940661609
2049.8475256057159
2050.9060553846844
2051.7183881962565
2052.4077901924011
2054.0599168984859
2055.1802673261668
2055.5726028990489
2056.6208666898938
2058.4506511189061
2059.4480217437713
2060.8682472081082
2061.3670592020317
2062.5726509199785
2063.2835594983808
2064.3048676996341
2065.8326722819115
2066.9852293779854
2068.3456385273703
2068.6699410828128
2070.504717593446
2071.3770831697584
2071.9904548147606
2073.3976037157686
2074.1710649021525
2075.0280655448323
2077.117570136877
2078.1554846392141
2078.9392881148769
2079.567628461893
2080.9103434575613
2081.7996865635773
2083.3002768588281
2083.7799925501672
2085.3898136922858
2086.5803185343816
2087.4733409878581
2088.7122811987324
2090.0362067570168
2090.4475500274157
2091.2215806611312
2092.4732181100717
2094.335917468632
2095.1382566602947
2096.3465299792524
2097.3716063571928
2097.9519221998871
2099.3116512650613
2100.5937452368612
2101.1354894591086
2102.5351002152979
2103.3904548087139
2105.3722065918
2105.9947043392863
2107.1723624324432
2107.6179114075144
2108.9383848890152
2109.9631431812677
2110.8223718481318
2112.907087523191
2113.4839664484307
2114.3961373258899
2115.5066027946841
2116.9000560683949
2117.722399441363
2118.6186462170294
2119.4564284689391
2120.6915625918441
2122.4651511749285
2123.3440423034626
2124.3703687375687
2125.5124000291521
2125.9587848403735
2126.9757111925578
2128.7522905542628
2129.4060802283284
2130.555102283236
2132.0806209929428
2132.7985164678839
2134.154933985038
2134.9507725043159
2136.0868975247031
2136.9674705484717
2137.5099405259111
2139.3807599852012
2140.9493626390972
2141.7100359603901
2142.3550431960352
2143.3744441805379
2144.8953374313605
2145.5057537341809
2146.6258944755114
2147.7853673456307
2149.1518493828894
2149.9106398581021
2151.7768851164651
2152.3902265969195
2153.0119641653864
2154.2636239523204
2154.9353458482256
2156.3947272556816
2157.8564895653531
2158.8780722910833
2159.9022860171704
2160.853062328184
2161.6921721892095
2163.1071222857322
2164.0497203563573
2165.0114371743143
2165.5039490233758
2167.6934442547467
2168.8906158518539
2169.2638292833649
2170.7870749730159
2171.3963619264946
2172.2509628275161
2173.5282969693167
2174.7450208034766
2176.2041194662156
2176.9394516989773
2178.0042091547612
2179.2321850297471
2180.495318259279
2181.2523670106816
2181.7257830298195
2183.3305840172798
2184.1031907606807
2185.965528320683
2187.0856909593726
2187.798455877828
2188.5587632030883
2189.4970729026054
2191.0933630457494
2191.7780174005079
2192.8267705398612
2194.2315300504497
2195.2316876812556
2196.7159776667586
2197.2587470402059
2198.6875126843674
2199.3029653209696
2200.3510209132633
2200.915953025552
2203.2774537306459
2203.9063645837737
2204.9978017548301
2205.8557612455438
2207.1721619149521
2207.8027413367367
2209.1537444002633
2210.2080149892504
2210.8509410992961
2212.3435684000365
2213.7002562484363
2214.9499256320923
2215.8205656906457
2216.2963758876454
2217.4693751162254
2218.5210069133955
2219.7998156983613
2220.8521588489143
2222.6366045880973
2223.0550579188102
2223.7777725072146
2225.5646451171692
2226.3327344055756
2227.2462293765952
2227.9705738822563
2229.1279589101232
2230.8986908562174
2231.9771540740735
2232.9248538689662
2233.7202222503129
2234.8149345313268
2235.5466621355999
2236.7736438450997
2238.1547995192977
2239.1677439602367
2240.0212094704711
2241.5361865237664
2242.6211801593795
2243.3736684189621
2244.3707017004303
2245.5652865312713
2246.0165581782858
2247.3644312512292
2249.5501985735373
2249.7707665527241
2251.0466419415534
2251.8453183386932
2252.6784326738389
2254.5622469943896
2254.7590790013041
2255.8245655715368
2257.3463846831328
2258.5018472911456
2259.5178420573843
2260.8902594168003
2261.6600644494811
2262.6744306482096
2262.8783053811612
2264.6763997057701
2265.7684461154695
2267.3845010675441
2267.8791753371661
2269.2269982616094
2269.9191032168383
2271.3262824680664
2272.0490157012377
2273.3475340531645
2273.9562891459432
2275.0686647759712
2277.0793177566234
2278.0126283933055
2278.5259421557844
2279.5073058411194
2280.8707198525863
2281.3564836145465
2282.6903751376481
2284.0560114593513
2285.2222423648664
2286.1498141405641
2287.0461586710107
2288.5788494457647
2289.3362847101344
2290.2414582108559
2291.0976636121122
2291.9289012524905
2293.8961451060868
2294.6879184117142
2296.1150911883306
2296.9985224725151
2297.3726475798094
2298.6123633656603
2299.9615776200899
2301.234125798831
2301.4548403517283
2303.2954819825732
2304.3051386703746
2305.5083567886818
2306.5177330700035
2307.355553370478
2308.2102846347648
2309.3703582395292
2309.9311223841837
2312.0479964496108
2313.1909141707479
2313.6893599672239
2314.6211821135944
2316.0494547199887
2316.9624945048408
2317.8515318642771
2318.8260353364303
2320.0885232040273
2320.9495316286598
2322.8126326066931
2323.5342742407661
2324.5124552322582
2325.5570964917656
2325.903015927513
2327.3768558196994
2328.6348751011687
2329.7057234064496
2331.013110289573
2331.9427078064027
2332.9877654327752
2333.7208633737823
2335.5317125744509
2335.8671538056497
2336.6210367862386
2337.7617301588207
2339.6156838959828
2340.8267267066444
2341.3245961862153
2342.6540416584694
2343.2591589550088
2344.3112162361517
2345.5704836344739
2346.4641195297877
2347.9342546417238
2348.8434236334556
2349.7300542578378
2351.4550469278511
2352.1957015025364
2352.7508700754547
2353.912135852353
2354.9510812350081
2355.8108139782908
2357.6083159202476
2358.9047051984157
2359.4348590764398
2360.3142850895265
2361.3425416419327
2362.7183179229214
2363.4956176541186
2364.7511760891171
2365.1915150641321
2367.2492198429595
2367.9577018231557
2369.2205777673989
2370.0933902842321
2371.1007479297218
2371.9381377946102
2372.4403472600557
2374.4442307178165
2375.5439670373721
2376.3554635155601
2377.7554079140127
2378.2129616796619
2379.7265029499658
2380.5456572187363
2381.5001237104375
2382.5308305663666
2383.3560139159808
2384.9650716411825
2386.4309371095037
2387.2990841223364
2387.8135685560778
2388.7482076354931
2389.9559881136661
2391.2605498724033
2391.7549823366226
2393.6305932916998
2394.4853678560467
2395.2701699946469
2396.6038787626162
2397.7916437617737
2398.5583113825328
2399.4338329057855
2400.1523565221314
2401.4829983757718
2403.4187984453451
2403.9753151489676
2404.9215934897702
2406.2539887182893
2406.7328511821097
2407.7159104222701
2409.4415023524193
2409.8816026828795
2411.1261933807773
2412.2229358372842
2413.9761231949833
2414.3798798012704
2415.5768934659941
2416.5340546277039
2417.2780874217724
2418.2294432673575
2419.5079171630714
2421.1429439933281
2422.1520849251096
2422.9962301234868
2423.5041468887161
2425.1247602125568
2426.1934375416681
2426.9070642937536
2427.6408969485929
2429.1855959902568
2430.2658126359443
2431.6111350962537
2432.7275692992548
2433.705896804704
2433.9168732376843
2435.3488943646944
2436.1916003750912
2437.7940761078262
2438.6717907940442
2439.9271272186725
2440.8261602906355
2441.9298365499985
2443.0335600581852
2443.7754363961999
2445.1543810152202
2445.7449521011549
2446.3985233061103
2448.9883122860351
2449.2310320092924
2450.5036505801081
2451.1817083100846
2452.2833657412139
2453.2574858120843
2454.3005618417901
2455.4822883835259
2456.5145518412887
2457.9079990902187
2458.5467998371282
2460.0135794655062
2461.2022953745063
2461.7316286480414
2462.4642949138538
2463.5696672950162
2464.9278163612234
2466.1830970131928
2467.6408607837789
2468.1868163011154
2469.3362638924973
2469.781485031524
2471.5392977419965
2472.3364175894822
2473.1071247346449
2474.2378497343939
2475.5393538610028
2477.0217550961047
2478.0148540248092
2478.3975975831249
2479.9773519808709
2480.433606985092
2481.3567672803588
2482.6834115187162
2484.5032382747445
2485.0875905374201
2485.7856207123928
2487.3338364427259
2488.1138317541931
2489.2611574516372
2490.0510905157466
2491.1055164218205
2491.9074739342927
2493.4892954491233
2494.8661778282553
2495.8468404195019
2496.4853367028231
2497.648465246602
2497.9699739667521
2499.8620428212553
2500.5643864123176
2501.5777446724337
2503.1852272120868
2504.0089336585838
2504.772152511212
2506.3053519373075
2507.1518856476755
2507.8710395797434
2508.7660461038267
2509.6529974413793
2511.6601897871865
2512.5382209852028
2513.5795170214647
2514.2598590597736
2515.2864829247128
2516.5710491428877
2517.1469318804152
2518.5528520406906
2519.6342526402718
2520.4023235180362
2521.8851756461509
2523.263480155872
2523.9670558191906
2524.6420457956947
2525.6879933248006
2526.8688100585928
2527.4187911606291
2529.3780434632749
2530.2736722742684
2531.5439612200648
2531.9693840815621
2533.0673170990476
2534.4086140983941
2535.5058860739659
2536.0918849208388
2536.8674852225613
2538.5598269362613
2539.9984071185913
2540.5316619367422
2541.9987291536709
2542.6876505148689
2543.3439550886064
2544.2909536566158
2545.8780177303333
2546.7611412833589
2548.1816153941086
2548.8959875750465
2549.9964844915226
2551.411141992885
2551.880445959599
2553.2756779955248
2553.723069201209
2555.0508752913593
2555.8323507473033
2558.0091059428719
2558.7522113684713
2559.2342965973339
2560.2632895143888
2561.4056357475733
2562.4261133381433
2563.5017189039932
2564.3321078543336
2565.9752704782836
2566.5575578970852
2567.9585997253289
2569.043090173353
2569.9481115969047
2570.9585256619193
2571.5407741477688
2572.3682081862075
2574.2071639500227
2575.4045119969037
2576.141011184026
2577.5198355326024
2578.0701299250054
2578.9712983358959
2580.3461115652008
2581.3981405818927
2582.1387339313019
2583.0032945350999
2584.7584024416788
2585.7727394040116
2586.9251789571822
2587.5910009241911
2588.3682104238806
2589.5792645544338
2590.3716929259517
2591.549378447985
2593.2758768066046
2594.0236183346865
2594.9050115524801
2595.6875301388595
2597.5461414884594
2597.9793534184232
2598.5987683196336
2600.1213550618818
2600.6419523192199
2602.412300558055
2603.6287811184534
2604.5735648237187
2605.3680759155591
2606.2436645475191
2607.0036391142389
2608.3648996490356
2609.5520867406772
2610.4445209389155
2611.543670381423
2612.956807036694
2613.7319294383051
2614.7371361654009
2615.8477072682495
2616.9021182439537
2617.3350469349011
2618.2929154780222
2620.2793936944245
2621.4290552132293
2622.0486967984211
2622.994507976302
2624.0506038545595
2624.9095017771697
2626.4605022299443
2626.7104713958065
2628.0980265238713
2629.6041395108487
2629.9948007642201
2632.0431166371127
2632.4436589491452
2633.6763999397813
2633.9665434341214
2635.2173316171798
2636.4325859950818
2637.5106833584628
2639.0625730453894
2640.0542458840273
2640.4629428289513
2641.8017447841085
2642.755759063044
2643.9709009583453
2644.8878671434918
2645.3955672785728
2646.6899401727242
2648.5774292837641
2649.325653551799
2650.0585444583821
2651.2273313321211
2652.1607752415398
2652.7706428269598
2653.8970697456402
2655.6157723259616
2656.2389984980173
2657.5377607583005
2658.3415576297571
2659.6583160208597
2660.6102458029532
2661.582573758214
2662.1835734356277
2663.3939456223397
2664.2354890832439
2666.0301014794541
2666.9828490705463
2668.2918590372087
2668.663651401293
2669.2537448881799
2670.9989985821653
2671.9183826689109
2672.6037795881466
2673.8746187111046
2675.2717591296364
2676.0664902301005
2677.2461938931997
2678.5381565216317
2679.0252815962845
2680.0390215482385
2680.8431171329235
2681.8410514560828
2683.8822755514698
2684.5291569044975
2685.3771134266321
2686.4961601511604
2687.4899398080265
2688.3850815955543
2689.423275981138
2690.6331868560251
2691.318382839997
2692.3687189585098
2694.102820613442
2695.2089579689714
2695.750049240105
2696.6953725816115
2697.8575582167591
2698.2909613213956
2699.9420275000862
2700.7312070110702
2702.4335448477373
2703.1436575111888
2703.9817142447723
2704.9557375513341
2706.5282473267566
2707.0907646463888
2708.1170692292731
2708.4765249606835
2710.3683598236062
2711.4582278641151
2712.7866873347566
2713.525289303348
2714.3679066885188
2715.3398716314091
2716.0250490495346
2717.6657748710527
2718.3086524743526
2719.7709989781297
2720.4934749001527
2721.7987756166481
2723.0860827444758
2723.7689288498227
2724.5239244370696
2725.8829892034819
2726.479701033963
2727.2744594319015
2729.3950416685948
2730.4928918071723
2730.7977020801868
2732.0040499135953
2732.8301235574822
2734.2007829678223
2734.938856084209
2736.0004791070401
2736.9220484400007
2738.2664441637648
2739.5135472962015
2740.3111094212313
2741.8788524205579
2742.2541078782479
2742.9930681599276
2743.9534698100879
2745.3218318981931
2746.7147989523983
2747.5140979981843
2748.9161910664366
2749.6436497886534
2750.3140834103597
2751.8236714585273
2752.7155024938834
2753.4877964173961
2754.4586630827184
2755.4168761914862
2757.3018682143006
2758.2781033283391
2758.8586709686851
2759.8986139196586
2760.6571515401115
2762.0828801425755
2762.4445804676943
2764.0418462520893
2765.4076911464831
2766.1570355899189
2766.887269747368
2768.6645238881392
2769.1446987960999
2770.279093643343
2771.0173921426849
2771.8962936617277
2773.0297134242946
2774.6700107318325
2775.7257073424103
2776.6191603079264
2777.512125202576
2778.2896952997726
2779.1275391340509
2780.7711183790716
2781.6560702275715
2781.9892396546479
2783.943665286859
2784.7052838761219
2786.0433357386228
2786.7025663513687
2787.9320212585239
2788.7962780145112
2789.197561121051
2790.493080791035
2792.1133785570228
2793.3014692408719
2794.2380933352756
2794.6538246653281
2796.0347616036579
2797.1745393518977
2797.9729012296284
2798.7981401770453
2800.0674448184013
2800.9376031162351
2802.2248015363316
2803.8649551383446
2804.4189356762513
2805.2053003630645
2806.0027324166408
2807.1323183711893
2808.1535011979977
2809.2916522451928
2810.7246340825186
2811.4609922260529
2812.8619975880219
2813.2014880283009
2814.6567579805951
2815.8386539927478
2816.3379548153252
2817.4589073174193
2817.949462160967
2820.4888420219168
2820.660841053781
2821.8919300748712
2822.9230262170231
2823.8669920566081
2824.2818841220396
2825.8726566897508
2826.7121703749226
2828.0299739462512
2828.8515265905226
2830.0875452900159
2831.1284254371872
2832.416550857944
2833.1380358516708
2833.6587172333084
2834.9802484625138
2835.7758477445304
2837.0144720812932
2838.8128815292716
2839.4857533950126
2840.2857549106916
2840.920672973104
2842.3326410811005
2843.4698378845646
2844.1989869632612
2845.0254336104804
2846.3907762127269
2847.535935529731
2848.7703085554072
2849.7970866472097
2850.4718881974354
2851.6789380362543
2852.3037265683697
2852.926214764695
2854.8323942319312
2855.8537211929001
2856.8161335439131
2857.7361398078219
2858.8578603562514
2859.8387489541842
2860.5774364976123
2862.1202082343966
2862.5069662777628
2863.3635895521911
2864.9114267588516
2866.4932097559299
2867.149356094088
2868.2241636630906
2868.6576291942183
2869.8434565748635
2870.9095063753807
2872.023511113548
2872.8585551834381
2874.5691540728458
2875.2821191663666
2875.8899143403864
2877.5466491537964
2878.5270026241801
2879.119907546979
2879.8689739369074
2880.9789947383861
2882.1536463906368
2884.01365755284
2884.3467577901429
2885.7730554027221
2886.3088746397725
2887.2248855070607
2888.394382456172
2889.404168047578
2890.6426263615531
2891.280078215455
2892.4626240166394
2894.1744487368214
2894.7465503562248
2895.6411038619713
2896.8254051682475
2897.4283005669699
2898.5413531799081
2899.1777798365483
2901.2638503619974
2902.0651024812501
2902.8557855285085
2903.9578790430369
2904.5981960219879
2906.1764175966287
2906.9233393429854
2907.6057369112109
2908.6580455197427
2910.0282334350463
2911.14290366458
2912.3459047260558
2913.5227858666863
2914.0446110721027
2914.8027022238634
2915.6859753274553
2917.2741734414876
2917.9824167019124
2919.3217723265275
2920.6155559921413
2921.08319893726
2922.3960845573952
2923.3909323573766
2924.3334349939528
2925.2615091193134
2926.2954362262258
2926.6240146864657
2928.7610738469984
2930.0043663719794
2930.7111686973894
2931.0691011098147
2932.8064144158329
2933.1748571620083
2934.2907178357877
2935.5524637057479
2936.5503748486017
2937.7089589815682
2938.5812203505784
2939.8475291625941
2941.2616015346871
2941.4252177563421
2942.7248858651474
2943.3536849601783
2944.3216487944833
2945.9444992858871
2946.9223948961885
2948.3742618646907
2948.8675772093948
2949.7901430257857
2950.5211083524182
2952.2838296389477
2952.827176583512
2953.589030993759
2954.7112752909334
2956.258730424157
2957.2362592468426
2958.2907762541972
2959.2210142346871
2960.0336178120083
2960.8148392662201
2961.8259705753485
2962.8196363352813
2964.6339214948084
2965.3983415842908
2966.065269745648
2967.2701904264964
2968.4053489954076
2969.4011366556988
2970.0499301109135
2971.1222381249345
2972.3088841090689
2972.8116863913579
2975.018020412781
2975.6199571661537
2976.5262321370942
2977.5535749134701
2977.9819785126001
2979.3190422120115
2980.4873810065592
2981.3439474818101
2982.5237198959248
2983.8253332665195
2984.6391778044467
2985.5476662354213
2986.805393383298
2987.8561515024321
2988.634699666939
2988.8550463674451
2990.4232705736986
2992.163668675063
2992.8688663783009
2993.9743530928481
2994.8655070467539
2995.5402669155019
2996.7365060162219
2997.6472031144426
2998.9593010980288
2999.4944929945946
3001.0233311628795
3001.707332456021
3003.4770428527104
3004.2909759173108
3004.6623084082489
3005.7729292845079
3006.9907383646332
3007.4686992164707
3008.882120872393
3010.5149621292444
3011.3443801805124
3012.074694785867
3012.7884505486782
3014.4590822066821
3014.9116665027295
3016.3483941699778
3016.7000608126291
3017.7834401915929
3019.4617757803658
3020.4876338969393
3021.4204006925111
3022.4474837931261
3023.3385090679408
3023.9309960739024
3024.7939638712178
3026.5108269078455
3027.2995228073414
3028.4015225286307
3029.4993883696811
3030.5945296509822
3031.2892174680615
3032.7560293602246
3033.2181239729534
3034.360907192327
3035.0741039475379
3036.1331132382079
3037.9803835904686
3039.0336510442103
3039.5216015715723
3040.5004275646597
3041.2568035495001
3042.6530498541315
3043.6705416217701
3044.0551279819142
3046.0500302248761
3046.4545042192885
3047.7088176408897
3048.9226324904048
3050.019676757212
3050.8012333157208
3051.3423833414804
3052.4768485242612
3053.348265936952
3054.9865208665365
3056.2429233097305
3056.7651381129649
3058.0137030097017
3058.9014946931643
3059.4378617581128
3061.0627001175908
3061.8375844452676
3062.72687316464
3063.4350864850185
3065.2865555852973
3066.3202504040964
3067.0713202411762
3068.0135013417953
3068.9842661855264
3069.7829047797677
3070.5426215498082
3072.0009933779156
3073.1852377799428
3074.5234942852103
3075.0338728774109
3075.8334792424639
3077.4274733068123
3078.2862269179691
3078.8973791471349
3079.8713946428138
3080.8563823419727
3082.1631637590717
3083.3613579904318
3084.8384515042935
3085.3772689936341
3085.9655222593105
3087.0188153586455
3088.0834370420393
3089.2223089445179
3090.2821949029349
3091.1544696984934
3092.687667040027
3093.1854457175241
3094.8330684301163
3095.1320312394537
3096.5154855129363
3097.3426065309914
3098.0383549729645
3098.7580898488131
3101.0793730865794
3101.6573707901448
3102.4360891227184
3103.5899160595886
3104.3625463416338
3105.3914023698576
3106.3963526460557
3107.4842558570231
3108.3035962662061
3109.5330997903566
3110.5572003803259
3111.9207277140904
3112.8407378593733
3113.7552136694867
3114.473416203572
3115.002672413545
3116.7204508159016
3117.2697233868994
3118.9550136661242
3119.9575566043386
3120.9862149756773
3121.337219762926
3122.6101288753475
3124.1502251643301
3124.5259226457688
3125.37444147211
3126.4501164348198
3127.6930123734428
3129.4686126097481
3129.7962055054209
3130.8776637297738
3131.8610902163018
3132.6983313662377
3133.3988838229807
3134.6354459012578
3136.0155607520419
3137.1751726669313
3137.6134952120228
3139.0495084984655
3140.1384941410524
3141.0011748282404
3141.7480325428837
3142.9794567280387
3143.5674991835781
3144.4904881455132
3146.2835283759446
3147.3446066255306
3148.379041870468
3148.8612287838064
3149.7717386989907
3150.8246527223637
3152.1510594657366
3152.9945599956436
3153.596976529534
3155.3121082176699
3156.3003579495708
3156.9057614544467
3158.5782877079359
3159.2652046599114
3159.8040975790868
3161.0619125777553
3161.4024352078923
3163.3119595578273
3164.3505313209298
3165.5405978938293
3166.1395867135993
3167.1210947572813
3168.1975157138954
3169.1797646078567
3170.014131565626
3171.343958069062
3171.8377743460678
3173.0116339172782
3174.8153859763861
3175.5287227436952
3176.4803435164627
3176.9156360092129
3178.3717050050009
3178.9025955360466
3180.011213372894
3181.3285017132062
3182.8394469202713
3183.2056733459267
3184.4514999603325
3185.2143445801116
3186.5458694295371
3187.6461627083722
3188.055482329446
3188.8774607149558
3190.1686619621528
3191.7062563627746
3192.681791617887
3193.5572084724545
3194.7867073785583
3195.3266999292105
3195.793895633893
3197.5471656565942
3198.4301257678176
3199.2489771142464
3200.6632702307456
3201.4248663611975
3202.7782865007357
3203.6308911526253
3204.5574101878424
3205.4975805633421
3206.2288933038299
3207.2700623574306
3208.0861338919181
3210.3524205397666
3210.6703882992019
3211.618832522935
3212.3192273429318
3213.6064987981722
3214.6675624880945
3215.3252989037355
3216.4915246923711
3217.4308047782902
3218.6599837440258
3219.6391713055855
3221.1983416829694
3221.6094763010974
3222.8138408229024
3223.3725663752557
3224.2137065196389
3225.366715964934
3227.0441023745152
3227.5251495154953
3229.0163116299536
3229.9810669604994
3230.3366367321696
3231.7413479182565
3232.7387131248083
3233.9133606030341
3234.3065912449201
3235.1546171823666
3237.0875795317088
3237.9982363267127
3239.09043456269
3239.7673140752395
3240.6057472779567
3241.5953129380387
3242.5683075823654
3243.5016527112798
3244.8841570911345
3246.0401578162396
3246.8416761619596
3247.5705035338365
3249.3080857474347
3249.9064463184445
3250.613324267405
3251.5106377440175
3252.7239909072705
3253.3690172441084
3255.1420765925486
3256.3466128179575
3256.9419432047371
3257.8313400128254
3258.7067142754549
3259.5397306860395
3261.1921244205041
3261.5353126021832
3262.7189686945285
3263.7849404891263
3265.1987716006506
3266.1537864199358
3266.8039544796475
3268.1885178555672
3268.9094085887168
3269.5167853602479
3270.3108034578272
3272.0193976107812
3273.3630329652701
3274.0599530117247
3274.8635676379727
3276.1241549849219
3276.6945546812153
3278.0594782890385
3278.9861937320238
3279.4895096396349
3280.9764187137212
3281.7066908206216
3283.2391243001143
3284.4998631324388
3285.202828751691
3285.682259710461
3286.7185403422945
3287.7730919926667
3288.9369728453271
3289.7243065361763
3291.3857259284337
3292.2226420492848
3292.8567160975545
3293.9758692455853
3295.2666632327273
3296.0217547646721
3296.8731421626953
3297.8368423105994
3298.3578786215635
3300.4505761922505
3301.4137763043677
3302.0170976656045
3303.3172618416975
3303.8137192057598
3305.0761772408341
3305.4720886985301
3307.2217116024763
3308.0454022233189
3308.8328775129694
3310.235706773843
3311.1553061182731
3312.3494594505105
3313.1998766727256
3313.8426622731572
3315.0150138279801
3315.6197425409246
3316.752453417716
3318.3874701701707
3319.4126489931591
3320.4766996820495
3320.8879414612015
3321.6635726986101
3323.4909231797919
3323.8751249140864
3324.9256841459828
3325.6916270383817
3327.3384417514721
3327.9882692081701
3329.4655839484094
3330.2904003601302
3331.2994041614884
3331.8922882437764
3332.7008985760012
3333.7813829613715
3335.045996424476
3336.5759684292552
3337.0442118967012
3338.1504073563246
3339.2566736946173
3340.117152697459
3340.9722636378474
3342.2115548592569
3343.0517222783392
3343.6049085095929
3344.8522558681934
3346.8484308165621
3347.3978309909553
3347.9360016107548
3349.301027926846
3349.8562521147651
3350.8037040245681
3352.1538040966057
3352.8453645426393
3354.2782312803897
3355.483680305992
3355.8805781833221
3357.1981541183363
3358.4026996234206
3359.3592830672364
3359.8524043812931
3360.5841532983172
3361.8875886211213
3363.2338783488508
3364.3557635538623
3365.6009574685613
3366.1208838107532
3367.0555425396187
3367.7694438682192
3369.1837285548049
3370.0616517465351
3370.9975361427182
3371.9224456005404
3373.1601409252257
3374.4274719900463
3375.3799557563088
3376.2983860441955
3376.8209708484428
3378.2589569626452
3378.7806084948688
3379.4601926680862
3381.6346474470984
3382.296714921602
3383.3484895758347
3383.8712124151016
3385.1773108279108
3386.1662957504195
3387.1495644593465
3387.8087777854048
3389.091880156599
3389.6488790408798
3391.4812337318845
3392.1475726307744
3393.6517858931343
3394.1376663513938
3394.9911063107093
3395.6148509384011
3396.8900663110076
3398.2716771891992
3398.841197219906
3400.3224765485538
3401.3874506971624
3402.0004414149394
3403.0088648201845
3404.3627615728692
3405.1329186951207
3405.8099428048222
3406.6794828119596
3407.7283142895221
3409.5787368524707
3410.4245652119062
3411.2236334972777
3411.8558302759766
3413.2190360053469
3413.7108194766502
3415.0064152978048
3415.8066235728897
3417.2017255275719
3418.1948427088537
3418.7442466751504
3420.5405829873275
3421.3075373182355
3421.8824204076705
3423.1285941923284
3423.6113946712735
3424.728989863384
3425.8309177359392
3427.4318110056997
3428.3450146487553
3429.077161459129
3430.1588095293259
3430.6116186801737
3432.0263665318685
3433.3063311603059
3433.7697101636791
3434.4329301812691
3436.1836075697092
3437.2191616069053
3438.2126161543251
3439.1124301541709
3440.2292995885573
3440.8440257705438
3441.4679776700714
3442.683392445439
3444.0365707017377
3445.2774324687293
3446.015386158298
3447.1589254206233
3447.7005176050056
3449.4970027154664
3449.6850010644803
3450.7234875925251
3451.9406694275326
3452.5698167716655
3453.6778939184233
3455.4887994347882
3456.2586145592895
3457.1841728945847
3457.5735988578404
3458.6654106247843
3460.0460640189494
3460.4842304690533
3461.9159711984939
3462.8967324018363
3464.0838321603146
3464.9776952524271
3465.8271557271273
3467.2044039862635
3467.9094710782169
3468.775551366813
3469.5519131326332
3470.2141089614488
3472.249018221316
3473.1687633951356
3473.814882020019
3475.2191067327508
3475.717792819431
3476.5199317708075
3477.7001902846723
3479.049830179214
3479.4659653126982
3480.6829159506115
3481.7763966943216
3483.0578568013834
3484.1593880462337
3484.8845853528919
3485.691497728214
3486.5343396694575
3487.5394778427662
3488.4557766222542
3489.6651233162734
3491.5505613682358
3491.8110999653354
3492.4144355804183
3493.720613082723
3494.8164084815371
3495.9889319675822
3496.3503613637686
3497.3729605422805
3498.576136539014
3499.6865538211296
3501.1459195904622
3501.8970952328914
3502.7758679485728
3503.6362157915109
3504.5889277749411
3504.9926271950499
3506.860778987003
3507.5452737973324
3508.7725008669581
3509.6364080382723
3510.8450836445713
3511.7310911128266
3512.4735868428934
3513.8775738737968
3514.3667522439405
3515.4168088496413
3515.901814498895
3518.0264452394003
3518.8684092085559
3519.8701867402301
3520.491665965546
3521.3650409026827
3522.3822128938414
3523.6358357235085
3524.2152207375811
3525.3865666370366
3526.6702567113271
3527.6152070509993
3528.3518245828068
3529.9557443459507
3530.835046797712
3531.201023963526
3532.0385088474991
3533.3282433958198
3534.0625882801701
3535.7725769434164
3536.6332507055054
3537.7080130561781
3538.5005689073528
3539.0899365265982
3540.4567588071545
3541.3575223753705
3542.3408839175868
3543.3223065353363
3543.8167962869084
3545.6992121713156
3546.8641345952606
3547.3147813964856
3548.3512529635777
3549.4583567763575
3550.0650592255197
3550.8532983720297
3552.0802097503811
3553.8406805970208
3554.165034789487
3555.5341450718975
3556.065234535612
3557.4271023529209
3558.3493450384062
3559.2656646998921
3560.019248823558
3560.776183334352
3562.1624350828274
3563.2151214856763
3564.7607707140073
3565.396422887
3566.2849107762636
3566.9166838954579
3567.7332517490695
3569.3431320864324
3570.0086713649503
3570.8229165546149
3572.5139656279416
3573.0798043012696
3574.1000163089429
3575.4931557474533
3575.9553796437945
3577.2052839856319
3577.9811841105525
3578.4103826189294
3579.7501026145978
3581.5853382417995
3582.3949166198295
3582.9230421855077
3583.9455747749162
3585.2062787128812
3585.6844486615687
3586.8407450060959
3587.9688136679656
3588.8594445204621
3589.7450065450457
3590.9834712930569
3592.4058890800097
3593.028558839786
3594.2272747854909
3594.4692726981048
3595.7790637538828
3596.4217725400654
3597.8026412945751
3598.9485602061936
3600.1663237967823
3601.1040136854472
3601.7912827519617
3602.4188942626884
3604.2480536334861
3604.7549840178135
3605.4944749717947
3606.3593176240997
3607.5748096453744
3609.2833330342733
3609.7002661689176
3611.1016315515649
3611.9109946767567
3612.3241926873397
3613.5490212410405
3614.3278146421862
3615.6062681246335
3616.8406891335039
3617.8028423970409
3618.4525585159699
3619.8857235070109
3620.7055704498775
3621.886132366144
3622.1792745022176
3623.5584684730397
3624.437503556841
3624.8817265977414
3627.0603155190665
3627.9491147907356
3628.610375056136
3629.4072176115073
3630.3634250454402
3631.3086842887819
3632.4781783360136
3633.4401577754488
3634.0561930930048
3635.6736334279485
3636.4396383570452
3637.5406577179492
3638.5537076794308
3639.6798065177672
3640.3629764942698
3641.0105381463495
3641.7071232411745
3643.479573648181
3644.4033583417809
3645.6321166435064
3646.4508943698315
3647.2842616804037
3648.1584546855188
3649.1661641315277
3650.3020435711596
3651.2531061634168
3651.783523374766
3653.0883261963895
3654.2114375027045
3655.9057264414632
3656.3345297662399
3656.8928296333056
3658.1293721938209
3658.9216895510144
3659.9075007475672
3660.735665814957
3662.3689492974099
3663.4482888549769
3664.002007104591
3664.8781377294717
3666.2370259729655
3667.3073392330343
3667.7356389455226
3669.0301911574415
3669.4237463089539
3670.7319972691776
3672.3493512948762
3673.1591761441186
3674.0876089561439
3675.262610129656
3675.6624842456295
3676.3689381372537
3677.8932956627946
3678.8477830569645
3679.8183116495079
3680.5839839084151
3682.4187314356673
3682.571730549068
3683.9710242035103
3684.8598930882681
3685.9744421424271
3686.2713371809355
3687.5384137597657
3688.1770279719963
3690.1842581110304
3691.0391622529751
3691.7569397214315
3692.6476539273458
3693.3709847350387
3694.7911267178947
3695.6727901331806
3696.1219826335891
3697.5859636449918
3698.5473627665142
3699.43029263065
3700.8383167596303
3702.0507569879146
3702.4601559332127
3703.3474760756035
3704.2098943829997
3705.1292281879023
3706.2947213559628
3707.5790553614388
3708.6584528687822
3709.5822717233532
3710.3714917767734
3711.4048181764165
3712.1701394666125
3713.5835810508688
3714.4246768398161
3714.7393335897964
3715.8464590349486
3717.7510959170509
3718.4983554744872
3719.4834953993081
3720.1820489326965
3721.2960400003385
3722.0588367681958
3722.6273205525385
3724.3881275011422
3724.8823199903013
3726.517718264919
3727.1052959733279
3727.9384659555403
3729.4727917019509
3730.1873206763544
3731.0751592483725
3731.6529373026428
3732.8474756134119
3733.6716968071255
3735.0076446370126
3736.4628556169841
3737.4267027849501
3737.8477793319289
3738.5880554676942
3739.8316906601308
3740.8751536871641
3741.9250793486799
3742.4850135468455
3743.8596162116296
3744.8466719650537
3746.1359725128027
3746.8409531031139
3747.9971270445785
3748.7528607229569
3749.6727079110183
3750.3031584312052
3751.1646445103579
3753.1864491298879
3753.9469890663859
3754.5073218829748
3755.9228188424127
3756.5249727120172
3757.4814398498102
3758.6964262963302
3759.359216675578
3760.5827291326164
3761.0853349517629
3762.4750790963394
3763.9998426976776
3764.6442801699854
3765.7460260640964
3766.4559675318205
3766.8724214842778
3768.3386401559546
3769.2933943130065
3770.105497899101
3771.7289927617212
3772.5123312174401
3773.4673277409884
3773.9415803049851
3775.7527118401154
3776.2588073422444
3777.1432443336557
3777.8333706021158
3778.8393737852584
3780.2264864506456
3781.6686461231607
3782.3905756618515
3783.1266494637202
3784.2655503452297
3784.8651050998246
3785.7910186009253
3786.935697906059
3788.2636648702519
3788.8000503319395
3790.0417766725736
3791.0209144046889
3792.5602476715885
3792.8724795019393
3793.7909902764854
3795.0216534164583
3795.8085881478737
3796.1391779332948
3797.8540558429436
3799.2984970773118
3800.1324264034065
3800.87763557888
3801.5906171756519
3802.640239732521
3803.8292004657146
3804.790840393654
3805.434646754818
3806.2978967553317
3808.0930498963316
3808.459507836561
3809.8742483129063
3811.1847123343969
3811.428221764781
3812.5447543989858
3812.9783089017856
3814.3270174617774
3815.5318198580708
3816.6025981278226
3817.7687079143084
3818.5055339655855
3819.414498547847
3820.4383133692536
3821.4380596667729
3822.371913385552
3823.148110407561
3824.418553124508
3824.5410371593507
3826.9476272377624
3827.5763356856687
3828.3395205196412
3829.1448104868887
3830.1618239230415
3831.0346791198476
3831.9324871295548
3832.9415488494687
3834.3530945611933
3835.22039872404
3836.0228819811864
3837.2388472241514
3838.0840586674599
3839.426268466038
3839.9740027663092
3840.5046787481951
3841.6823448121854
3842.6785326364325
3844.4035532130347
3844.8970109641682
3846.4874754760576
3846.7473011826592
3847.6817496708968
3848.4153010058626
3850.1702018148299
3850.6039204383796
3851.4101024605689
3852.7031024752487
3853.8602938456379
3854.9025863329916
3855.955254473829
3856.7038673958855
3857.6105830149213
3858.448586235992
3859.2857381770064
3860.0930085051727
3861.852719325409
3862.9837836669572
3863.658286019182
3864.1501909968229
3865.5650772054119
3866.8224041132867
3866.9723281249971
3868.412859073881
3869.1446669210113
3870.1140345394579
3871.2917501894394
3872.6665465727942
3873.8102083806734
3874.2296148437608
3875.1051975846658
3876.1737406898069
3876.6579649377932
3878.2561749410547
3879.1103387099947
3880.0822135974418
3881.5403505113977
3882.1168452597794
3882.8999925504704
3884.2097992079889
3885.1099630861122
3886.2252097662458
3886.4512897905006
3887.3520137600367
3889.1553463444961
3890.3091819690271
3891.0868830024087
3891.9299369859905
3893.0011310769669
3893.407062083334
3894.783730288917
3895.5679312739153
3896.6426322751345
3897.8707502910929
3898.6519617945555
3899.6237434556147
3901.0077646104219
3902.0774270422585
3902.4111605108892
3903.3515430731459
3904.3791913041209
3905.3448516662038
3906.1193191118837
3908.1881654381937
3908.6063626660698
3909.4658474041248
3910.6327168565399
3910.9114382361586
3912.6429485985122
3913.2591378617608
3914.2199232692192
3914.9490012449064
3916.1765385599515
3917.6581659536082
3918.4430529876499
3919.2227409606926
3920.5404310954505
3921.1525702400518
3921.6525603482887
3922.6652032242027
3924.1933105253574
3925.247119257293
3926.1760835835753
3927.0805173700933
3928.1422182952942
3928.8865592068205
3930.0992812803574
3930.8910863822848
3931.7452173605648
3932.6245680870188
3933.5168818420379
3934.9383478085992
3936.443286119626
3936.974234313655
3937.9053808535573
3938.2146165368645
3939.7751868118753
3940.4346375966888
3941.6300296480008
3942.352722187778
3944.0303628069291
3944.6509156523957
3945.333063668887
3946.8789835705702
3947.7038640745786
3948.4341922004874
3949.3137058221496
3950.1323755110852
3950.8594664396628
3952.9428701569173
3953.3565265912648
3954.7786211645971
3955.1765463727324
3956.420217191614
3957.0199017765426
3957.9547179470924
3959.4707555055297
3960.0710287569773
3960.7705346144794
3962.168461926688
3963.4703488612563
3964.3126495232082
3965.1327070989123
3966.1387149930442
3966.753894106404
3967.8187614211706
3968.4846536078962
3969.9146002196603
3971.3180702122163
3972.1157602645603
3973.0106815035861
3973.4570147838244
3974.8934133682833
3976.0661831956736
3976.7314189011922
3977.1139086949715
3978.6861199792565
3979.497341176278
3980.8440997822363
3982.0485020868459
3982.7640681165371
3983.7497953691227
3984.227435181157
3985.0987252423997
3986.5161790381803
3987.2307091547755
3988.7194492646759
3989.3521758089555
3990.481409607346
3991.5708909851755
3992.3311050998223
3993.293163731767
3994.3958739984523
3995.1684597230674
3995.7978134131113
3996.6890402330282
3998.8092922997066
3999.5192482853031
4000.0172851787706
4001.1442586346275
4002.1123494277144
4002.6957194147735
4004.0224513946823
4004.8067310286747
4005.8767374373392
4006.9319208177235
4008.1420308913844
4008.6895962524763
4010.3610190238096
4010.9833112803049
4011.6638815417868
4012.5689160008924
4013.2336888054665
4014.6572948182775
4015.6576510516411
4016.9689380100167
4018.0292684585756
4018.7769516000199
4019.1060650408122
4020.5707731036637
4021.6280142173746
4022.3801064376048
4023.4285049742052
4023.9051514000871
4025.5831990267257
4026.6027591015995
4027.8662975719244
4028.2471729197273
4029.1955570805403
4030.383280199062
4030.9161077860281
4031.6543117159449
4033.3744768773768
4034.5208201621908
4035.105599029921
4036.0793896018631
4037.1260145710262
4038.290698859279
4038.9483104343035
4039.8578192222562
4040.9405632217963
4041.4646776447744
4042.7024803963154
4044.3222870034347
4045.0551473872911
4046.2147848291243
4046.7382108173142
4047.4680443259767
4048.3807098275634
4049.9737046865762
4050.4313906242041
4051.3843795512339
4052.9976259815062
4053.5662720779342
4054.6907128702542
4055.4778525033571
4056.9963619032246
4057.4289042335245
4057.9934935391757
4059.0854282881833
4060.048996006783
4061.7439330496354
4062.8502886929004
4063.1577254554327
4064.35838019639
4065.1784751928994
4066.1095926505195
4067.0741068688126
4068.0832238260246
4068.9692976260758
4070.2819125697779
4070.6036776496076
4072.7051287061931
4073.1264501723922
4074.0876811330336
4074.8170645106657
4075.7413466700905
4076.7197818637919
4077.4133454845278
4078.9227713602118
4080.1083044812017
4081.0660834209457
4081.6985684317979
4082.5883481411197
4083.6300428600712
4084.9428832029125
4085.5153705858256
4086.3792210746124
4086.9674789752758
4088.781881483158
4089.7302856376564
4090.5912659102792
4091.9108461592191
4092.2972064646251
4093.2483622291243
4093.9059119452891
4095.1379307512534
4096.5108472965603
4097.0636844603532
4098.4751864481559
4099.2448452936269
4100.1075341305195
4101.5784479215599
4102.0373625351258
4102.8259418257812
4104.1413312021923
4104.6130985798291
4105.5128525692253
4107.3272193558823
4108.6242334302779
4108.8524431607721
4109.7109312857965
4110.6343198867207
4111.8598454450776
4112.667206018722
4113.485989227037
4114.6875678371589
4115.6157737984768
4116.8139808912574
4117.6007107397973
4118.9743526694583
4119.5963328836497
4120.6342105843687
4121.3486568027884
4121.794658785042
4123.2400866695443
4124.6488293801976
4125.5921284526048
4126.3780638805292
4127.5933708083967
4128.2981666996784
4128.7776752025757
4130.4667637802595
4131.1369798993219
4131.9280024327845
4132.7244513073765
4134.050648828269
4135.4417600213292
4136.3966888734094
4136.9748534834825
4137.9629413796429
4138.838339555502
4139.4640991552387
4140.8928301156329
4141.3737753201285
4143.3470625004511
4143.8976248560712
4144.6032987983908
4145.5647925680087
4147.0719222795251
4147.5950695475049
4148.6525207788081
4149.0694510507628
4150.4450979524854
4151.1468515094984
4152.7687252656433
4153.8391467450519
4154.6308990059788
4155.3347872616323
4156.2963049628379
4156.9139079917413
4158.1293344138112
4159.4804616989795
4159.9216658407595
4161.0962811821246
4162.3779145933777
4163.2788530508287
4164.1353514406319
4165.1391629555956
4166.0784280623984
4166.9841734083566
4167.5098753457733
4168.3034536255336
4170.4828061105636
4170.875114381648
4172.1307580515468
4172.8769668517043
4173.4168640228045
4174.8731818746073
4175.5120522522075
4176.6430719201981
4177.3221886240399
4178.5303041831758
4179.5746994301871
4180.5031817652034
4181.9224931844647
4182.8507928790996
4183.3775043717815
4183.846344459319
4185.312727675293
4185.9579366873768
4187.2007188462339
4188.4199772401571
4189.6152797933946
4190.2332692909085
4190.9859122256721
4192.1097123457121
4193.1758511657854
4194.0922458821315
4194.8990138882609
4195.5413516551434
4196.6045483558046
4198.4259891124793
4199.3351926311643
4199.6330028296361
4200.9974634665759
4201.8270022366842
4202.4166987460148
4203.2808136601388
4204.7360110733416
4205.6273652673863
4206.8701918882571
4207.3545421043882
4208.7347820983268
4209.6429027594122
4210.5497931940426
4211.5279807000388
4212.1702281297212
4212.9672932334688
4214.1176865835778
4215.1792932818307
4216.8321357638506
4217.4955242517708
4218.2307886268754
4219.0864103562899
4219.6720615312197
4221.3067397104833
4222.1266714410449
4222.5072437051376
4223.90117999222
4225.2823658463631
4225.7223073328705
4227.210630501786
4227.9847050721364
4228.9808341069102
4229.5334114976295
4230.6578479751552
4231.0080797545033
4232.6603273787823
4234.1372607509547
4234.672186485428
4235.5028147846497
4236.7087780813335
4237.3431050885983
4238.58156242922
4239.0833550913521
4240.6092232762203
4241.1040242900799
4241.7837530832549
4243.5736524940194
4244.5758226329963
4245.6210599955466
4246.0109615018982
4247.0506663694941
4247.8828636201206
4248.798229920726
4249.8423605507842
4251.0245719169361
4252.0637703766924
4253.4521570430952
4253.641943495415
4254.606741244741
4256.2539779150784
4256.9039163798916
4257.3984260708603
4258.4123094989236
4259.2199715039587
4260.8287804000283
4261.8013161539056
4262.8349177588179
4263.8510700901616
4264.3264840974725
4265.197753530234
4266.1755262978286
4267.3750181158748
4268.2230320639583
4269.3119633831984
4270.2289458522373
4271.2193577240187
4272.6265466827881
4273.266070375792
4274.0061984852673
4275.1067326338998
4275.8636480704099
4276.7331763403854
4277.4200429594293
4279.5488671881239
4280.1616255246781
4280.9737876927875
4281.5871597611304
4282.9434791386284
4283.4937286326522
4284.8449654014712
4285.6290536482147
4286.1581072869076
4287.680518179438
4288.5047662744328
4289.8121457606458
4290.6838263576428
4291.6749193937858
4292.7264449752311
4292.8172633905142
4293.8138149597471
4295.3482114483822
4296.2476875537823
4297.2696684926996
4298.6631790896363
4299.0549472829098
4300.0891483781215
4301.0120506093017
4302.1451948823833
4303.1833841787375
4303.5346369035851
4304.6175280010248
4305.6138237120485
4307.4490775990562
4307.9989917543062
4309.1729649768413
4309.3586150696956
4310.6321760972187
4311.6620072439218
4312.226430123791
4313.4013702585289
4314.7992831602551
4315.5737418052113
4316.4646563069236
4317.3561907402627
4318.8675428542128
4319.406828392036
4320.1622436023627
4321.0748916274324
4322.076165190022
4322.6645664862745
4324.5467480081506
4325.293085728018
4326.3501185835848
4327.3946907037589
4327.7003625594616
4328.6157690544132
4330.0278359152544
4330.890065791732
4331.8519156221064
4332.3039022867197
4334.0205810836624
4335.0631473708845
4335.6066671653052
4337.1336626056691
4337.4518429808841
4338.7191221625735
4339.0270615069785
4340.0878325409012
4341.4130509623837
4342.9016181749976
4343.5632012070746
4344.3346414911402
4345.2496571545653
4346.2428962103641
4347.6280300722892
4347.7887353217784
4348.9754308519823
4350.0139221055451
4350.8713843550959
4351.9525166328449
4353.7001897324462
4354.2207576250075
4354.7245965902712
4355.8931107822482
4356.4827664083386
4357.5875916930427
4358.7556431324201
4359.5001855978162
4361.1910768175221
4361.486734502676
4362.7615831857647
4363.5255813188824
4364.5469088460368
4365.671997008556
4366.5273075426867
4367.000511849069
4367.7110484295345
4369.5379649273373
4370.7346275099053
4371.362633022015
4372.2279065074326
4373.4331782909221
4373.8638044114186
4374.6950961607026
4376.0832239112251
4376.9829532967597
4377.7684633622848
4379.1033158754572
4379.7598645293328
4381.0910283098647
4382.1259494986762
4382.8757485232636
4383.4664273182971
4384.4196011390814
4385.5798863289037
4386.0836787074941
4387.7562600258416
4389.0294783915097
4389.7196308688881
4390.3511082752275
4391.0212130669597
4392.5743376748387
4393.3586625526059
4394.0285111268258
4395.0608938441628
4395.951097930616
4397.2232226873175
4398.4517196330698
4399.1774673041236
4400.2701800391606
4401.1754715476327
4401.533574080142
4402.8082345169059
4403.2395699241888
4405.2186046399875
4405.832303993916
4406.7068764164887
4407.9731809396189
4408.623707863404
4409.6660971341107
4410.4911419822056
4411.715201530782
4412.2372474907133
4413.2165611653809
4413.9340445124844
4415.8509618265498
4416.593999029481
4417.5801169756851
4418.2415564728381
4418.971524790858
4419.9224575733633
4421.1412179966437
4421.9047012077572
4422.7907496209773
4424.3396665541568
4425.2449095746415
4425.4956487322979
4427.164720656212
4428.0731758426855
4428.8818024316379
4429.4880095669987
4430.2474487954396
4431.4243404830877
4432.5756274545847
4434.0292531958748
4434.7791048360705
4435.5290832925766
4436.4237379836231
4437.394173677606
4437.9768696285064
4439.5575607144146
4440.1075855090112
4441.0649962649886
4441.9849485783579
4443.365941871084
4444.5644241103137
4445.2383385405938
4445.7727582489506
4447.2630960167935
4447.7329624616832
4448.3019010683247
4449.6352681243679
4451.0981208003095
4452.1880837051331
4452.6807020660417
4453.7345512711154
4454.4629054402494
4455.7626579725547
4456.7032501935137
4457.2458263399431
4458.1887493306695
4459.1712790161409
4460.5485292875355
4461.4041404785376
4462.7346221949156
4463.6476480672072
4464.0385232569897
4464.812716127627
4465.8059975692222
4467.2285328830012
4467.7398170152755
4469.1706627374106
4469.9780328317338
4471.361757252288
4471.5501955903519
4472.9592720151823
4474.1862775774061
4474.3170917789776
4475.8011109317595
4476.2465191575066
4477.0158570633321
4479.2694232763342
4479.7306647720925
4480.5336297392359
4481.4100402211379
4482.3668856889581
4483.238277466884
4484.1236233693489
4485.052226103624
4486.3272191629412
4487.0841914278117
4488.0706672490151
4489.2408955475412
4490.2955069948548
4491.2184812524229
4492.0082778789692
4492.6380346692131
4493.5336347352086
4494.493755901568
4495.810018029897
4496.8934517672651
4498.1071120464667
4498.778394072473
4499.5852231074578
4500.1646023960693
4501.6271866439847
4502.673855553594
4503.3298543457186
4503.7155556818107
4505.4588670930725
4506.3114967288247
4507.7451828832172
4508.2114369026831
4509.3714446481235
4509.9436689371432
4511.0400140285201
4511.4627185969448
4512.8099911071995
4514.0771395895417
4515.1913067645892
4516.0898452135389
4516.3656710408286
4518.2753892224328
4518.5846792154189
4519.5748000204594
4520.5385550087267
4521.4754851532725
4522.1440777282614
4523.2374643787252
4524.9733971607557
4525.7908822969002
4526.3485863587875
4527.3536331240184
4527.9438935447852
4529.0692345920079
4530.0252331744114
4531.3189683378869
4531.6435759871811
4533.2979764714419
4534.135598244321
4534.9355560047024
4535.9075625167297
4537.2525685474857
4537.8060983438827
4538.508935088108
4539.1888629237055
4540.347726623454
4542.1296662509785
4542.6204860980079
4543.7469222737909
4544.7202713208753
4545.2633436364849
4546.1412074212722
4547.5934153687203
4547.9386360063636
4549.281071828128
4550.0686888793143
4550.9796935852955
4552.3219261609702
4553.5368502808797
4554.19795105097
4554.9593914868765
4555.5954735992027
4556.8913105364845
4557.5339740705776
4558.3966238282901
4560.215941097671
4560.9998335062319
4561.6293466015695
4562.5968170892675
4563.4160462676045
4564.8159558446723
4565.4169582722488
4566.2533260819464
4567.121450990624
4567.9416864784971
4569.6157702951878
4570.433329174899
4571.4578987855612
4572.2498604185866
4573.2461731873937
4573.9241305119749
4574.2976213843885
4576.1899543918353
4576.7939177999579
4577.8591114298652
4578.9270258320721
4579.9569178539987
4580.7170845055853
4581.894187213451
4582.5682490861545
4583.6736879209939
4584.3807684992271
4584.9772581654324
4586.2077626053406
4587.674877076508
4588.9779142202169
4589.6434494895093
4589.7488115339838
4591.2041465130969
4592.0493090879081
4593.1597915727616
4593.8368919861305
4594.7871905603251
4596.2636644012227
4596.8299084590717
4597.8208123423301
4599.3736724398659
4599.9075794376895
4600.6300541134633
4601.6029618171951
4602.2561235138401
4603.2096905450881
4604.6416814013182
4605.8834516952211
4606.4624724024079
4607.7530325870375
4608.2163809442036
4609.2241607770602
4610.0842316459275
4611.4846744576798
4612.0285974586377
4612.7888540135409
4613.6843076413325
4615.5366160911817
4616.2223006616478
4616.9585827808341
4618.1076789101471
4618.7671706188185
4619.4655938968563
4620.5443656129228
4621.3482792186969
4622.8193231213136
4623.8056119441962
4624.7262787550935
4625.4092625016856
4626.3429857038336
4627.7902298231083
4628.463443401889
4628.9742347572628
4629.8887829393143
4631.2264069889707
4631.7624010439495
4633.5644389921808
4634.3071054187722
4635.3571608870097
4636.0283439606837
4636.3922807474528
4637.7920719800723
4638.748153747897
4639.715380822985
4640.5617397309588
4641.7582723800688
4642.6857581766526
4643.7517358635723
4644.7531055272111
4645.3629873524051
4646.7394860740742
4647.1172637324635
4648.1126081747971
4648.5648868165817
4650.6143303283043
4651.6641211458636
4652.0883991288929
4653.1191560552315
4654.068949599623
4654.9473239579174
4655.7215608964407
4656.9224185732364
4657.8208901948447
4658.3949499577748
4659.9186876104122
4660.5639639342535
4662.08000460323
4662.9458909194345
4663.505025593543
4664.3228972462875
4665.1413759531333
4666.0907987528126
4667.4244282680229
4668.055177752045
4669.8295135221497
4670.3506317460169
4671.0321064987238
4671.8778479645753
4673.2826905212887
4674.1267160485204
4674.7416398634723
4675.7275666864252
4676.3340958161261
4677.9302191471397
4679.0874910410821
4680.088468859477
4680.6063971112389
4681.604890746662
4682.6486624251302
4683.0212910666005
4684.1869147895941
4685.4077896422268
4686.7081551457313
4687.0721779752566
4688.2526030064282
4689.5050624373062
4690.1788400071009
4691.2967687887131
4691.8621000908042
4692.8664328620052
4693.9394172933362
4694.1739427933253
4696.0958498728105
4697.3541474715421
4697.7744037611546
4698.9245042091725
4699.4972522309627
4700.15860328091
4701.8425870353503
4702.4376456960008
4703.0151738405402
4704.3381184074287
4705.482138782043
4706.468570903251
4707.1871719521405
4708.5954274521691
4709.3326781574779
4709.944940346285
4710.5522420050274
4711.6919801848335
4712.777797477037
4714.2477231071371
4714.9979628248921
4715.9526217271068
4716.6602392190916
4717.7334010815257
4718.5298947667934
4719.5957041668626
4720.3866943735502
4721.5375409399612
4721.9545618195762
4723.2349349391461
4724.9964218776513
4725.4871965746497
4726.2711438527576
4726.9492958246101
4728.2116043529395
4728.7505072301192
4729.6615015483576
4730.9627143235039
4732.0219070449248
4733.1937649400879
4733.8440986995365
4734.5278178328908
4736.0449239361778
4736.5968400644779
4737.7840355478957
4738.4325825168298
4738.7937333173095
4740.332565971351
4741.7218858044153
4742.4140373103728
4743.7179206291694
4744.4218114836958
4744.9968532698585
4745.842419030444
4746.8395937429377
4748.3358066896344
4748.7008811291726
4749.7281002183372
4751.2159490593667
4751.682732579111
4753.0840261014846
4753.9188358401816
4754.589564975895
4755.5889488592211
4756.3561404895763
4757.2226716328978
4757.9706695732339
4760.1585902093029
4760.4410480586139
4761.5164307634996
4761.9839938081341
4763.1581885062133
4764.2754244073067
4764.9984768035938
4765.8032553849043
4766.8848180581163
4767.8688588310615
4768.726470928571
4770.2564971576921
4770.8912840393086
4772.0574948292033
4772.6449389361178
4773.4397977729122
4774.056619725543
4775.3957112494636
4776.4292012543692
4777.635676983271
4778.374124696471
4779.5961513783468
4780.4791230890069
4780.7085875024432
4782.3568744316135
4783.3432241251357
4783.7145167953859
4784.6409676786052
4785.5254153380929
4787.2526753461616
4788.1525701242554
4788.9990157404845
4789.6983479337623
4790.7338158688608
4791.2911708210131
4792.4088240186175
4793.3473196521982
4794.2867647152116
4795.7801178315376
4796.3529034318308
4797.0979335979455
4798.4208418625985
4799.6732114042934
4800.0977676152288
4800.6710021860363
4802.1883695085044
4802.3778508697578
4803.7045926767569
4805.0722164800518
4806.3719735810882
4806.9212705944356
4807.5410120336728
4808.6044991692233
4809.3468803198348
4810.531881343335
4811.6322888445229
4812.1607722036069
4813.0455521243584
4814.6815598175235
4815.3242765495752
4816.4517582569752
4817.2328754075488
4818.2401334844672
4819.0284261961651
4819.7546281685663
4820.2100300172033
4822.2211648727034
4822.905726969313
4824.1375374797899
4824.678397755426
4825.7362955023627
4826.4943412148614
4827.7673212633626
4828.3379466208899
4829.3863099189339
4830.1368235591672
4831.1856932088194
4832.2248667308741
4833.6632639593654
4834.665341189936
4835.1440266096615
4835.9519667763016
4836.6089653789768
4838.0267099073999
4838.6604837329678
4839.6471581124442
4841.0647236453087
4842.0435046877719
4842.5854124001162
4843.6213360007923
4844.6996129693589
4845.6967344191671
4846.6577601435183
4846.9160493348145
4848.107405391168
4848.885041904171
4850.8715187922026
4851.468722998432
4852.0010650833947
4853.4258154319741
4854.0270067060219
4854.5742961027609
4855.7184623638504
4856.9218300815046
4857.815380260171
4858.6041722183672
4859.680531624429
4860.8093307255149
4862.0766543877244
4862.3593496457506
4863.7601539197613
4864.1919486675615
4865.055351272651
4866.0715782711923
4866.9540212689053
4868.588327038713
4869.4666362859962
4870.5172538319202
4870.6965647233592
4871.7055395300067
4873.1931813759466
4873.8184462274676
4874.789996783109
4875.2376608371451
4876.743142327452
4877.7252995677018
4878.6290055831541
4880.0581273588841
4880.6096610016293
4881.3110123398801
4882.3044622351035
4882.8907859359615
4883.9274142342911
4885.3620747239902
4886.2704788799956
4887.1984806466999
4888.1756108352183
4888.9080793460098
4890.2144513161838
4890.6277568882651
4891.7830560747561
4892.9349790424867
4893.3883376357635
4893.9631695295666
4895.9637395459858
4896.9577466909641
4897.6507812975769
4898.4572917664836
4899.1612006888972
4900.4295633792581
4900.7428817464943
4902.3072099028977
4902.8216320685488
4904.2286329374474
4905.1424890806729
4906.0982381423464
4906.6995419736595
4908.3300893512123
4908.9135214442958
4909.6241117149839
4910.2450816674591
4911.291910102138
4912.4513089361053
4913.6606376180662
4914.7926458315742
4915.7002406895617
4916.3321644775588
4917.2307805042446
4917.8075350428498
4919.4870363370983
4919.8893250520787
4920.8404305436407
4921.9705906276431
4922.7189913737566
4924.3170982499887
4925.0776066893286
4925.795026681425
4926.7276422096511
4927.5979512906351
4928.5260648031581
4928.9571362457082
4930.2403184429304
4932.0368127741376
4932.6006705270411
4933.0681258438117
4934.3522891220118
4935.200994249788
4936.1339495235061
4937.2071629859938
4937.7703657002185
4938.7538155262928
4939.6417247847066
4940.8522948626523
4942.135528578192
4942.9768964621899
4943.9778667318869
4944.6416030200498
4945.1868985179281
4946.1192534786433
4947.5004903218478
4948.3898087974421
4949.0859153851025
4950.6158125912589
4951.5023849292866
4951.8787979181707
4953.2005556686745
4954.2550676796645
4954.976576379403
4955.8222598161165
4956.4660552788555
4957.3318896302908
4959.0289893206318
4960.1639284076937
4960.7580902646196
4961.688462943187
4962.2619524481624
4963.5261186174866
4964.3070314051693
4964.9252350896077
4966.6332162698645
4966.868645587163
4968.3946409272257
4968.8360946551029
4970.4799826794479
4971.3392455562098
4971.8249961493966
4972.7134916173527
4973.7115780324584
4974.4304781472711
4975.3109971424128
4976.9640340775495
4977.755154086708
4978.8478557531762
4979.5808923266377
4980.1187625291186
4981.1927037477108
4982.5123615262382
4983.2250273146201
4983.9799758299114
4984.568543574519
4986.2525668358048
4987.1879009827553
4988.1915973075747
4988.905166592147
4990.3454802863562
4990.4497018190168
4991.2147744085869
4992.3794623414215
4993.4957489838143
4994.6327421722681
4995.8792477046582
4996.2208208768643
4997.3961507070999
4998.3700301956715
4999.329681372973
5000.2343169313281
5000.8343814324126
5001.889773627192
5002.8540028918578
5003.4849443783123
5005.4959074877079
5006.2083811062112
5006.7885588061008
5007.4859829198513
5008.6261996563017
5009.2290441172217
5010.8111725447288
5010.9331981060395
5012.3968337396773
5013.5336058731482
5014.2384420561975
5015.3579279379392
5016.192546914328
5017.3477565681687
5018.0849135476701
5018.9398318504655
5019.3958314733572
5020.3527593954841
5022.2030229837801
5022.8345260191873
5023.9048891412322
5024.725752594868
5025.7309935936282
5026.1854768823523
5027.2215637110439
5028.5378868208982
5029.2169569390544
5030.026936938536
5030.9678581867693
5032.3990635409154
5033.1665660802
5034.5503611630147
5035.0134164088513
5035.5230584374312
5036.8416671070081
5037.5006927568875
5038.324319636723
5039.6218874528495
5041.0413989938115
5041.7980345224578
5042.4921497164323
5043.0154453939667
5044.6567910913154
5045.4671304801668
5045.9416755020129
5046.99761743001
5047.8630861841848
5048.7902288197283
5050.3084596991657
5051.106699533686
5052.2793104729453
5052.7721552896728
5053.7123653199942
5054.4345473433696
5055.1926724734431
5056.6058130798801
5057.5899962358944
5058.3454094170784
5059.4399058188983
5060.5590809150199
5061.3262493290285
5062.1684727266902
5063.1827159374425
5064.3338136191724
5064.6289729684995
5065.4801249605434
5066.576539184779
5068.3848152388364
5069.0959359440076
5069.6755441385249
5070.8685512658758
5071.249797277138
5072.4103726605854
5073.4822561769934
5074.3560620415337
5074.9114702429461
5076.5986379477808
5077.1529895307376
5078.0011091832584
5079.6127261671409
5080.123622144014
5081.1300977706196
5081.6943444298231
5082.3177815116851
5083.7698489189597
5084.3874393407441
5085.9442307864965
5086.9997615780758
5087.5326689377589
5088.5989013220124
5089.1780939132977
5090.3458768115579
5091.2629578836177
5092.4019419113883
5092.837760452182
5093.6688801106257
5095.0869130615774
5096.6379331862099
5096.9594238563286
5097.814429758906
5098.9567890061862
5099.6107430379943
5100.4914624162002
5101.0340630485007
5102.6459486151716
5103.7283412530251
5104.4180930467592
5105.6386355264294
5106.0522259497975
5107.3857401239111
5108.4477701493306
5108.9590966984333
5109.838982090977
5110.8060416722674
5111.5031246544622
5113.0101572217254
5113.9460428804541
5115.3728429529892
5115.7267620977955
5116.5605574637148
5117.0259934134774
5118.533838768627
5119.3656691615715
5120.2400234664901
5121.0834901556382
5122.4547814097486
5123.3028934779304
5124.0617849880728
5125.2536867567687
5126.2791180151717
5126.729993291784
5127.7417169590954
5128.6816249743879
5128.9644838586737
5131.0438989735894
5132.007167837769
5132.6831370540021
5133.3065759896599
5134.6630438788225
5135.1719640736565
5136.1299360820949
5137.2062913984946
5138.0429579572947
5139.1215309621202
5139.6791256496927
5141.0966239356376
5142.447907864871
5142.9020322227198
5143.9337005339221
5144.5877526015283
5145.4804491741406
5146.1496459195705
5147.5627918400096
5148.2535273572857
5149.7682602807872
5150.7096149623067
5151.1418495865382
5152.1862146230642
5152.9531272947024
5154.6568454391672
5154.8991437975938
5155.4933625825333
5156.5094473282516
5157.8190655557455
5158.9548240008271
5160.0577362516251
5160.8527799279145
5161.6053929221489
5162.5871866852067
5163.0601644683729
5164.1023120220325
5165.3067715054076
5166.191972908493
5167.4835944021697
5167.9908280572636
5169.0701945640321
5170.2915160872726
5171.2359275014733
5171.5854811712425
5172.8016888767916
5173.6750245563153
5174.359901137178
5175.0931227770106
5177.2371322493809
5177.6096300225308
5178.7521946204497
5179.2026063914882
5180.1066262026534
5181.1897924085206
5182.1309140165858
5182.9988263291789
5183.9503070132387
5184.6857950323893
5186.355746810169
5186.7094726009454
5187.8878477674734
5189.0767196135675
5189.8595886616577
5190.3552911283596
5191.1268015980295
5192.0464869559801
5193.404415343728
5194.7074889015748
5195.1591638537357
5196.7073241979933
5197.1174983316778
5197.7183241761522
5199.2238581990896
5199.7763292299342
5200.9613112130419
5201.5558438742491
5202.4579897221747
5203.5212169496472
5205.0996069949624
5205.9005957048275
5206.6331616786792
5207.2150666822236
5208.288522939908
5209.1382393016656
5210.0109110485673
5210.8082186998399
5212.4194044695423
5213.3166742421026
5213.8969431920086
5214.7752525593251
5216.0544913522544
5216.9320093412161
5217.6507953203545
5218.6914130083851
5219.0578772200988
5220.2208551741824
5221.4229513230594
5222.8587876730926
5223.4344289377641
5224.4574634956844
5225.2560650965852
5226.148424105465
5226.3515403824467
5228.183098672057
5229.19855719922
5229.2418112589994
5230.8972097094238
5231.8150835883425
5232.884620192418
5233.6581150954189
5234.6402898887191
5235.5747351660339
5236.3004612291024
5236.9574393648591
5237.8016954019949
5239.1927892081612
5240.6076360410852
5241.502825459771
5241.8227204163522
5242.7929853886881
5243.8825488686243
5244.845451001428
5245.7557325175776
5246.2792508569146
5247.6103203919329
5248.4415390160757
5249.3663361316594
5250.6752381042488
5251.7985586265122
5252.5220378667063
5252.8905751484499
5253.944070491727
5254.9126308709128
5255.6131643037616
5257.0811800645361
5257.9249410075236
5259.1083209604258
5259.7719045218428
5260.9591902460106
5261.1804760471832
5262.8488356863318
5263.3969651016778
5264.4113780176494
5265.0883745350575
5265.6059363274699
5267.8853641514725
5268.1982707779707
5269.2013930210887
5270.2594545048933
5270.8862275259798
5271.6969691151789
5272.5179603600336
5273.5787379684371
5274.6915090153734
5275.643878877956
5276.6835030253696
5277.4757595026422
5278.3793903824771
5279.7756677178422
5280.3154459812013
5281.2399506863267
5281.6333800658031
5283.1638685599219
5283.4787191860351
5284.9269266291531
5286.4371615575819
5287.1374822053403
5287.7113802261047
5288.515549597787
5289.3532452215104
5290.6749743479941
5291.3995905093188
5292.2750163910778
5293.024355514839
5294.4647607140068
5295.1263554751986
5296.5810567191811
5297.1253949195952
5297.9811834393513
5299.2746792379294
5299.6273003199331
5300.1447368711388
5301.4581318092123
5302.9814542203294
5303.8852555458789
5304.5084578549404
5305.5263330120861
5306.4987697674414
5307.3003886362421
5308.0727904999821
5309.3617534818914
5310.0327647269987
5310.6068011120278
5311.8590498917183
5312.9802091585234
5314.4394267918342
5314.9547940495113
5315.726296859325
5316.6392539062172
5317.1397349058834
5318.4452409592304
5319.3647342978875
5320.1097530102843
5321.5366949976951
5322.6332805849388
5323.1372311121404
5323.7963278756888
5325.4664111430002
5326.0385127921327
5326.8677637898018
5327.4802222830367
5328.4638446652707
5329.37715859333
5331.0150518483833
5331.8550337826673
5332.5824493388718
5333.7463494526692
5334.0612179573718
5335.1953883515162
5335.9479262272362
5337.0596727605789
5338.2142747717344
5338.9331254648587
5339.6745649868562
5341.2649578586088
5341.9077145568817
5342.9866898335231
5343.6233594330197
5344.5075326124388
5345.5282973416952
5346.0699656153565
5346.8909374218429
5348.7696692817253
5349.4890578401437
5350.3959047724429
5351.2254199258468
5351.7716373834983
5352.90017820707
5354.1852028293115
5354.7734797140492
5355.3470636756228
5356.5388658287047
5357.711619892325
5358.669106441791
5359.6339179273755
5360.8771265312944
5361.6309972921199
5361.9166370168286
5362.9904053266318
5363.7172804770044
5365.296267419234
5365.7422576806184
5367.3801238521919
5367.9055431146817
5368.8136416011403
5369.807596452586
5370.713539813717
5371.5383297505095
5372.6808672582501
5373.2199729471913
5374.1148352125556
5374.8697382450364
5376.7226636586174
5377.7197308689229
5378.2070381300464
5378.7687137200483
5380.1037318827966
5380.8770565107789
5381.3481506970465
5382.8099933705143
5383.5286009883694
5384.819764523646
5385.689781133583
5386.311049248221
5387.7055341288951
5388.4491374947429
5389.6081464938188
5389.9095135614189
5390.9922600830014
5391.5059656270978
5392.9819596830384
5394.0837172525153
5395.1166634275869
5396.1158594717499
5397.0034297268021
5397.2619601578599
5398.2776219952084
5399.7125046404708
5400.4188878682899
5401.1944961853642
5401.9471430745652
5403.3895901152373
5404.287687736618
5405.3544533227687
5406.1841327440652
5407.0755379967113
5407.7350143838612
5408.5887157675434
5409.5777394759616
5410.1018720172451
5412.1196607388065
5412.7569318616461
5413.4489423384348
5414.391884655146
5415.2250629637238
5416.5118143091295
5417.190777293039
5417.7307759664845
5419.1457693655875
5419.6479140172587
5420.5951186181746
5422.1072015443942
5423.3642850300685
5423.5828399972524
5424.9901375015925
5425.2055793316567
5426.0774736214571
5427.3277872672124
5428.2007935075171
5429.3070694776488
5430.0932323946299
5431.5185504619358
5432.081300563691
5432.8670618736733
5433.9393146580232
5435.2245106694281
5435.6142141610953
5436.658400672125
5436.8206449300878
5438.4860779024084
5439.8749473818334
5440.645160132015
5441.5650503605566
5442.1971965407711
5443.28353971242
5443.7951373206561
5444.9669595699197
5445.9250270996899
5446.7652478727659
5447.8619983012995
5448.9084132864282
5449.4276301675909
5451.309407660432
5451.6667756126917
5452.3309502020666
5453.2764258971456
5454.2327660910159
5454.9485555105848
5455.8679639829443
5457.2543358315688
5458.7156450868306
5459.062182610659
5459.7145139433524
5460.815544164755
5461.682968830869
5462.7450005495402
5463.7645545436972
5464.243875226839
5465.0832415098257
5466.4183062458387
5467.7904449920225
5468.2445355537611
5469.480888387573
5470.2200686724163
5471.0828731415122
5471.7608669196879
5472.2640376931886
5473.9252041883947
5474.8714529015779
5475.749436824135
5476.7488938013585
5477.6719406187431
5478.4634364578205
5479.3968147597934
5480.6548058014023
5480.9567332021925
5481.9937340777433
5483.0668516897813
5483.47314896839
5485.3795303349252
5486.2509580785645
5487.1586423257204
5487.8144482031312
5488.2394697865248
5489.5398863100445
5490.606477202432
5491.1984884617523
5492.1370506013736
5493.7924691267663
5494.0384805830972
5495.2808754624839
5496.0897272754137
5497.3734903962186
5498.1741239451012
5498.6335653052256
5499.6127975086793
5500.3539836459322
5501.3312242233542
5503.2116944788459
5503.5225362392985
5504.5794910405066
5505.571935828686
5506.3300114855192
5506.908179898227
5508.0170095011026
5509.2912306765811
5509.9459303023459
5510.5442648133494
5511.7577738751907
5513.1099580562386
5514.0018487043662
5514.8444620980763
5515.5014829554293
5516.6296566660667
5517.1616334108057
5517.9482995564285
5519.0958376070303
5520.2153979388249
5521.6142047531503
5522.2496309941444
5522.9700464657062
5523.6013509774621
5525.239782350297
5525.717122329117
5526.6627652236875
5527.3553324687164
5528.1664125017805
5529.6609340203568
5530.2031592491812
5531.9296126027775
5532.4611173646426
5533.2758252773428
5533.9533584762048
5534.8107890073634
5535.6568683245378
5536.8995250561393
5537.7909083690001
5538.7407273182398
5539.8145850790143
5540.6945831432868
5541.5763515439394
5542.7646460567094
5543.1132566728174
5544.5152086085636
5545.1929991631923
5545.6678952220082
5546.5353045784541
5548.5239196611237
5549.3588398144848
5549.8348231424507
5550.8078997789826
5551.9299117496585
5552.2079471167572
5553.6597897859492
5554.2385999437956
5555.4024307954478
5556.1992457438337
5557.3639224562357
5558.2020044966876
5559.2481786027265
5560.3672117769693
5561.3101352137974
5561.7915487980326
5562.2618844463368
5563.6378709008386
5564.4301625507651
5565.5662173269739
5566.9121772571016
5567.6443186522438
5568.7985801220375
5568.9129337704189
5570.0063561733195
5571.437867776981
5572.1755812084448
5572.5860242256786
5573.8995294050428
5574.4412838833996
5576.0647624328885
5577.1836792812828
5577.6722768284444
5578.6446443737459
5579.4959164928323
5580.3332703764281
5581.0255737835751
5581.8222771937826
5583.3891914184524
5584.323740890819
5585.2445709559934
5585.7087170081995
5587.1600812746392
5587.8865252812411
5588.7510611854987
5589.6917271710909
5590.3851731388859
5591.4009636239052
5591.9252407925896
5593.5556170292148
5594.574594282587
5595.711374711912
5596.2277366820972
5596.8566168295984
5597.8417689552189
5598.6060068128108
5600.1621503097867
5600.5497470475902
5601.3007509665795
5603.0813626517947
5603.564840050677
5604.3472543495045
5605.6446541874475
5606.5425795458987
5607.2731787194134
5608.0054035031098
5608.6955821638066
5609.5638959249818
5611.1467437537131
5612.1571146435617
5613.1214002815441
5613.7278969967465
5614.4922879169335
5615.7410264379932
5616.2545247961652
5617.320271437552
5618.2890895741029
5619.2680820172882
5619.9023945193348
5621.0233916609632
5622.4886041422669
5623.4136258431454
5623.7771201066935
5624.7555791353061
5625.5921847433856
5626.5022427118647
5627.2131872081936
5628.3484624441589
5629.8906487979484
5630.3805022298429
5631.5202880396437
5632.1974651554392
5632.847100005567
5634.3700162119385
5635.0162508075837
5635.9294702744864
5636.2366944815276
5637.4902370625186
5638.7887144579236
5640.1342525916161
5640.3857109664223
5641.872250768497
5642.4633990978418
5643.0933194405825
5643.6631274877918
5645.3281174149379
5645.7690160952807
5647.1615765734678
5647.8572069767952
5648.974462993071
5649.8007569253614
5650.8390752328651
5651.8834184628449
5652.3454795791877
5653.40735620534
5654.1921513735088
5655.0003727624935
5655.8192526236844
5657.8667387158839
5658.4112474598951
5658.9212158885839
5659.8944128726589
5660.6304228027448
5661.9296967611654
5662.4574511480332
5663.557248248997
5664.3367082563009
5665.4604598018759
5666.4726157784316
5667.3161704627191
5668.5253156093204
5669.4727679002754
5669.97856381366
5671.1496590682218
5671.4799591543051
5672.2909548908883
5673.9371583970515
5674.8149951255446
5675.7075287403459
5676.9725365227596
5677.3850260825402
5678.3479088817958
5679.1139039847922
5680.3390450530842
5681.2415651371875
5682.0991699247079
5682.2881501468464
5683.9705090432954
5685.1237934847913
5686.0935412255421
5687.0245197311251
5687.4818565480109
5688.3638444700264
5689.5086317872974
5689.9526950615527
5691.1409457707241
5692.2052179588372
5693.5896086972489
5694.3119665282802
5694.6092174682972
5696.0319173720127
5697.1720496682856
5697.9020796250188
5698.3747478279965
5699.3729931969892
5700.4810143481154
5700.9838723955754
5702.7328114453485
5703.616227811558
5704.5058406104163
5705.1779271079968
5706.0774143266899
5706.5960757480125
5707.7686522513441
5709.0394244436666
5709.5203691321967
5710.6017409347705
5711.5592249692936
5712.8158712283284
5713.793844101061
5714.0997546958915
5715.6336443586933
5716.3335604858839
5716.7502791522611
5717.7714966028761
5718.4723395817209
5720.3633899992283
5721.0505347319659
5721.9643234862515
5722.5913579478029
5723.779045993776
5724.1633579354339
5725.6711409153213
5726.2333868789474
5726.9887435359942
5728.1207002542569
5729.1523768531097
5729.8831931872246
5731.3478621152844
5732.3411891471851
5732.8820931798373
5733.5999679100769
5734.2890926865857
5735.4489924201562
5736.3254169475085
5737.2552610809198
5738.609819841824
5739.5696344323196
5740.3118947992316
5740.8653721814608
5742.1466985132884
5743.0060629220925
5743.8919935557369
5744.8575304271872
5745.3163950428607
5746.1050372939826
5747.9443512671915
5748.7376213287807
5749.8400455983765
5750.0724189411139
5751.5106786575234
5752.0225804542342
5752.7253534145984
5753.6884382323087
5755.2670014954028
5755.6667685044213
5756.7647684718986
5757.9420079779702
5758.4753407269181
5759.8966834653093
5760.6461079483715
5761.1316450544082
5762.4519067411793
5762.7339074551037
5763.8322809463943
5764.9635567150881
5766.3053890902011
5767.3829189226881
5767.9850958060815
5768.7081113072691
5769.2173794899427
5770.6818869923727
5771.7177429726953
5772.1103109135911
5773.0859862231991
5774.2691437362209
5775.4049016664339
5776.0525098709577
5777.4000763851509
5778.0911217563835
5779.0052011007137
5779.6615554908731
5780.3785972035666
5781.2539219510863
5782.4004667947283
5784.0484325180787
5784.4684673156744
5785.2128945344293
5786.4935754014314
5787.1348788000569
5787.9694409447238
5788.9857998250345
5789.9543513211438
5790.6922670306903
5791.5469762174935
5792.2895936352106
5794.301907788139
5794.6687815961523
5795.5639397378318
5796.419040669175
5797.2178392361366
5797.8842821934322
5798.9396642547445
5800.0410302743649
5800.7192773205379
5802.3717184072102
5802.7811360746
5803.8712062580753
5804.4094090317058
5805.8201887537534
5806.798661008811
5807.3739496196486
5807.7863833884012
5808.9500495469738
5810.0332031913349
5811.356821178596
5812.2047882909765
5813.3450515665318
5813.946414929017
5814.4993273153796
5815.624714249826
5816.2956702028223
5817.6871419558047
5818.2921587570654
5819.2638736607196
5820.3230724836467
5821.1995803176651
5822.5549323619289
5823.1601205900715
5824.0344461960303
5824.6440707502543
5826.0224176854772
5826.4371664731707
5826.8943136231828
5828.8903229569933
5829.884397342048
5830.5910343464438
5831.3486198285582
5832.0104379951254
5833.3207489877304
5834.0007713261411
5834.9352420186215
5835.9525975277247
5836.4097757934696
5837.69481693744
5838.8878117706381
5839.6571488896052
5840.870745780082
5841.7732446965674
5842.257347261062
5843.0040161636007
5843.7455040570749
5845.0435407788509
5846.1223464757404
5846.8589671536201
5848.1829874153764
5848.9969583433285
5849.6615173755526
5850.48926813853
5851.7110597598958
5852.66814558846
5853.0955545949409
5854.1915399720392
5854.7154917729395
5856.094228893925
5857.8438093414388
5858.0833583094636
5858.8339530600915
5859.8613972519825
5860.6493829997644
5861.4348689859171
5862.5574282976722
5863.0940385132999
5864.6567636064001
5865.5227925106265
5866.0402353246063
5867.2015469813778
5868.5436609746948
5868.9869170349666
5870.0089918557405
5870.7188846478648
5871.419724497563
5872.4027948562898
5873.3875937064149
5874.8815882083236
5875.7983581542912
5876.3749636214725
5877.6097486066683
5877.9332939194892
5878.6762144786544
5880.463284726764
5880.7095609276248
5881.8250241205815
5882.270516172438
5884.0328262449366
5884.684250047967
5885.7447305403966
5886.6211911650307
5887.4863003886803
5888.3875765341572
5888.8454705216691
5889.6982918347903
5890.842689357557
5892.2258482935094
5893.1210916700484
5894.0856132198487
5894.5444108634174
5895.5571336519597
5896.8146258741335
5897.5285083951803
5898.0456155928459
5899.3352944031831
5900.0261307682204
5900.8328837957906
5902.1606602142538
5903.4591043361661
5904.3592248500427
5904.7866496490296
5905.3779042969645
5906.6542948343467
5907.3056044813693
5908.3041303780446
5909.4323160046533
5910.2974286392464
5911.4891765769744
5912.3324122209242
5912.9352966125052
5914.1156665416565
5915.0195767541445
5916.0883325806899
5916.4411691279975
5917.3808909681557
5917.9754179607371
5920.0555508690049
5920.5384765115014
5921.4384185629542
5922.5520800877639
5923.1064805275519
5924.0239182059122
5924.6125679970419
5925.9826521123241
5926.8678068976315
5927.4793564338688
5928.8991619845938
5929.3453828974925
5930.8603628944447
5931.5701348644052
5932.7360655474376
5933.033536559582
5933.9878980435187
5934.8299813073145
5935.9483473275941
5936.4651473292142
5938.2876799881997
5939.2653032668068
5939.6958387113955
5940.3790998531322
5941.4418948044058
5942.4677361538452
5943.5439791745011
5944.1302466242578
5944.7254133710576
5946.1433319907101
5946.8200626529997
5948.3016138694402
5949.1424263126355
5949.7777063515223
5950.9890843929925
5951.4301216743861
5952.2619025846279
5952.9026187681093
5954.4659957606564
5955.3421384767389
5956.3659140609789
5957.0276929493448
5958.3326401013919
5958.8664574954246
5959.8765166049807
5960.7406930760999
5961.7886625475012
5962.5742458856603
5962.9435595131208
5964.1465334596196
5965.7365091676365
5966.6195151436177
5967.4331332313732
5968.178918743095
5968.7358787849862
5969.7796802066705
5970.8442167667363
5971.6049715427216
5972.4853684050604
5973.6209022482917
5974.8862111794633
5975.3561632299088
5976.1419018925399
5978.0265904192902
5978.1393097257896
5978.8326703527955
5979.8622885780851
5980.5926133333796
5981.5062607993486
5982.9149767637318
5984.0126156400111
5984.7928175068018
5985.6690346698879
5986.4191452050763
5987.0559195177029
5988.3138414631348
5988.973948250783
5990.2942848735865
5990.8097551429146
5991.4729854300858
5993.0846536146464
5994.0572331746753
5995.0245324944808
5995.4095406511478
5996.6094655384541
5997.3925056888156
5998.0529197526557
5998.7347949432915
6000.1210209983747
6001.4955190899245
6002.1545896334119
6002.9148383456186
6003.8785193651929
6004.5918207248878
6005.8557849423341
6006.6780286149624
6007.3255659076058
6007.9782874577877
6009.2045403795864
6010.1908204104384
6011.2530254284693
6012.6511226353387
6013.0472456455509
6014.0423731697965
6014.6638693794011
6015.1614673001413
6016.7368037038032
6017.5305428991205
6018.1804745295485
6019.6502858359527
6020.4854771654673
6021.0785336849804
6022.4969915370448
6022.8660867509852
6024.2359286215114
6024.7658221549418
6025.6529890588045
6026.3284293681982
6027.1499893550244
6029.0838793362391
6029.8713364906125
6030.3665655452669
6031.190552493812
6032.2741148065834
6033.1467313313378
6033.6449772083733
6034.9421326298643
6035.7823576052606
6036.7351044641682
6037.6218149706883
6038.6208190101133
6039.7801884621113
6040.747929474348
6041.3982409932551
6042.397652237235
6042.6686440644626
6043.99501026898
6044.5525721239364
6046.181521954205
6046.796932396247
6048.2636073613976
6048.9526458644814
6049.2411429916174
6050.246128122275
6051.6269710339056
6052.439739293709
6053.0674139243238
6053.7788460364582
6054.8041645580452
6056.2608862321795
6057.0728421161939
6058.0008762706502
6059.1344937857584
6059.4668287283521
6060.3416275930103
6061.493619822284
6061.7939117476672
6063.2536872077299
6064.5933999326107
6065.1044465942132
6066.1425739326232
6066.8299343789104
6068.1653527871786
6068.8843778479259
6069.5697098814999
6070.4567309485865
6071.6071243796869
6071.9870317371278
6072.986930281585
6074.8357518810226
6075.4562098804718
6076.3195804109273
6076.8965954287569
6077.9235255978538
6078.4642570003589
6079.7253725148248
6080.8175946399351
6081.1771706529335
6082.5010837069776
6083.6440167579331
6084.3830073656609
6085.2309051623561
6086.3255569125786
6087.2783923643728
6088.1447680715073
6088.5375414046784
6089.1286160197169
6090.7171531070771
6091.6898817684951
6093.1923353255679
6093.2834268176775
6094.5502613299777
6095.3311933799969
6095.9117283180658
6097.0967284893904
6098.0714980104613
6098.7868880808992
6099.6670652470166
6100.7139396347629
6101.5426360107313
6103.1110620563431
6103.890836007713
6104.3699865460258
6105.0801123185684
6106.4279379480777
6106.6988707873197
6107.8883982795423
6108.6837807169113
6110.5310114759823
6110.8309961547739
6111.8445328475073
6112.4644353848335
6113.552617473988
6114.76189175327
6115.2747915438122
6116.1674959306292
6117.0907532910969
6117.5523594277165
6119.2159978424115
6120.2815346973603
6120.9333016864111
6122.0943987585033
6122.8574249196499
6123.3566079728271
6124.1388832207813
6125.1726198801762
6126.5685865193072
6127.1302213940326
6128.0468631297563
6129.2687515480138
6130.2916064646115
6130.6867686492615
6132.1216873970989
6132.7623534867907
6133.4898927042022
6134.4550516679647
6135.143074922049
6135.8926132006482
6137.7813893201292
6138.4456013902545
6139.5893469587818
6139.8132398338257
6140.675863382834
6141.8723587562317
6142.9114516402851
6143.3566661031728
6144.4058672078218
6145.50536404389
6146.6043296046628
6147.0700234475989
6148.5931139456106
6149.3989252300753
6150.2753741043398
6150.8798878705948
6151.5725020813024
6152.5855990272275
6153.3263656532436
6154.8056384235142
6155.7048099015774
6156.7374644945894
6157.3811286498958
6158.3976861731426
6159.0969471901471
6159.8294689957511
6161.4293689455981
6161.8272536968452
6162.4155624124405
6163.3784774442629
6164.7732205176108
6166.2005134345973
6166.4830489940305
6167.4645313593937
6168.3798096802466
6169.3947364676505
6169.5381526484489
6170.8200081090754
6171.9204747715376
6172.8399304581189
6174.2350699623612
6174.7475424132663
6175.309013705466
6176.7441622027864
6177.6304044496073
6178.4102856321242
6179.0944869176283
6179.7646816140959
6181.0128257552869
6181.6784207466517
6183.0624803347037
6184.3363165824876
6185.0799748641957
6185.4601037004841
6186.4572839680786
6187.1267507233315
6188.4586833603644
6189.1180296816456
6190.1697958873101
6190.9266659715113
6192.097286028823
6193.1334311444298
6193.9028241929491
6194.9652740924885
6195.6720789904721
6196.664752125841
6197.3870632571306
6198.065389560702
6198.6522165613314
6200.6740344642294
6201.5930885087755
6201.8325696394495
6203.1909107372612
6203.867876241975
6204.5856561868704
6205.7313423312153
6206.5130256854081
6207.3536773669803
6208.5620861273674
6208.8139724107959
6210.4700301629855
6211.2078165472185
6212.5496860579742
6213.1879769004963
6213.7999999573667
6214.5013047295815
6215.40095701678
6216.6682921624497
6217.188858908823
6218.5171198635526
6219.8442202033239
6220.2768661683604
6221.3501275626868
6221.6413009609605
6223.4477089274033
6223.8547869597242
6224.7324473125436
6225.4706780814413
6226.2328835661947
6227.4500453272694
6228.8328409275182
6229.7615844183538
6230.3237497961481
6231.1869842141314
6232.2342369644093
6232.8114907007857
6233.4361506352107
6234.9053560279081
6235.6918115288445
6236.8717972137511
6237.4011880515172
6238.5077901500827
6239.7202987491792
6240.5184324882121
6240.9874783376054
6242.2637426483334
6242.9161281103788
6243.5365712060484
6244.4675010071287
6245.8463537928001
6247.2208038949693
6247.7659004126399
6248.6175900566341
6249.2235672024863
6250.1259980326658
6251.1608300385087
6252.3377216811614
6252.9606416239112
6253.3726994330218
6255.2123825930876
6255.7099957149321
6256.7379881035868
6257.8219137678634
6258.8631422018661
6259.5111305034188
6259.9691344804351
6260.9418656019834
6261.7768464223736
6263.0659049317183
6264.199277451351
6265.0608982770427
6265.9721253060598
6266.6457359224942
6267.5604865761634
6268.6252667546241
6269.267355566476
6270.3491488745558
6271.1487717572982
6271.9643633959813
6272.5861829807154
6274.619334058124
6275.1339819844598
6275.8466938883266
6276.916164708131
6277.2291948826887
6278.6075957088842
6279.1224620960411
6279.9931486653932
6281.4060479665395
6282.2758129099802
6283.2204079016838
6284.0542802780283
6284.7884111190415
6285.8990706629884
6287.1737430243511
6287.4259529408155
6288.2112454093303
6289.11483189308
6290.0370065991301
6291.5496520245597
6292.3299148685974
6293.2973357198671
6294.3493296539846
6295.0061813059765
6295.221568857196
6296.546591927774
6297.7712558645735
6298.4586901604534
6299.1727455744995
6300.3748873808227
6301.3832208777103
6302.2302597397793
6303.4907716134285
6303.9491793886173
6304.9003918517083
6305.7478583861102
6306.557291346392
6307.1447208755226
6308.2538245158576
6309.9398100251283
6310.8377560451017
6311.2010657502833
6311.8793971954019
6313.3210214668252
6313.8259119462709
6315.0310087232119
6315.4839798562753
6316.7696008663379
6317.2557600986156
6318.6031431269957
6319.3824786118612
6320.9188803378056
6321.4154998021468
6322.1181866943107
6323.1825944448683
6323.6890612239367
6324.3485034937812
6325.9911573318868
6326.5506986059763
6327.7093295960576
6328.7689715019242
6329.665095498508
6330.2404063554959
6331.1084247552699
